PLAYER_ID,def_2 Pointers_freq,def_3 Pointers_freq,def_Greater_Than_15_Ft_freq,def_Less_Than_10_Ft_freq,def_Less_Than_6_Ft_freq,def_2 Pointers_dfgm,def_3 Pointers_dfgm,def_Greater_Than_15_Ft_dfgm,def_Less_Than_10_Ft_dfgm,def_Less_Than_6_Ft_dfgm,def_2 Pointers_dfga,def_3 Pointers_dfga,def_Greater_Than_15_Ft_dfga,def_Less_Than_10_Ft_dfga,def_Less_Than_6_Ft_dfga,def_2 Pointers_plus_minus,def_3 Pointers_plus_minus,def_Greater_Than_15_Ft_plus_minus,def_Less_Than_10_Ft_plus_minus,def_Less_Than_6_Ft_plus_minus
1713,0.583,0.41700000000000004,0.539,0.40399999999999997,0.342,1.52,1.07,1.32,1.21,1.05,3.32,2.38,3.07,2.3,1.95,-0.063,0.098,0.071,-0.052000000000000005,-0.084
1717,0.782,0.218,0.369,0.5670000000000001,0.43700000000000006,3.87,0.8,1.38,3.07,2.57,7.47,2.08,3.53,5.42,4.17,-0.01,0.03,0.022000000000000002,-0.011000000000000001,-0.01
1891,0.606,0.39399999999999996,0.5760000000000001,0.34,0.271,1.45,0.55,0.81,1.02,0.83,2.62,1.7,2.49,1.47,1.17,0.059000000000000004,-0.032,-0.042,0.146,0.095
1938,0.611,0.389,0.55,0.33399999999999996,0.23399999999999999,1.52,0.58,0.92,0.94,0.73,3.14,2.0,2.83,1.72,1.2,-0.025,-0.07200000000000001,-0.043,-0.02,-0.013000000000000001
2037,0.523,0.47700000000000004,0.639,0.281,0.214,1.17,0.68,0.97,0.78,0.64,1.94,1.77,2.36,1.04,0.79,0.10800000000000001,0.027000000000000003,0.045,0.193,0.198
2199,0.865,0.135,0.29,0.634,0.473,4.52,0.52,1.13,3.65,2.98,8.74,1.37,2.93,6.41,4.78,-0.008,0.013999999999999999,0.013000000000000001,-0.004,0.0
2200,0.856,0.14400000000000002,0.309,0.596,0.47,4.06,0.57,1.27,2.92,2.43,8.7,1.47,3.14,6.06,4.78,-0.049,0.03,0.033,-0.084,-0.106
2207,0.593,0.40700000000000003,0.5429999999999999,0.382,0.294,2.15,0.96,1.27,1.67,1.47,4.29,2.95,3.93,2.76,2.13,-0.006,-0.027999999999999997,-0.044000000000000004,0.044000000000000004,0.08
2210,0.516,0.484,0.6940000000000001,0.29,0.161,0.94,0.94,1.24,0.59,0.35,1.88,1.76,2.53,1.06,0.59,-0.011000000000000001,0.185,0.124,-0.009000000000000001,-0.039
2216,0.735,0.265,0.4,0.546,0.445,4.24,1.0,1.51,3.46,2.92,7.0,2.53,3.81,5.2,4.24,0.077,0.034,0.024,0.084,0.062
2225,0.598,0.402,0.598,0.28300000000000003,0.17300000000000001,1.55,0.64,1.07,0.93,0.71,2.76,1.85,2.76,1.31,0.8,0.057,-0.017,0.023,0.142,0.247
2403,0.695,0.305,0.466,0.48200000000000004,0.35700000000000004,2.42,0.63,1.04,1.83,1.48,4.9,2.15,3.29,3.4,2.52,-0.013000000000000001,-0.071,-0.054000000000000006,-0.017,-0.021
2544,0.623,0.377,0.501,0.436,0.34600000000000003,3.43,1.54,2.16,2.51,2.09,6.93,4.18,5.56,4.84,3.84,-0.013000000000000001,0.005,0.016,-0.044000000000000004,-0.07200000000000001
2546,0.631,0.369,0.511,0.418,0.32299999999999995,3.89,1.34,2.0,2.91,2.5,6.95,4.07,5.63,4.61,3.55,0.043,-0.032,-0.016,0.057999999999999996,0.077
2548,0.58,0.42,0.545,0.38,0.292,2.15,1.01,1.31,1.64,1.39,4.42,3.19,4.15,2.9,2.22,-0.019,-0.034,-0.046,0.006,0.008
2555,0.81,0.19,0.28600000000000003,0.619,0.429,0.82,0.09,0.09,0.73,0.64,1.55,0.36,0.55,1.18,0.82,0.01,-0.105,-0.19699999999999998,0.053,0.161
2561,0.76,0.24,0.401,0.519,0.40299999999999997,2.38,0.55,0.99,1.81,1.53,5.37,1.7,2.84,3.67,2.85,-0.07200000000000001,-0.032,-0.018000000000000002,-0.07400000000000001,-0.077
2570,1.0,0.0,0.33299999999999996,0.667,0.667,2.0,0.0,0.0,2.0,2.0,3.0,0.0,1.0,2.0,2.0,0.175,0.0,-0.278,0.46,0.419
2585,0.7829999999999999,0.217,0.35600000000000004,0.5760000000000001,0.47200000000000003,3.33,0.65,1.17,2.59,2.26,6.13,1.7,2.78,4.51,3.7,0.022000000000000002,0.027000000000000003,0.047,0.004,-0.006999999999999999
2594,0.5820000000000001,0.418,0.531,0.395,0.308,2.42,1.12,1.38,1.89,1.63,4.56,3.27,4.16,3.1,2.41,0.032,-0.022000000000000002,-0.043,0.055,0.07
2617,0.677,0.32299999999999995,0.387,0.581,0.419,0.82,0.18,0.27,0.64,0.55,1.91,0.91,1.09,1.64,1.18,-0.09,-0.179,-0.132,-0.175,-0.125
2730,0.8,0.2,0.34700000000000003,0.551,0.402,4.63,0.8,1.48,3.36,2.61,9.04,2.26,3.93,6.23,4.54,-0.012,0.001,0.001,-0.03,-0.046
2731,0.87,0.13,0.264,0.62,0.486,3.38,0.46,1.04,2.35,1.92,6.96,1.04,2.12,4.96,3.88,-0.043,0.08900000000000001,0.11900000000000001,-0.10099999999999999,-0.134
2733,0.645,0.355,0.545,0.35200000000000004,0.256,1.58,0.67,1.04,0.99,0.81,3.29,1.81,2.78,1.8,1.3,-0.004,0.008,0.006,0.004,0.02
2734,0.5670000000000001,0.433,0.611,0.278,0.204,1.56,0.97,1.36,0.94,0.74,3.14,2.4,3.39,1.54,1.13,-0.006,0.045,0.03,0.043,0.037000000000000005
2736,0.6920000000000001,0.308,0.308,0.6920000000000001,0.462,3.0,3.0,3.0,3.0,3.0,9.0,4.0,4.0,9.0,6.0,-0.188,0.382,0.35600000000000004,-0.231,-0.13699999999999998
2738,0.573,0.42700000000000005,0.5670000000000001,0.363,0.262,2.09,0.89,1.25,1.53,1.3,4.17,3.11,4.13,2.64,1.91,-0.003,-0.073,-0.068,0.016,0.06
2744,0.8690000000000001,0.131,0.258,0.6459999999999999,0.485,3.0,0.31,0.69,2.42,1.97,5.53,0.83,1.64,4.11,3.08,0.023,0.02,0.055,0.019,0.015
2746,0.667,0.33299999999999996,0.833,0.16699999999999998,0.0,1.0,0.5,1.5,0.0,0.0,2.0,1.0,2.5,0.5,0.0,-0.08,0.16,0.215,-0.754,0.0
2747,0.502,0.498,0.625,0.321,0.259,2.45,1.4,1.91,1.75,1.46,4.06,4.04,5.06,2.6,2.1,0.09699999999999999,-0.021,-0.001,0.11,0.084
2749,0.597,0.40299999999999997,0.609,0.28,0.19699999999999998,2.06,0.96,1.46,1.21,0.9,4.04,2.73,4.13,1.9,1.33,0.021,-0.004,-0.016,0.08199999999999999,0.064
2754,0.523,0.47700000000000004,0.557,0.386,0.261,1.29,0.57,0.76,0.95,0.81,2.19,2.0,2.33,1.62,1.1,0.08199999999999999,-0.063,-0.042,0.038,0.125
2772,0.5920000000000001,0.408,0.515,0.425,0.332,2.85,0.92,1.32,2.24,1.88,4.76,3.27,4.14,3.41,2.67,0.08800000000000001,-0.076,-0.052000000000000005,0.08900000000000001,0.084
2863,0.614,0.386,0.523,0.386,0.295,0.87,0.27,0.33,0.67,0.67,1.8,1.13,1.53,1.13,0.87,-0.001,-0.107,-0.131,0.040999999999999995,0.174
101107,0.67,0.33,0.501,0.424,0.337,3.36,0.96,1.63,2.42,2.04,6.14,3.03,4.59,3.88,3.09,0.032,-0.045,-0.02,0.053,0.038
101108,0.623,0.377,0.46299999999999997,0.446,0.353,3.52,1.36,1.71,2.76,2.41,6.36,3.84,4.72,4.55,3.6,0.042,-0.01,-0.013000000000000001,0.039,0.051
101109,0.603,0.397,0.52,0.385,0.265,1.61,0.63,0.98,1.13,0.91,3.08,2.03,2.65,1.96,1.35,0.026000000000000002,-0.046,0.0,0.023,0.069
101112,0.754,0.24600000000000002,0.387,0.514,0.408,2.69,0.69,1.06,2.14,1.76,4.92,1.61,2.53,3.35,2.67,0.038,0.08199999999999999,0.053,0.086,0.065
101123,0.642,0.358,0.47700000000000004,0.467,0.371,2.83,0.88,1.18,2.3,1.88,4.85,2.7,3.6,3.53,2.8,0.08800000000000001,-0.05,-0.05,0.10099999999999999,0.073
101127,0.526,0.474,0.655,0.267,0.195,2.41,1.46,2.18,1.38,1.1,4.33,3.9,5.39,2.2,1.61,0.06,0.012,0.032,0.064,0.065
101133,0.789,0.21100000000000002,0.34700000000000003,0.584,0.42,2.68,0.45,0.86,2.04,1.66,5.49,1.47,2.42,4.06,2.92,-0.034,-0.044000000000000004,-0.016,-0.066,-0.047
101139,0.57,0.43,0.5660000000000001,0.37,0.225,1.27,0.61,0.9,0.9,0.71,2.57,1.94,2.56,1.67,1.01,-0.009000000000000001,-0.039,-0.011000000000000001,-0.024,0.077
101141,0.721,0.27899999999999997,0.434,0.504,0.368,3.26,1.01,1.52,2.55,1.97,6.84,2.65,4.12,4.78,3.49,-0.035,0.027000000000000003,0.004,-0.031,-0.053
101150,0.525,0.475,0.65,0.26899999999999996,0.215,2.32,1.35,2.0,1.5,1.28,4.36,3.95,5.4,2.23,1.78,0.028999999999999998,-0.017,-0.001,0.109,0.10300000000000001
101161,0.831,0.16899999999999998,0.263,0.654,0.517,2.91,0.39,0.59,2.46,2.11,6.09,1.24,1.93,4.8,3.8,-0.039,-0.043,-0.065,-0.049,-0.054000000000000006
101162,0.8240000000000001,0.17600000000000002,0.304,0.615,0.47100000000000003,5.26,0.83,1.44,4.27,3.54,10.4,2.22,3.84,7.77,5.94,-0.017,0.01,-0.003,-0.021,-0.027000000000000003
101181,0.623,0.377,0.5489999999999999,0.401,0.276,2.12,0.92,1.35,1.61,1.22,4.12,2.49,3.63,2.65,1.82,0.027999999999999997,0.018000000000000002,0.004,0.073,0.077
200746,0.755,0.245,0.431,0.488,0.345,4.64,1.26,2.23,3.08,2.42,10.18,3.3,5.81,6.58,4.65,-0.064,0.02,0.01,-0.10099999999999999,-0.099
200752,0.633,0.36700000000000005,0.503,0.43799999999999994,0.33899999999999997,2.37,1.09,1.49,1.79,1.46,5.14,2.98,4.09,3.56,2.75,-0.044000000000000004,0.001,-0.005,-0.063,-0.084
200755,0.586,0.414,0.599,0.287,0.185,2.3,1.17,1.72,1.39,1.04,4.59,3.25,4.7,2.25,1.45,0.003,-0.001,-0.011000000000000001,0.061,0.102
200757,0.612,0.38799999999999996,0.519,0.395,0.285,2.47,1.11,1.37,1.89,1.47,4.68,2.97,3.97,3.03,2.18,0.01,0.013999999999999999,-0.027999999999999997,0.045,0.04
200765,0.5660000000000001,0.434,0.597,0.315,0.23199999999999998,2.38,1.11,1.66,1.52,1.22,4.08,3.13,4.3,2.27,1.67,0.08800000000000001,-0.003,0.013999999999999999,0.111,0.12300000000000001
200768,0.636,0.364,0.535,0.345,0.261,3.39,1.31,2.09,2.08,1.73,6.94,3.97,5.83,3.77,2.84,-0.006,-0.035,-0.019,-0.002,0.001
200782,0.638,0.36200000000000004,0.49200000000000005,0.436,0.34299999999999997,3.56,1.27,1.78,2.7,2.28,6.2,3.51,4.78,4.23,3.33,0.065,0.003,0.004,0.071,0.066
200794,0.7090000000000001,0.29100000000000004,0.419,0.509,0.41100000000000003,4.59,1.51,2.22,3.43,2.78,10.05,4.14,5.95,7.22,5.84,-0.061,0.004,0.0,-0.09699999999999999,-0.14400000000000002
200826,0.5660000000000001,0.434,0.637,0.259,0.153,2.34,1.34,2.03,1.29,0.9,4.18,3.21,4.71,1.91,1.13,0.073,0.059000000000000004,0.062,0.121,0.184
201142,0.649,0.35100000000000003,0.485,0.446,0.359,3.64,1.45,1.97,2.79,2.46,7.85,4.24,5.87,5.39,4.34,-0.048,-0.015,-0.031,-0.05,-0.053
201143,0.75,0.25,0.42700000000000005,0.49,0.35700000000000004,5.01,1.26,2.25,3.62,2.93,11.51,3.83,6.55,7.51,5.48,-0.076,-0.032,-0.031,-0.087,-0.087
201144,0.555,0.445,0.63,0.27699999999999997,0.218,2.5,1.42,2.0,1.75,1.42,5.5,4.42,6.25,2.75,2.17,-0.046,-0.046,-0.047,0.08199999999999999,0.036000000000000004
201145,0.627,0.373,0.513,0.43200000000000005,0.319,3.13,1.22,1.79,2.36,1.87,5.99,3.56,4.9,4.13,3.05,0.01,-0.015,-0.003,0.006,-0.002
201147,0.536,0.46399999999999997,0.621,0.325,0.247,1.89,1.14,1.61,1.3,1.07,3.41,2.96,3.96,2.07,1.57,0.048,0.025,0.035,0.062,0.064
201148,0.8140000000000001,0.18600000000000003,0.295,0.628,0.465,1.85,0.33,0.59,1.48,1.19,3.89,0.89,1.41,3.0,2.22,-0.043,0.013999999999999999,0.045,-0.076,-0.081
201149,0.8420000000000001,0.158,0.42100000000000004,0.474,0.263,0.83,0.17,0.5,0.5,0.5,2.67,0.5,1.33,1.5,0.83,-0.20600000000000002,-0.008,0.0,-0.213,-0.004
201152,0.595,0.405,0.552,0.37,0.275,3.98,1.86,2.53,2.85,2.3,7.57,5.15,7.02,4.7,3.49,0.006,0.0,-0.013000000000000001,0.03,0.025
201156,0.613,0.387,0.555,0.377,0.298,1.76,0.8,1.05,1.36,1.16,3.19,2.01,2.89,1.96,1.55,0.05,0.047,0.002,0.13,0.132
201158,0.518,0.48200000000000004,0.634,0.287,0.191,1.89,1.16,1.61,1.23,1.01,3.41,3.16,4.16,1.89,1.25,0.053,0.012,0.019,0.085,0.19
201160,0.586,0.414,0.517,0.431,0.345,1.21,0.46,0.57,0.96,0.86,2.43,1.71,2.14,1.79,1.43,0.005,-0.08199999999999999,-0.09,0.003,0.024
201162,0.622,0.37799999999999995,0.496,0.435,0.32899999999999996,2.15,0.68,0.96,1.64,1.34,3.26,1.98,2.6,2.28,1.72,0.149,-0.004,0.006,0.153,0.158
201163,0.597,0.40299999999999997,0.555,0.361,0.272,2.62,1.38,2.03,1.68,1.41,5.61,3.78,5.22,3.39,2.55,-0.040999999999999995,0.003,0.015,-0.076,-0.07200000000000001
201166,0.485,0.515,0.621,0.33299999999999996,0.212,0.95,0.7,0.8,0.8,0.5,1.6,1.7,2.05,1.1,0.7,0.094,0.07,0.038,0.17,0.12
201167,0.595,0.405,0.5589999999999999,0.359,0.251,1.04,0.67,0.82,0.76,0.59,2.37,1.61,2.22,1.43,1.0,-0.06,0.06,-0.004,-0.031,-0.026000000000000002
201188,0.8340000000000001,0.166,0.316,0.631,0.53,5.07,0.74,1.4,4.19,3.82,10.36,2.07,3.93,7.84,6.59,-0.037000000000000005,-0.008,-0.02,-0.040999999999999995,-0.044000000000000004
201196,0.511,0.489,0.63,0.326,0.272,1.29,0.33,0.5,1.04,0.83,1.96,1.88,2.42,1.25,1.04,0.17,-0.172,-0.151,0.282,0.2
201229,0.66,0.34,0.479,0.43799999999999994,0.331,2.65,0.95,1.43,1.89,1.56,5.7,2.94,4.14,3.78,2.86,-0.047,-0.034,-0.022000000000000002,-0.071,-0.075
201281,0.43799999999999994,0.563,0.625,0.313,0.188,1.5,2.0,2.0,1.5,1.5,3.5,4.5,5.0,2.5,1.5,-0.111,0.087,0.026000000000000002,0.02,0.401
201563,0.628,0.37200000000000005,0.49,0.451,0.35600000000000004,2.68,1.3,1.68,2.1,1.73,5.24,3.1,4.08,3.76,2.97,-0.005,0.057,0.037000000000000005,-0.006,-0.033
201565,0.696,0.304,0.466,0.43200000000000005,0.297,2.32,0.68,1.12,1.56,1.16,4.12,1.8,2.76,2.56,1.76,0.055999999999999994,0.021,0.034,0.042,0.040999999999999995
201566,0.598,0.402,0.5429999999999999,0.37799999999999995,0.311,2.5,1.18,1.6,1.77,1.55,4.88,3.28,4.44,3.09,2.54,0.002,-0.005,-0.016,0.008,-0.006999999999999999
201567,0.789,0.21100000000000002,0.315,0.605,0.467,5.32,1.02,1.56,4.24,3.59,9.46,2.53,3.78,7.25,5.59,0.045,0.032,0.03,0.012,0.016
201568,0.648,0.35200000000000004,0.502,0.431,0.324,3.81,1.48,2.05,2.76,2.29,7.81,4.24,6.05,5.19,3.9,-0.022000000000000002,-0.023,-0.04,-0.036000000000000004,-0.037000000000000005
201569,0.525,0.475,0.607,0.305,0.192,1.96,1.1,1.48,1.36,1.01,3.97,3.59,4.59,2.3,1.45,-0.012,-0.053,-0.05,0.031,0.085
201571,0.602,0.39799999999999996,0.602,0.28300000000000003,0.196,2.0,1.0,1.53,1.15,0.92,3.91,2.58,3.91,1.84,1.27,0.025,0.033,0.025,0.08,0.11900000000000001
201572,0.794,0.20600000000000002,0.34600000000000003,0.57,0.426,4.56,0.93,1.76,3.33,2.78,9.51,2.47,4.15,6.83,5.11,-0.039,0.02,0.05,-0.085,-0.08199999999999999
201573,0.585,0.415,0.605,0.278,0.18100000000000002,2.26,1.21,1.79,1.16,0.87,4.61,3.26,4.76,2.18,1.42,-0.008,0.009000000000000001,0.001,-0.02,0.01
201577,0.823,0.177,0.358,0.569,0.429,5.03,0.78,1.79,3.62,2.84,9.87,2.13,4.3,6.83,5.14,-0.017,0.003,0.040999999999999995,-0.044000000000000004,-0.07200000000000001
201578,0.759,0.24100000000000002,0.402,0.527,0.426,2.71,0.54,0.96,2.04,1.79,5.31,1.69,2.81,3.69,2.98,-0.006999999999999999,-0.012,-0.001,-0.011000000000000001,-0.006
201580,0.7829999999999999,0.217,0.386,0.568,0.434,2.23,0.43,0.8,1.72,1.34,4.49,1.25,2.22,3.26,2.49,-0.012,0.0,-0.001,-0.033,-0.073
201583,0.723,0.27699999999999997,0.44,0.48,0.35200000000000004,3.06,1.02,1.42,2.35,1.98,6.59,2.53,4.02,4.38,3.21,-0.039,0.042,-0.015,-0.019,0.01
201584,0.565,0.435,0.634,0.289,0.203,2.52,1.35,2.0,1.6,1.31,4.77,3.68,5.36,2.44,1.72,0.025,0.0,-0.006,0.09300000000000001,0.141
201585,0.8170000000000001,0.183,0.305,0.627,0.469,3.01,0.49,0.85,2.45,2.01,6.04,1.35,2.25,4.63,3.46,-0.035,0.01,0.006999999999999999,-0.054000000000000006,-0.046
201586,0.723,0.27699999999999997,0.43700000000000006,0.493,0.397,3.89,1.14,1.86,2.83,2.45,7.68,2.95,4.64,5.24,4.22,-0.001,0.03,0.027999999999999997,-0.025,-0.043
201587,0.615,0.385,0.5710000000000001,0.33899999999999997,0.261,2.56,1.42,2.08,1.66,1.36,5.05,3.16,4.69,2.78,2.14,0.003,0.081,0.063,0.03,0.017
201588,0.5539999999999999,0.446,0.58,0.364,0.272,2.48,1.4,1.79,1.94,1.61,4.75,3.82,4.97,3.12,2.33,0.016,0.004,-0.013000000000000001,0.057,0.068
201589,0.836,0.16399999999999998,0.255,0.655,0.564,1.88,0.19,0.38,1.56,1.31,2.88,0.56,0.88,2.25,1.94,0.127,-0.024,0.055999999999999994,0.12,0.036000000000000004
201596,0.568,0.43200000000000005,0.5479999999999999,0.337,0.248,1.86,0.8,1.05,1.38,1.17,3.5,2.67,3.38,2.08,1.53,0.035,-0.057,-0.062,0.102,0.146
201599,0.782,0.218,0.389,0.514,0.373,4.63,0.92,1.74,3.34,2.75,9.49,2.64,4.72,6.24,4.53,-0.036000000000000004,-0.006999999999999999,-0.006999999999999999,-0.038,-0.015
201600,0.83,0.17,0.34,0.57,0.51,2.47,0.18,0.53,2.12,1.94,4.88,1.0,2.0,3.35,3.0,-0.012,-0.175,-0.113,0.069,0.04
201601,0.645,0.355,0.479,0.44299999999999995,0.34600000000000003,2.98,1.08,1.49,2.34,1.95,5.87,3.23,4.36,4.03,3.15,-0.003,-0.026000000000000002,-0.027999999999999997,0.018000000000000002,0.013000000000000001
201609,0.7090000000000001,0.29100000000000004,0.434,0.465,0.311,2.64,0.83,1.31,1.94,1.53,5.99,2.46,3.67,3.93,2.63,-0.055,-0.027000000000000003,-0.021,-0.057,-0.026000000000000002
201628,0.5,0.5,0.643,0.321,0.214,0.62,0.46,0.54,0.46,0.38,1.08,1.08,1.38,0.69,0.46,0.113,0.10400000000000001,0.068,0.171,0.255
201933,0.619,0.381,0.522,0.391,0.327,4.41,1.81,2.62,3.1,2.71,8.71,5.36,7.34,5.5,4.6,-0.009000000000000001,-0.024,-0.013999999999999999,-0.003,-0.034
201935,0.607,0.39299999999999996,0.526,0.39,0.282,3.82,1.89,2.53,2.86,2.29,7.49,4.85,6.49,4.81,3.47,-0.002,0.026000000000000002,0.017,0.026000000000000002,0.038
201936,0.516,0.484,0.622,0.317,0.25,2.21,1.35,1.87,1.56,1.37,4.33,4.06,5.21,2.65,2.1,0.002,-0.024,-0.01,0.022000000000000002,0.033
201937,0.6629999999999999,0.337,0.5429999999999999,0.345,0.255,3.34,1.35,2.16,2.13,1.73,6.22,3.16,5.09,3.23,2.39,0.037000000000000005,0.07400000000000001,0.052000000000000005,0.094,0.105
201939,0.59,0.41,0.56,0.355,0.24,2.75,1.27,1.75,2.0,1.57,5.02,3.49,4.76,3.02,2.04,0.052000000000000005,0.005,-0.005,0.114,0.166
201942,0.633,0.36700000000000005,0.545,0.33799999999999997,0.23800000000000002,2.21,1.05,1.53,1.39,1.15,4.61,2.68,3.98,2.46,1.74,-0.022000000000000002,0.026000000000000002,0.005,0.001,0.043
201943,0.69,0.31,0.397,0.517,0.36200000000000004,1.62,0.69,0.85,1.46,1.31,3.08,1.38,1.77,2.31,1.62,0.018000000000000002,0.18600000000000003,0.131,0.07,0.19399999999999998
201949,0.632,0.368,0.501,0.431,0.314,3.14,1.24,1.85,2.21,1.83,6.15,3.58,4.87,4.2,3.06,-0.006,-0.015,0.003,-0.042,-0.022000000000000002
201950,0.544,0.456,0.64,0.281,0.215,3.79,2.28,3.31,2.34,2.05,7.74,6.48,9.1,4.0,3.06,-0.013999999999999999,-0.012,-0.011000000000000001,0.023,0.057999999999999996
201952,0.563,0.43700000000000006,0.596,0.313,0.23600000000000002,2.91,1.53,2.24,1.84,1.56,5.34,4.14,5.66,2.97,2.24,0.047,0.011000000000000001,0.023,0.066,0.087
201954,0.494,0.506,0.6579999999999999,0.243,0.16,2.03,1.42,1.84,1.23,0.93,3.86,3.94,5.13,1.9,1.25,0.03,0.001,-0.011000000000000001,0.09699999999999999,0.13699999999999998
201956,0.73,0.27,0.444,0.516,0.38299999999999995,1.7,0.36,0.64,1.32,1.14,3.62,1.34,2.2,2.56,1.9,-0.03,-0.091,-0.076,-0.04,-0.011000000000000001
201959,0.649,0.35100000000000003,0.507,0.435,0.35,4.24,1.7,2.45,3.22,2.76,8.27,4.48,6.46,5.55,4.46,-0.004,0.019,0.008,0.008,-0.002
201960,0.7170000000000001,0.28300000000000003,0.439,0.478,0.395,4.18,1.21,1.97,3.07,2.72,8.13,3.21,4.97,5.42,4.48,0.002,0.01,0.018000000000000002,-0.006,-0.023
201961,0.55,0.45,0.588,0.316,0.213,1.93,1.27,1.64,1.23,0.93,3.83,3.13,4.09,2.2,1.48,0.003,0.039,0.023,-0.005,0.008
201967,0.735,0.265,0.42,0.48700000000000004,0.358,3.32,0.92,1.49,2.33,1.88,6.04,2.18,3.45,4.0,2.95,0.036000000000000004,0.055,0.057,0.013000000000000001,0.015
201973,0.703,0.297,0.504,0.39899999999999997,0.31,1.95,0.63,1.07,1.27,0.96,3.67,1.55,2.63,2.08,1.62,0.015,0.055999999999999994,0.04,0.036000000000000004,-0.03
201975,0.5820000000000001,0.418,0.56,0.366,0.24,1.36,0.73,0.97,1.01,0.78,2.55,1.84,2.46,1.61,1.05,0.039,0.033,0.023,0.079,0.145
201976,0.579,0.42100000000000004,0.632,0.237,0.175,3.45,1.73,3.0,1.36,1.09,6.0,4.36,6.55,2.45,1.82,0.08900000000000001,0.053,0.084,0.011000000000000001,-0.005
201980,0.6709999999999999,0.32899999999999996,0.473,0.435,0.321,3.79,1.23,1.84,2.79,2.29,7.39,3.61,5.2,4.79,3.53,0.002,-0.024,-0.023,0.013999999999999999,0.025
201988,0.595,0.405,0.602,0.29,0.19,2.18,0.98,1.61,1.2,0.85,4.05,2.76,4.1,1.98,1.29,0.040999999999999995,-0.004,0.022000000000000002,0.04,0.038
202066,0.519,0.48100000000000004,0.617,0.337,0.25,2.06,1.54,1.97,1.46,1.26,4.15,3.85,4.94,2.69,2.0,-0.008,0.035,0.027000000000000003,-0.017,0.019
202083,0.5670000000000001,0.433,0.639,0.248,0.15,2.55,1.26,2.0,1.29,0.98,4.94,3.77,5.56,2.16,1.31,0.011000000000000001,-0.032,-0.018000000000000002,0.027000000000000003,0.129
202322,0.6559999999999999,0.344,0.511,0.391,0.31,3.32,1.17,1.76,2.29,2.1,7.17,3.76,5.59,4.27,3.39,-0.04,-0.049,-0.06,-0.021,0.008
202323,0.624,0.376,0.56,0.326,0.228,2.59,1.14,1.9,1.5,1.1,5.35,3.22,4.79,2.79,1.95,-0.02,-0.012,0.019,-0.024,-0.045
202324,0.779,0.221,0.373,0.5479999999999999,0.43700000000000006,4.32,0.96,1.61,3.27,2.73,9.35,2.65,4.48,6.57,5.25,-0.055999999999999994,0.002,-0.013000000000000001,-0.07200000000000001,-0.10400000000000001
202325,0.65,0.35,0.494,0.44,0.348,2.77,1.17,1.62,2.14,1.89,5.39,2.9,4.1,3.65,2.89,0.002,0.034,0.018000000000000002,0.017,0.034
202326,0.8170000000000001,0.183,0.335,0.596,0.45799999999999996,6.81,1.23,2.31,5.19,4.5,13.69,3.06,5.6,9.98,7.67,-0.022000000000000002,0.04,0.033,-0.046,-0.027999999999999997
202327,0.7959999999999999,0.204,0.324,0.623,0.494,2.43,0.39,0.7,2.0,1.67,5.23,1.34,2.13,4.1,3.25,-0.046,-0.052000000000000005,-0.023,-0.068,-0.09
202328,0.884,0.11599999999999999,0.249,0.6859999999999999,0.57,4.62,0.32,0.94,3.7,3.32,8.38,1.1,2.36,6.5,5.4,0.035,-0.047,0.028999999999999998,0.002,-0.002
202329,0.6890000000000001,0.311,0.457,0.475,0.361,3.99,1.25,2.03,2.88,2.34,8.03,3.62,5.32,5.53,4.21,-0.028999999999999998,-0.018000000000000002,0.006,-0.059000000000000004,-0.07400000000000001
202330,1.0,0.0,0.0,1.0,1.0,1.0,0.0,0.0,1.0,1.0,1.0,0.0,0.0,1.0,1.0,0.527,0.0,0.0,0.455,0.368
202331,0.5820000000000001,0.418,0.534,0.4,0.324,4.04,2.03,2.55,3.18,2.78,7.15,5.13,6.56,4.91,3.97,0.046,0.027999999999999997,0.01,0.07200000000000001,0.07
202332,0.667,0.33299999999999996,0.5,0.444,0.278,0.75,0.17,0.33,0.5,0.33,1.0,0.5,0.75,0.67,0.42,0.237,-0.043,0.111,0.21,0.153
202334,0.843,0.157,0.27399999999999997,0.6609999999999999,0.509,3.38,0.51,0.88,2.78,2.3,6.82,1.27,2.22,5.35,4.12,-0.028999999999999998,0.043,0.023,-0.049,-0.06
202335,0.708,0.292,0.43799999999999994,0.489,0.361,2.09,0.64,1.04,1.58,1.32,4.1,1.69,2.54,2.83,2.09,-0.004,0.018000000000000002,0.04,-0.006999999999999999,0.016
202337,0.652,0.348,0.488,0.447,0.345,2.51,0.87,1.32,1.85,1.53,4.47,2.38,3.34,3.06,2.36,0.059000000000000004,0.013000000000000001,0.035,0.043,0.039
202339,0.579,0.42100000000000004,0.555,0.361,0.281,2.82,1.7,2.11,2.08,1.77,5.86,4.26,5.62,3.66,2.85,-0.017,0.037000000000000005,0.0,0.016,0.013999999999999999
202340,0.529,0.47100000000000003,0.627,0.293,0.21,2.54,1.63,2.2,1.63,1.39,4.72,4.2,5.59,2.61,1.87,0.028999999999999998,0.024,0.013000000000000001,0.055999999999999994,0.125
202344,0.64,0.36,0.523,0.4,0.289,2.19,0.76,1.21,1.52,1.18,4.33,2.43,3.54,2.7,1.96,-0.006999999999999999,-0.045,-0.026000000000000002,0.002,-0.008
202347,0.509,0.491,0.6729999999999999,0.29100000000000004,0.23600000000000002,0.6,0.6,0.65,0.5,0.4,1.4,1.35,1.85,0.8,0.65,-0.068,0.107,0.004,0.055,0.017
202348,0.588,0.41200000000000003,0.47100000000000003,0.41200000000000003,0.41200000000000003,1.75,1.25,1.25,1.5,1.5,2.5,1.75,2.0,1.75,1.75,0.195,0.35100000000000003,0.255,0.29,0.23600000000000002
202355,0.875,0.125,0.22899999999999998,0.7090000000000001,0.5479999999999999,4.46,0.57,1.11,3.7,3.15,9.35,1.33,2.44,7.57,5.85,-0.051,0.075,0.08199999999999999,-0.08800000000000001,-0.08900000000000001
202357,0.6759999999999999,0.324,0.44299999999999995,0.496,0.40299999999999997,2.94,0.91,1.3,2.39,2.13,5.76,2.76,3.78,4.22,3.43,-0.002,-0.037000000000000005,-0.031,0.006,0.013999999999999999
202362,0.541,0.45899999999999996,0.621,0.295,0.228,1.71,0.84,1.34,1.02,0.9,2.89,2.45,3.32,1.57,1.22,0.087,-0.015,0.037000000000000005,0.091,0.129
202379,0.0,1.0,1.0,0.0,0.0,0.0,0.0,0.0,0.0,0.0,0.0,2.0,2.0,0.0,0.0,0.0,-0.257,-0.242,0.0,0.0
202389,0.802,0.198,0.34600000000000003,0.5489999999999999,0.37,2.03,0.45,0.9,1.31,1.03,4.48,1.1,1.93,3.07,2.07,-0.07,0.067,0.10099999999999999,-0.138,-0.114
202391,0.556,0.444,0.444,0.556,0.444,5.0,1.0,1.0,5.0,4.0,5.0,4.0,4.0,5.0,4.0,0.485,-0.11,-0.132,0.42100000000000004,0.37799999999999995
202397,0.591,0.409,0.568,0.326,0.228,2.63,1.27,1.75,1.75,1.31,5.37,3.72,5.16,2.96,2.07,-0.006999999999999999,-0.018000000000000002,-0.033,0.035,0.024
202498,0.5660000000000001,0.434,0.595,0.32799999999999996,0.24600000000000002,1.49,0.78,1.1,0.96,0.82,3.15,2.41,3.31,1.82,1.37,-0.043,-0.037000000000000005,-0.035,-0.043,-0.019
202681,0.648,0.35200000000000004,0.519,0.368,0.27399999999999997,3.31,1.18,1.8,2.2,1.89,6.05,3.29,4.85,3.44,2.56,0.046,-0.008,-0.006999999999999999,0.08199999999999999,0.132
202682,0.0,1.0,1.0,0.0,0.0,0.0,0.0,0.0,0.0,0.0,0.0,1.0,1.0,0.0,0.0,0.0,-0.397,-0.441,0.0,0.0
202683,0.838,0.162,0.307,0.609,0.45399999999999996,5.51,0.89,1.74,4.1,3.37,10.31,2.0,3.79,7.5,5.59,0.016,0.08199999999999999,0.083,-0.023,-0.018000000000000002
202684,0.736,0.264,0.431,0.475,0.374,4.15,1.09,1.87,2.92,2.55,7.57,2.72,4.43,4.89,3.85,0.037000000000000005,0.036000000000000004,0.045,0.037000000000000005,0.046
202685,0.883,0.11699999999999999,0.249,0.6579999999999999,0.48700000000000004,5.01,0.55,1.28,3.82,3.16,10.38,1.38,2.93,7.74,5.72,-0.040999999999999995,0.047,0.066,-0.076,-0.068
202687,0.8370000000000001,0.163,0.266,0.67,0.5329999999999999,3.39,0.51,0.93,2.78,2.41,6.9,1.34,2.2,5.52,4.39,-0.024,0.013000000000000001,0.042,-0.059000000000000004,-0.062
202689,0.604,0.396,0.585,0.282,0.18,4.01,1.89,2.98,2.13,1.66,8.21,5.38,7.95,3.84,2.45,-0.004,-0.011000000000000001,-0.004,0.001,0.067
202691,0.627,0.373,0.51,0.41100000000000003,0.295,3.12,1.53,2.15,2.23,1.92,6.52,3.88,5.3,4.27,3.07,-0.024,0.035,0.033,-0.038,0.013000000000000001
202692,0.595,0.405,0.542,0.39,0.33,1.42,0.74,1.08,0.95,0.89,2.53,1.73,2.31,1.66,1.4,0.062,0.066,0.09300000000000001,0.018000000000000002,0.027999999999999997
202693,0.675,0.325,0.46299999999999997,0.48100000000000004,0.374,3.56,1.12,1.59,2.89,2.34,6.82,3.29,4.68,4.86,3.78,0.003,-0.024,-0.034,0.024,-0.004
202694,0.6729999999999999,0.327,0.496,0.434,0.321,3.23,0.96,1.48,2.52,2.1,6.06,2.94,4.46,3.9,2.88,0.015,-0.027999999999999997,-0.038,0.07,0.105
202695,0.597,0.40299999999999997,0.522,0.44799999999999995,0.373,2.22,0.67,0.89,1.89,1.44,4.44,3.0,3.89,3.33,2.78,-0.008,-0.142,-0.153,0.01,-0.087
202696,0.821,0.179,0.299,0.623,0.48,6.65,0.93,1.68,5.32,4.4,11.91,2.6,4.33,9.04,6.96,0.035,0.008,0.015,0.02,0.013999999999999999
202697,0.5429999999999999,0.457,0.598,0.391,0.337,2.21,1.14,1.71,1.64,1.64,3.57,3.0,3.93,2.57,2.21,0.11699999999999999,0.018000000000000002,0.064,0.08800000000000001,0.141
202699,0.64,0.36,0.479,0.446,0.344,4.82,1.85,2.47,3.78,3.11,9.01,5.06,6.75,6.28,4.84,0.016,0.006,-0.006999999999999999,0.027999999999999997,0.018000000000000002
202702,0.7,0.3,0.43,0.488,0.415,2.61,0.84,1.26,2.1,1.81,4.68,2.0,2.87,3.26,2.77,0.044000000000000004,0.067,0.073,0.083,0.04
202703,0.664,0.336,0.44,0.506,0.384,3.85,1.35,1.73,3.2,2.69,7.55,3.82,5.0,5.75,4.36,-0.002,-0.008,-0.026000000000000002,-0.009000000000000001,-0.005
202704,0.545,0.455,0.6459999999999999,0.265,0.182,2.58,1.56,2.38,1.44,1.09,4.8,4.0,5.69,2.33,1.6,0.033,0.02,0.042,0.052000000000000005,0.057999999999999996
202705,0.48100000000000004,0.519,0.635,0.28800000000000003,0.212,2.33,1.67,2.0,1.67,1.33,4.17,4.5,5.5,2.5,1.83,0.055,0.019,0.0,0.10300000000000001,0.11199999999999999
202709,0.557,0.44299999999999995,0.615,0.311,0.21600000000000003,2.87,1.49,2.24,1.76,1.32,5.35,4.26,5.91,2.99,2.07,0.042,-0.012,0.003,0.040999999999999995,0.031
202710,0.593,0.40700000000000003,0.536,0.38799999999999996,0.319,3.22,1.49,1.98,2.39,2.15,6.34,4.36,5.73,4.15,3.41,-0.002,-0.016,-0.025,0.01,0.017
202711,0.602,0.39799999999999996,0.585,0.342,0.239,3.0,1.34,1.99,2.06,1.62,5.54,3.67,5.39,3.15,2.2,0.033,0.009000000000000001,-0.002,0.08800000000000001,0.115
202713,0.636,0.364,0.455,0.455,0.182,0.5,0.17,0.17,0.5,0.33,1.17,0.67,0.83,0.83,0.33,-0.111,-0.126,-0.17300000000000001,0.034,0.441
202714,0.581,0.419,0.586,0.322,0.24100000000000002,2.12,1.2,1.73,1.36,1.18,4.02,2.89,4.05,2.23,1.67,0.042,0.065,0.064,0.07,0.10800000000000001
202718,0.614,0.386,0.527,0.364,0.266,1.79,0.91,1.26,1.24,1.09,3.32,2.09,2.85,1.97,1.44,0.035,0.064,0.068,0.071,0.14400000000000002
202720,0.807,0.193,0.263,0.7020000000000001,0.614,3.63,0.63,1.0,3.0,2.5,5.75,1.38,1.88,5.0,4.38,0.11599999999999999,0.077,0.14800000000000002,0.032,-0.047
202722,0.695,0.305,0.428,0.493,0.401,2.16,0.6,0.91,1.72,1.49,4.63,2.03,2.85,3.28,2.67,-0.047,-0.054000000000000006,-0.040999999999999995,-0.040999999999999995,-0.054000000000000006
202732,0.6459999999999999,0.354,0.47700000000000004,0.451,0.32799999999999996,1.53,0.64,0.89,1.13,0.85,2.68,1.47,1.98,1.87,1.36,0.08199999999999999,0.063,0.07400000000000001,0.065,0.023
202734,0.667,0.33299999999999996,0.523,0.374,0.282,3.6,1.29,2.06,2.35,1.91,6.61,3.3,5.18,3.71,2.79,0.042,0.027999999999999997,0.021,0.069,0.069
202738,0.603,0.397,0.574,0.33299999999999996,0.20199999999999999,2.68,1.23,1.71,2.0,1.42,5.48,3.61,5.23,3.03,1.84,-0.015,-0.027999999999999997,-0.055999999999999994,0.09699999999999999,0.156
202779,0.544,0.456,0.5920000000000001,0.32799999999999996,0.22399999999999998,1.27,0.73,0.92,0.85,0.62,2.62,2.19,2.85,1.58,1.08,-0.013000000000000001,-0.002,-0.022000000000000002,-0.018000000000000002,-0.043
202933,0.579,0.42100000000000004,0.579,0.298,0.193,0.87,0.47,0.53,0.53,0.47,2.2,1.6,2.2,1.13,0.73,-0.10099999999999999,-0.037000000000000005,-0.106,-0.091,0.035
203076,0.6970000000000001,0.303,0.447,0.491,0.395,4.92,1.6,2.37,3.83,3.33,11.47,4.99,7.35,8.08,6.49,-0.087,-0.040999999999999995,-0.052000000000000005,-0.096,-0.107
203077,0.6409999999999999,0.359,0.529,0.38799999999999996,0.306,3.43,1.64,2.35,2.27,1.96,6.96,3.91,5.74,4.22,3.32,-0.018000000000000002,0.055,0.031,-0.034,-0.038
203078,0.55,0.45,0.596,0.336,0.266,3.41,1.83,2.54,2.44,2.13,6.37,5.21,6.9,3.89,3.07,0.035,-0.01,-0.006,0.063,0.076
203079,0.653,0.34700000000000003,0.506,0.42200000000000004,0.299,3.79,1.34,2.1,2.79,2.17,6.93,3.69,5.38,4.48,3.17,0.049,-0.009000000000000001,0.008,0.063,0.071
203081,0.601,0.39899999999999997,0.598,0.26899999999999996,0.191,2.81,1.48,2.21,1.49,1.22,6.19,4.11,6.16,2.77,1.97,-0.034,0.002,-0.012,-0.013000000000000001,0.01
203082,0.632,0.368,0.525,0.41200000000000003,0.33299999999999996,2.58,1.0,1.58,1.96,1.71,5.38,3.13,4.46,3.5,2.83,-0.015,-0.054000000000000006,-0.022000000000000002,0.003,-0.001
203083,0.8240000000000001,0.17600000000000002,0.293,0.647,0.507,5.27,0.9,1.49,4.45,3.74,10.41,2.22,3.71,8.17,6.4,-0.022000000000000002,0.049,0.025,-0.027999999999999997,-0.037000000000000005
203084,0.625,0.375,0.519,0.39399999999999996,0.265,3.36,1.38,1.94,2.38,1.87,6.68,4.0,5.55,4.21,2.83,-0.012,-0.008,-0.013999999999999999,-0.008,0.039
203085,0.622,0.37799999999999995,0.5429999999999999,0.355,0.257,3.2,1.35,2.05,2.07,1.65,6.1,3.7,5.32,3.48,2.52,0.019,0.0,0.011000000000000001,0.023,0.028999999999999998
203086,0.737,0.263,0.374,0.556,0.455,1.63,0.44,0.74,1.19,0.93,2.7,0.96,1.37,2.04,1.67,0.076,0.10800000000000001,0.163,0.017,-0.045
203087,0.53,0.47,0.647,0.29600000000000004,0.215,2.34,1.53,1.98,1.68,1.38,4.65,4.13,5.68,2.6,1.89,0.008,0.006999999999999999,-0.023,0.087,0.114
203089,0.836,0.16399999999999998,0.297,0.615,0.513,4.95,0.73,1.29,3.96,3.48,9.93,1.95,3.53,7.31,6.09,-0.018000000000000002,0.018000000000000002,-0.006999999999999999,-0.023,-0.046
203090,0.604,0.396,0.5579999999999999,0.371,0.253,2.03,0.91,1.53,1.16,0.93,4.24,2.78,3.91,2.6,1.78,-0.026000000000000002,-0.037000000000000005,0.016,-0.127,-0.10099999999999999
203095,0.623,0.377,0.514,0.40700000000000003,0.309,3.33,1.3,1.95,2.4,2.02,5.91,3.58,4.88,3.86,2.93,0.054000000000000006,-0.002,0.025,0.055999999999999994,0.071
203101,0.82,0.18,0.317,0.5920000000000001,0.456,2.91,0.6,1.02,2.27,1.82,6.22,1.36,2.4,4.49,3.45,-0.06,0.09300000000000001,0.06,-0.068,-0.096
203104,0.444,0.556,0.63,0.33299999999999996,0.29600000000000004,2.67,2.0,2.33,2.0,2.0,4.0,5.0,5.67,3.0,2.67,0.162,0.052000000000000005,0.047,0.11,0.158
203107,0.59,0.41,0.5429999999999999,0.368,0.295,2.3,0.89,1.36,1.64,1.43,4.37,3.04,4.03,2.73,2.19,0.031,-0.067,-0.035,0.049,0.049
203109,0.61,0.39,0.521,0.409,0.304,2.89,1.46,1.94,2.1,1.79,5.64,3.6,4.81,3.78,2.81,0.006999999999999999,0.042,0.028999999999999998,-0.011000000000000001,0.015
203110,0.677,0.32299999999999995,0.46,0.467,0.371,4.49,1.56,2.24,3.4,2.86,9.54,4.56,6.49,6.59,5.23,-0.044000000000000004,-0.015,-0.025,-0.05,-0.07
203112,0.7340000000000001,0.266,0.433,0.48200000000000004,0.34299999999999997,2.91,0.72,1.34,1.96,1.46,5.52,2.0,3.25,3.63,2.58,0.01,0.006,0.045,-0.03,-0.055999999999999994
203114,0.57,0.43,0.5820000000000001,0.35700000000000004,0.278,3.12,1.85,2.47,2.28,2.0,6.07,4.58,6.2,3.8,2.96,0.006,0.043,0.031,0.031,0.052000000000000005
203115,0.602,0.39799999999999996,0.52,0.40299999999999997,0.311,3.03,1.36,1.88,2.2,1.81,5.59,3.69,4.83,3.74,2.89,0.043,0.005,0.013000000000000001,0.032,0.017
203118,0.649,0.35100000000000003,0.501,0.42,0.3,1.93,0.63,0.95,1.43,1.12,3.7,2.0,2.86,2.39,1.71,0.018000000000000002,-0.047,-0.038,0.039,0.046
203121,0.643,0.35700000000000004,0.51,0.39299999999999996,0.27899999999999997,2.55,1.0,1.43,1.81,1.44,5.15,2.86,4.09,3.15,2.24,-0.013999999999999999,-0.01,-0.021,0.008,0.022000000000000002
203124,0.8079999999999999,0.192,0.355,0.5820000000000001,0.46399999999999997,3.24,0.54,1.13,2.42,2.04,6.68,1.59,2.93,4.82,3.84,-0.039,-0.02,0.013000000000000001,-0.071,-0.09300000000000001
203141,0.708,0.292,0.45799999999999996,0.33299999999999996,0.20800000000000002,1.78,0.56,0.67,0.78,0.78,3.78,1.56,2.44,1.78,1.11,-0.016,-0.012,-0.10300000000000001,-0.12,0.092
203145,0.595,0.405,0.552,0.34299999999999997,0.27,2.75,1.5,2.05,1.78,1.48,5.23,3.56,4.86,3.02,2.38,0.019,0.057999999999999996,0.045,0.022000000000000002,0.003
203186,0.843,0.157,0.318,0.616,0.495,2.03,0.23,0.62,1.49,1.26,4.28,0.79,1.62,3.13,2.51,-0.049,-0.078,0.021,-0.096,-0.127
203200,0.562,0.43799999999999994,0.606,0.325,0.245,3.06,1.75,2.42,2.1,1.71,6.13,4.78,6.61,3.54,2.67,-0.005,-0.004,-0.013000000000000001,0.024,0.02
203210,0.636,0.364,0.535,0.39299999999999996,0.298,2.56,1.22,1.71,1.84,1.56,5.47,3.13,4.6,3.38,2.56,-0.052000000000000005,0.025,-0.004,-0.034,-0.017
203382,0.84,0.16,0.28800000000000003,0.606,0.43,4.04,0.36,0.84,3.17,2.52,8.25,1.57,2.83,5.95,4.22,-0.028999999999999998,-0.133,-0.075,-0.035,-0.021
203457,0.778,0.222,0.396,0.547,0.439,3.04,0.74,1.22,2.3,2.0,6.11,1.74,3.11,4.3,3.44,-0.024,0.066,0.017,-0.042,-0.049
203458,0.845,0.155,0.287,0.6509999999999999,0.531,4.35,0.65,1.23,3.48,3.04,8.67,1.59,2.94,6.68,5.45,-0.023,0.063,0.05,-0.052000000000000005,-0.062
203459,0.677,0.32299999999999995,0.55,0.341,0.22899999999999998,2.68,0.9,1.68,1.49,1.22,5.71,2.73,4.64,2.88,1.93,-0.022000000000000002,-0.038,-0.017,-0.035,0.023
203460,0.589,0.41100000000000003,0.531,0.39799999999999996,0.307,3.35,1.49,1.89,2.76,2.27,6.32,4.41,5.7,4.27,3.3,0.025,-0.027999999999999997,-0.042,0.08199999999999999,0.069
203463,0.562,0.43799999999999994,0.5589999999999999,0.366,0.297,1.96,1.18,1.49,1.42,1.27,3.55,2.76,3.53,2.31,1.87,0.049,0.068,0.049,0.046,0.065
203464,0.5710000000000001,0.429,0.588,0.3,0.22399999999999998,1.09,0.56,0.82,0.67,0.53,2.16,1.62,2.22,1.13,0.84,0.004,0.001,0.009000000000000001,0.039,0.040999999999999995
203468,0.637,0.363,0.5770000000000001,0.289,0.192,3.39,1.46,2.35,1.76,1.39,7.05,4.03,6.39,3.2,2.13,-0.016,-0.003,-0.01,-0.005,0.040999999999999995
203469,0.841,0.159,0.318,0.5820000000000001,0.445,2.73,0.15,0.45,2.09,1.76,5.61,1.06,2.12,3.88,2.97,-0.027000000000000003,-0.204,-0.147,-0.025,-0.017
203471,0.56,0.44,0.617,0.295,0.228,3.24,1.76,2.58,2.0,1.74,5.76,4.53,6.35,3.03,2.35,0.063,0.022000000000000002,0.027000000000000003,0.099,0.121
203473,0.684,0.316,0.46799999999999997,0.466,0.359,3.56,1.15,1.83,2.56,2.07,7.24,3.34,4.95,4.93,3.8,-0.028999999999999998,-0.012,-0.004,-0.049,-0.075
203476,0.758,0.242,0.381,0.545,0.434,3.33,0.73,1.15,2.65,2.23,6.08,1.94,3.05,4.37,3.48,0.033,0.027000000000000003,0.012,0.04,0.024
203477,0.638,0.36200000000000004,0.594,0.297,0.188,2.3,0.75,1.35,1.4,1.05,4.4,2.5,4.1,2.05,1.3,0.024,-0.065,-0.054000000000000006,0.136,0.19699999999999998
203481,0.65,0.35,0.5,0.45,0.45,0.67,0.22,0.33,0.44,0.44,1.44,0.78,1.11,1.0,1.0,-0.12300000000000001,0.052000000000000005,-0.02,-0.16399999999999998,-0.205
203482,0.7559999999999999,0.244,0.38299999999999995,0.534,0.426,3.99,0.8,1.39,3.08,2.57,7.4,2.39,3.75,5.23,4.17,0.026000000000000002,-0.027999999999999997,-0.003,0.026000000000000002,0.001
203484,0.601,0.39899999999999997,0.5529999999999999,0.364,0.28600000000000003,3.17,1.32,1.99,2.1,1.82,5.54,3.68,5.1,3.36,2.64,0.068,-0.006,0.013000000000000001,0.061,0.07
203485,0.512,0.488,0.6829999999999999,0.22,0.122,0.58,0.58,0.75,0.33,0.25,1.75,1.67,2.33,0.75,0.42,-0.151,-0.006,-0.039,-0.11,-0.013999999999999999
203486,0.764,0.23600000000000002,0.373,0.5379999999999999,0.423,3.36,0.88,1.35,2.57,2.17,7.14,2.21,3.49,5.03,3.96,-0.051,0.052000000000000005,0.015,-0.064,-0.079
203487,0.647,0.353,0.5720000000000001,0.349,0.257,1.85,0.79,1.37,1.04,0.85,3.63,1.98,3.21,1.96,1.44,0.006999999999999999,0.038,0.05,-0.031,-0.024
203488,0.693,0.307,0.44,0.503,0.386,3.28,1.15,1.6,2.62,2.21,6.6,2.92,4.19,4.79,3.68,-0.017,0.039,0.013999999999999999,-0.017,-0.016
203489,0.5,0.5,1.0,0.0,0.0,0.5,0.0,0.5,0.0,0.0,0.5,0.5,1.0,0.0,0.0,0.531,-0.337,0.149,0.0,0.0
203490,0.643,0.35700000000000004,0.508,0.442,0.348,3.37,1.3,1.86,2.55,2.16,6.08,3.38,4.8,4.18,3.29,0.048,0.02,0.013000000000000001,0.048,0.037000000000000005
203493,0.575,0.425,0.594,0.32799999999999996,0.245,2.72,1.27,1.82,1.88,1.52,5.0,3.7,5.17,2.85,2.13,0.037000000000000005,-0.026000000000000002,-0.028999999999999998,0.094,0.09
203496,0.622,0.37799999999999995,0.528,0.38299999999999995,0.285,3.85,1.55,2.35,2.72,2.26,7.29,4.44,6.19,4.49,3.35,0.021,-0.015,0.002,0.038,0.05
203497,0.8440000000000001,0.156,0.292,0.602,0.47600000000000003,6.43,0.89,2.0,4.66,3.98,13.61,2.52,4.71,9.71,7.68,-0.048,-0.002,0.053,-0.091,-0.099
203498,0.5770000000000001,0.423,0.5379999999999999,0.385,0.298,1.03,0.38,0.57,0.76,0.7,1.62,1.19,1.51,1.08,0.84,0.15,-0.04,0.009000000000000001,0.159,0.23800000000000002
203499,0.588,0.41200000000000003,0.624,0.27899999999999997,0.204,1.49,0.67,1.06,0.82,0.59,2.71,1.9,2.88,1.29,0.94,0.06,0.002,0.002,0.081,0.027999999999999997
203500,0.72,0.28,0.435,0.484,0.354,5.23,1.59,2.55,3.73,2.96,11.0,4.28,6.65,7.39,5.41,-0.047,0.015,0.006999999999999999,-0.07,-0.077
203501,0.537,0.46299999999999997,0.5760000000000001,0.332,0.255,3.05,1.81,2.25,2.18,1.84,5.74,4.95,6.16,3.54,2.72,0.022000000000000002,-0.002,-0.013999999999999999,0.046,0.057
203503,0.64,0.36,0.547,0.384,0.248,2.81,1.18,1.78,1.95,1.48,5.27,2.97,4.51,3.16,2.04,0.032,0.038,0.023,0.051,0.111
203504,0.5489999999999999,0.451,0.5920000000000001,0.29600000000000004,0.18899999999999997,1.77,1.0,1.37,1.03,0.8,3.66,3.0,3.94,1.97,1.26,-0.004,-0.028999999999999998,-0.024,-0.017,0.035
203505,0.545,0.455,0.818,0.182,0.091,0.67,1.0,1.33,0.33,0.0,2.0,1.67,3.0,0.67,0.33,-0.14,0.252,0.081,-0.098,-0.66
203506,0.528,0.47200000000000003,0.588,0.359,0.293,3.13,1.92,2.37,2.36,2.04,5.93,5.31,6.61,4.04,3.29,0.023,-0.004,-0.018000000000000002,0.023,0.003
203507,0.6679999999999999,0.332,0.43200000000000005,0.491,0.414,3.81,1.38,1.77,3.14,2.78,8.27,4.11,5.35,6.08,5.12,-0.055,-0.03,-0.046,-0.053,-0.076
203512,0.8109999999999999,0.18899999999999997,0.307,0.619,0.5,2.15,0.33,0.65,1.61,1.33,4.3,1.0,1.63,3.28,2.65,-0.006,-0.027999999999999997,0.028999999999999998,-0.061,-0.10099999999999999
203516,0.601,0.39899999999999997,0.583,0.34,0.253,2.11,0.79,1.17,1.56,1.22,4.13,2.74,4.0,2.33,1.74,0.001,-0.078,-0.079,0.09300000000000001,0.076
203518,0.588,0.41200000000000003,0.514,0.419,0.315,1.72,1.1,1.36,1.33,1.15,3.43,2.4,3.0,2.45,1.84,-0.008,0.094,0.078,-0.022000000000000002,0.001
203521,0.589,0.41100000000000003,0.579,0.349,0.258,2.03,0.69,1.14,1.31,1.06,3.42,2.39,3.36,2.03,1.5,0.099,-0.069,-0.027000000000000003,0.078,0.069
203524,0.6890000000000001,0.311,0.446,0.43200000000000005,0.365,2.42,0.67,1.17,1.83,1.67,4.25,1.92,2.75,2.67,2.25,0.06,-0.044000000000000004,0.051,0.10400000000000001,0.094
203526,0.626,0.374,0.527,0.345,0.22699999999999998,1.55,0.55,0.85,0.88,0.68,3.18,1.9,2.68,1.75,1.15,-0.003,-0.065,-0.057,-0.04,-0.008
203530,0.8370000000000001,0.163,0.305,0.606,0.473,2.22,0.36,0.64,1.8,1.58,3.78,0.73,1.38,2.73,2.13,0.061,0.122,0.095,0.075,0.114
203546,0.601,0.39899999999999997,0.585,0.32799999999999996,0.247,1.63,0.59,0.94,1.09,0.93,3.37,2.24,3.29,1.84,1.39,-0.002,-0.1,-0.086,0.049,0.07400000000000001
203580,0.68,0.32,0.48,0.48,0.44,1.0,0.38,0.38,1.0,0.88,2.13,1.0,1.5,1.5,1.38,-0.017,0.027999999999999997,-0.12,0.139,0.08
203585,0.542,0.45799999999999996,0.627,0.313,0.22899999999999998,1.38,1.06,1.5,0.81,0.69,2.81,2.38,3.25,1.63,1.19,0.008,0.09300000000000001,0.08800000000000001,-0.027000000000000003,-0.011000000000000001
203613,0.598,0.402,0.545,0.389,0.324,2.87,1.39,1.94,2.09,1.78,5.35,3.59,4.87,3.48,2.9,0.031,0.02,0.022000000000000002,0.04,0.006
203687,0.5,0.5,1.0,0.0,0.0,0.0,0.0,0.0,0.0,0.0,0.5,0.5,1.0,0.0,0.0,-0.46799999999999997,-0.111,-0.282,0.0,0.0
203705,0.643,0.35700000000000004,0.56,0.345,0.226,1.82,0.59,1.06,1.24,0.88,3.18,1.76,2.76,1.71,1.12,0.11199999999999999,-0.024,0.024,0.20800000000000002,0.21899999999999997
203710,0.581,0.419,0.614,0.322,0.24,2.03,1.25,1.61,1.5,1.31,4.31,3.11,4.56,2.39,1.78,-0.033,0.042,-0.018000000000000002,0.065,0.11800000000000001
203894,0.622,0.37799999999999995,0.586,0.267,0.16899999999999998,2.14,0.96,1.56,1.1,0.85,4.4,2.68,4.15,1.89,1.19,0.001,-0.002,0.004,0.034,0.10300000000000001
203897,0.557,0.44299999999999995,0.618,0.321,0.221,1.73,0.86,1.32,1.14,0.91,3.32,2.64,3.68,1.91,1.32,0.004,-0.037000000000000005,-0.023,0.013000000000000001,0.049
203898,0.622,0.37799999999999995,0.542,0.366,0.244,1.7,0.54,0.91,1.11,0.87,3.22,1.96,2.8,1.89,1.26,0.028999999999999998,-0.071,-0.043,0.034,0.078
203900,0.529,0.47100000000000003,0.588,0.353,0.294,1.25,0.75,1.0,0.75,0.75,2.25,2.0,2.5,1.5,1.25,0.004,0.023,0.040999999999999995,-0.084,-0.039
203901,0.627,0.373,0.535,0.349,0.268,3.63,1.49,2.21,2.33,1.92,6.6,3.94,5.63,3.68,2.83,0.052000000000000005,0.013999999999999999,0.011000000000000001,0.076,0.067
203903,0.61,0.39,0.544,0.37200000000000005,0.28800000000000003,2.43,1.06,1.45,1.83,1.51,4.55,2.91,4.06,2.78,2.15,0.038,0.005,-0.013000000000000001,0.10400000000000001,0.09699999999999999
203914,0.546,0.45399999999999996,0.628,0.26899999999999996,0.185,2.44,1.3,1.89,1.42,1.2,4.56,3.79,5.24,2.24,1.55,0.031,-0.03,-0.021,0.066,0.149
203915,0.659,0.341,0.595,0.28600000000000003,0.19899999999999998,2.83,1.14,2.19,1.35,1.04,5.86,3.03,5.28,2.54,1.77,-0.01,0.016,0.036000000000000004,-0.019,-0.016
203917,0.6920000000000001,0.308,0.512,0.408,0.26899999999999996,2.03,0.43,1.0,1.22,1.0,3.76,1.68,2.78,2.22,1.46,0.03,-0.10400000000000001,-0.02,-0.01,0.07
203918,0.63,0.37,0.531,0.39,0.314,2.62,1.08,1.57,1.87,1.57,4.55,2.67,3.83,2.82,2.27,0.068,0.047,0.04,0.095,0.075
203920,0.795,0.205,0.335,0.601,0.442,2.97,0.57,0.97,2.35,1.95,5.97,1.54,2.51,4.51,3.32,-0.017,-0.001,0.011000000000000001,-0.044000000000000004,-0.027999999999999997
203922,0.6809999999999999,0.319,0.496,0.395,0.27699999999999997,2.04,0.48,0.78,1.43,1.09,3.52,1.65,2.57,2.04,1.43,0.07,-0.08199999999999999,-0.07,0.125,0.125
203923,0.684,0.316,0.42100000000000004,0.316,0.316,0.8,0.4,0.4,0.6,0.6,2.6,1.2,1.6,1.2,1.2,-0.214,-0.034,-0.13699999999999998,-0.064,-0.11
203924,0.68,0.32,0.43799999999999994,0.512,0.41,2.38,0.9,1.2,1.91,1.64,5.13,2.41,3.3,3.86,3.09,-0.054000000000000006,0.013000000000000001,-0.008,-0.077,-0.09300000000000001
203925,0.665,0.335,0.529,0.387,0.282,2.7,0.92,1.52,1.82,1.48,5.48,2.77,4.36,3.19,2.32,-0.001,-0.032,-0.027999999999999997,0.011000000000000001,0.022000000000000002
203926,0.583,0.41700000000000004,0.55,0.389,0.278,1.87,0.85,1.22,1.4,1.12,3.77,2.69,3.55,2.51,1.79,-0.002,-0.053,-0.032,0.0,0.006
203930,0.58,0.42,0.574,0.327,0.253,1.33,0.53,0.82,0.87,0.67,2.09,1.51,2.07,1.18,0.91,0.145,-0.005,0.031,0.191,0.131
203932,0.725,0.275,0.41100000000000003,0.501,0.392,3.81,0.98,1.5,3.07,2.53,8.03,3.05,4.55,5.55,4.34,-0.04,-0.04,-0.044000000000000004,-0.017,-0.035
203933,0.5770000000000001,0.423,0.594,0.32899999999999996,0.26,2.53,1.36,1.78,1.84,1.56,5.2,3.81,5.36,2.97,2.34,-0.018000000000000002,-0.006999999999999999,-0.038,0.055999999999999994,0.049
203935,0.5379999999999999,0.462,0.624,0.314,0.231,2.37,1.22,1.78,1.53,1.27,4.67,4.0,5.41,2.73,2.0,0.004,-0.057,-0.046,-0.006999999999999999,0.017
203937,0.682,0.318,0.48,0.43799999999999994,0.336,3.0,0.86,1.39,2.14,1.84,5.51,2.57,3.88,3.54,2.72,0.027999999999999997,-0.024,-0.013999999999999999,0.025,0.046
203939,0.65,0.35,0.519,0.41200000000000003,0.273,2.91,1.19,1.83,2.12,1.63,6.05,3.26,4.83,3.83,2.54,-0.033,0.006,0.005,-0.017,0.022000000000000002
203940,0.818,0.182,0.364,0.455,0.455,1.67,0.0,0.33,0.67,0.67,3.0,0.67,1.33,1.67,1.67,0.052000000000000005,-0.23800000000000002,-0.042,-0.161,-0.213
203943,0.7240000000000001,0.276,0.419,0.513,0.387,2.66,0.58,0.98,2.06,1.68,4.94,1.88,2.86,3.5,2.64,0.027000000000000003,-0.051,-0.031,0.028999999999999998,0.026000000000000002
203944,0.7240000000000001,0.276,0.39299999999999996,0.546,0.42,4.16,1.14,1.69,3.33,2.8,8.25,3.15,4.48,6.22,4.79,-0.01,0.0,0.005,-0.034,-0.035
203948,0.867,0.133,0.297,0.624,0.406,2.51,0.31,0.74,1.86,1.46,4.09,0.63,1.4,2.94,1.91,0.09300000000000001,0.159,0.16699999999999998,0.062,0.138
203949,1.0,0.0,0.125,0.875,0.625,0.67,0.0,0.0,0.67,0.67,2.67,0.0,0.33,2.33,1.67,-0.252,0.0,-0.408,-0.23800000000000002,-0.162
203952,0.5710000000000001,0.429,0.547,0.371,0.289,4.1,2.09,2.71,3.11,2.66,7.6,5.71,7.29,4.94,3.85,0.03,0.005,0.0,0.059000000000000004,0.071
203953,0.617,0.38299999999999995,0.47100000000000003,0.47100000000000003,0.406,2.84,1.06,1.23,2.32,2.1,5.19,3.23,3.97,3.97,3.42,0.027000000000000003,-0.034,-0.062,0.01,-0.015
203954,0.823,0.177,0.335,0.573,0.45899999999999996,5.1,0.73,1.5,3.82,3.27,11.73,2.52,4.77,8.16,6.53,-0.09,-0.07400000000000001,-0.063,-0.10400000000000001,-0.121
203957,0.605,0.395,0.568,0.358,0.259,1.21,0.79,1.0,1.0,0.64,3.5,2.29,3.29,2.07,1.5,-0.149,-0.001,-0.067,-0.07400000000000001,-0.192
203960,0.625,0.375,0.493,0.485,0.426,1.68,0.82,1.18,1.27,1.05,3.86,2.32,3.05,3.0,2.64,-0.087,-0.013999999999999999,0.013999999999999999,-0.14800000000000002,-0.21899999999999997
203962,0.647,0.353,0.47700000000000004,0.433,0.35,1.73,0.7,0.88,1.35,1.18,3.92,2.13,2.88,2.62,2.12,-0.068,-0.04,-0.07400000000000001,-0.048,-0.057999999999999996
203966,0.679,0.321,0.48200000000000004,0.384,0.304,2.43,1.07,1.5,1.79,1.64,5.43,2.57,3.86,3.07,2.43,-0.057,0.051,0.009000000000000001,0.016,0.055
203967,0.6579999999999999,0.342,0.493,0.45,0.364,3.93,1.35,2.12,2.81,2.35,7.51,3.91,5.63,5.13,4.16,0.013000000000000001,-0.022000000000000002,0.003,-0.018000000000000002,-0.053
203991,0.8029999999999999,0.19699999999999998,0.342,0.602,0.488,6.45,1.23,1.99,5.41,4.5,13.08,3.22,5.57,9.81,7.95,-0.023,0.016,-0.021,-0.016,-0.051
203992,0.5589999999999999,0.441,0.578,0.359,0.262,2.54,1.45,1.97,1.79,1.49,4.71,3.72,4.87,3.03,2.21,0.033,0.027999999999999997,0.033,0.026000000000000002,0.053
203994,0.8370000000000001,0.163,0.293,0.643,0.515,5.42,0.82,1.57,4.29,3.57,10.77,2.1,3.77,8.28,6.63,-0.022000000000000002,0.037000000000000005,0.046,-0.054000000000000006,-0.08199999999999999
203998,0.75,0.25,0.313,0.594,0.43799999999999994,1.22,0.11,0.11,1.11,1.0,2.67,0.89,1.11,2.11,1.56,-0.07400000000000001,-0.24,-0.264,-0.044000000000000004,0.018000000000000002
203999,0.8,0.2,0.33899999999999997,0.589,0.462,7.66,1.18,2.3,6.01,5.04,13.05,3.27,5.54,9.61,7.54,0.062,0.005,0.042,0.05,0.043
204001,0.6409999999999999,0.359,0.48100000000000004,0.48100000000000004,0.38,4.53,2.04,2.81,3.57,2.87,9.94,5.55,7.45,7.45,5.89,-0.06,0.008,0.008,-0.091,-0.136
204020,0.6659999999999999,0.33399999999999996,0.48200000000000004,0.429,0.316,3.57,1.2,1.93,2.5,2.04,6.74,3.39,4.89,4.34,3.2,0.031,-0.008,0.015,0.023,0.03
204022,0.722,0.278,0.41700000000000004,0.556,0.389,2.5,0.17,0.67,1.83,1.5,4.33,1.67,2.5,3.33,2.33,0.054000000000000006,-0.23199999999999998,-0.068,-0.045,0.019
204025,0.515,0.485,0.601,0.316,0.23399999999999999,1.55,1.11,1.34,1.11,0.89,2.83,2.66,3.3,1.74,1.28,0.047,0.067,0.039,0.08199999999999999,0.084
204028,0.746,0.254,0.379,0.5770000000000001,0.46299999999999997,1.9,0.4,0.7,1.54,1.22,4.06,1.38,2.06,3.14,2.52,-0.043,-0.07,-0.027999999999999997,-0.07,-0.13
204037,0.633,0.36700000000000005,0.51,0.418,0.29600000000000004,2.07,0.53,0.87,1.53,1.13,4.13,2.4,3.33,2.73,1.93,-0.022000000000000002,-0.12300000000000001,-0.096,-0.013999999999999999,-0.047
204038,0.531,0.469,0.588,0.324,0.256,1.42,0.9,1.15,1.06,0.87,2.67,2.37,2.96,1.63,1.29,0.033,0.031,0.027000000000000003,0.09,0.062
204060,0.605,0.395,0.595,0.294,0.20199999999999999,2.54,1.32,1.98,1.5,1.26,5.27,3.44,5.18,2.56,1.76,-0.024,0.017,0.006,0.019,0.092
204065,0.4,0.6,0.6,0.4,0.2,0.33,0.67,0.67,0.33,0.33,0.67,1.0,1.0,0.67,0.33,-0.033,0.305,0.253,-0.032,0.318
204066,0.638,0.36200000000000004,0.5,0.44799999999999995,0.345,1.29,0.41,0.53,1.0,0.71,2.18,1.24,1.71,1.53,1.18,0.098,-0.018000000000000002,-0.055,0.10400000000000001,0.013000000000000001
204098,0.857,0.14300000000000002,0.5710000000000001,0.429,0.28600000000000003,0.75,0.25,0.5,0.5,0.25,1.5,0.25,1.0,0.75,0.5,0.046,0.654,0.184,0.172,0.009000000000000001
204179,0.56,0.44,0.56,0.4,0.28,2.75,1.0,1.75,1.75,1.25,3.5,2.75,3.5,2.5,1.75,0.278,0.016,0.139,0.124,0.08199999999999999
204456,0.6,0.4,0.612,0.27399999999999997,0.163,1.7,1.01,1.5,0.93,0.68,4.18,2.78,4.26,1.91,1.14,-0.078,0.0,-0.02,-0.047,0.003
1626143,0.826,0.174,0.297,0.564,0.39,3.11,0.52,0.89,2.15,1.59,5.96,1.26,2.15,4.07,2.81,-0.004,0.061,0.042,-0.042,-0.049
1626144,0.5760000000000001,0.424,0.579,0.369,0.287,1.92,1.1,1.53,1.39,1.15,3.54,2.61,3.56,2.27,1.76,0.045,0.057999999999999996,0.054000000000000006,0.057999999999999996,0.047
1626145,0.563,0.43700000000000006,0.588,0.305,0.2,1.8,0.88,1.26,1.11,0.83,3.22,2.5,3.37,1.74,1.15,0.07400000000000001,-0.004,0.005,0.09300000000000001,0.122
1626147,0.557,0.44299999999999995,0.608,0.31,0.253,1.15,0.79,1.06,0.76,0.7,2.67,2.12,2.91,1.48,1.21,-0.07,0.018000000000000002,-0.002,-0.043,-0.03
1626148,1.0,0.0,1.0,0.0,0.0,1.0,0.0,1.0,0.0,0.0,1.0,0.0,1.0,0.0,0.0,0.5429999999999999,0.0,0.639,0.0,0.0
1626149,0.705,0.295,0.45,0.489,0.354,3.01,0.86,1.47,2.19,1.73,6.03,2.52,3.85,4.18,3.03,-0.017,-0.012,0.01,-0.04,-0.047
1626150,0.5670000000000001,0.433,0.612,0.29100000000000004,0.213,2.09,1.32,1.77,1.39,1.18,4.41,3.38,4.77,2.27,1.66,-0.02,0.03,-0.003,0.059000000000000004,0.099
1626151,0.615,0.385,0.628,0.282,0.154,3.11,0.78,1.89,1.67,1.22,5.33,3.33,5.44,2.44,1.33,0.09699999999999999,-0.10300000000000001,-0.011000000000000001,0.163,0.337
1626153,0.682,0.318,0.473,0.402,0.29100000000000004,2.16,0.64,0.97,1.52,1.27,4.48,2.09,3.1,2.64,1.91,-0.008,-0.051,-0.055999999999999994,0.028999999999999998,0.062
1626154,0.5379999999999999,0.462,0.5379999999999999,0.385,0.308,0.75,0.0,0.0,0.75,0.75,1.75,1.5,1.75,1.25,1.0,-0.049,-0.341,-0.35700000000000004,0.077,0.142
1626155,0.684,0.316,0.49200000000000005,0.446,0.313,1.54,0.54,0.9,1.07,0.84,3.04,1.41,2.19,1.99,1.39,-0.012,0.027999999999999997,0.042,-0.027999999999999997,-0.013000000000000001
1626156,0.672,0.32799999999999996,0.521,0.38,0.273,2.69,1.08,1.67,1.77,1.52,5.08,2.48,3.94,2.88,2.06,0.03,0.085,0.053,0.059000000000000004,0.128
1626157,0.7959999999999999,0.204,0.35700000000000004,0.575,0.452,6.52,1.26,2.16,5.15,4.37,12.51,3.21,5.61,9.04,7.1,0.001,0.03,0.006999999999999999,-0.001,-0.004
1626158,0.748,0.252,0.38799999999999996,0.539,0.43,2.61,0.63,1.0,2.04,1.76,5.37,1.8,2.78,3.87,3.09,-0.031,-0.002,-0.011000000000000001,-0.04,-0.054000000000000006
1626159,0.634,0.366,0.513,0.414,0.306,3.12,0.97,1.69,2.19,1.76,6.03,3.48,4.88,3.94,2.91,0.015,-0.083,-0.027000000000000003,-0.008,-0.012
1626161,0.67,0.33,0.46399999999999997,0.47,0.36200000000000004,3.49,1.4,1.9,2.7,2.27,7.14,3.52,4.95,5.01,3.86,-0.042,0.039,0.016,-0.040999999999999995,-0.04
1626162,0.5770000000000001,0.423,0.5670000000000001,0.375,0.311,2.73,1.28,1.75,2.05,1.81,4.77,3.49,4.68,3.1,2.57,0.071,0.008,0.006,0.105,0.096
1626163,0.654,0.34600000000000003,0.514,0.42100000000000004,0.311,3.35,1.42,2.1,2.36,1.86,6.28,3.32,4.94,4.04,2.99,0.026000000000000002,0.062,0.048,0.028999999999999998,0.011000000000000001
1626164,0.5720000000000001,0.428,0.584,0.336,0.257,3.15,1.78,2.41,2.24,1.85,6.15,4.59,6.28,3.61,2.76,0.013999999999999999,0.027999999999999997,0.01,0.068,0.07
1626166,0.467,0.5329999999999999,0.632,0.313,0.209,1.96,1.08,1.42,1.46,1.21,3.54,4.04,4.79,2.38,1.58,0.06,-0.075,-0.063,0.07200000000000001,0.15
1626167,0.83,0.17,0.275,0.677,0.556,5.86,0.83,1.45,5.05,4.42,11.51,2.35,3.82,9.38,7.71,-0.013999999999999999,-0.006999999999999999,0.005,-0.03,-0.045
1626168,0.7070000000000001,0.293,0.42100000000000004,0.524,0.419,3.0,0.85,1.21,2.4,2.15,6.04,2.51,3.6,4.48,3.58,-0.019,-0.005,-0.026000000000000002,-0.027000000000000003,-0.012
1626169,0.602,0.39799999999999996,0.569,0.35700000000000004,0.259,2.45,1.19,1.72,1.67,1.36,4.84,3.2,4.58,2.87,2.09,-0.01,0.012,0.006,0.003,0.025
1626170,0.542,0.45799999999999996,0.59,0.348,0.264,2.0,1.33,1.67,1.53,1.22,4.07,3.44,4.43,2.61,1.99,-0.008,0.02,0.001,0.026000000000000002,0.002
1626171,0.691,0.309,0.43200000000000005,0.496,0.41700000000000004,3.03,0.82,1.22,2.36,2.04,5.33,2.39,3.33,3.83,3.22,0.051,-0.02,-0.008,0.05,0.02
1626172,0.711,0.289,0.465,0.47200000000000003,0.35,2.32,0.84,1.23,1.74,1.4,5.47,2.23,3.58,3.63,2.69,-0.087,0.023,-0.02,-0.087,-0.092
1626173,0.618,0.382,0.529,0.382,0.265,0.9,0.45,0.6,0.6,0.45,2.1,1.3,1.8,1.3,0.9,-0.07400000000000001,0.001,-0.026000000000000002,-0.085,-0.08900000000000001
1626175,0.7879999999999999,0.212,0.301,0.6729999999999999,0.584,2.0,0.67,0.71,1.9,1.81,4.24,1.14,1.62,3.62,3.14,-0.063,0.239,0.07400000000000001,-0.065,-0.051
1626177,0.6940000000000001,0.306,0.45799999999999996,0.45799999999999996,0.34700000000000003,1.14,0.14,0.36,0.86,0.77,2.27,1.0,1.5,1.5,1.14,-0.009000000000000001,-0.195,-0.109,0.017,0.07400000000000001
1626178,0.769,0.231,0.40399999999999997,0.493,0.363,4.38,0.91,1.71,3.09,2.47,8.39,2.52,4.41,5.38,3.95,0.011000000000000001,0.0,0.013999999999999999,0.006,0.005
1626179,0.578,0.42200000000000004,0.603,0.29100000000000004,0.20600000000000002,2.06,1.13,1.61,1.34,1.09,4.4,3.22,4.6,2.22,1.57,-0.025,-0.015,-0.027000000000000003,0.047,0.08
1626181,0.613,0.387,0.565,0.34299999999999997,0.251,1.26,0.62,0.91,0.88,0.66,2.55,1.62,2.35,1.43,1.05,-0.001,0.019,0.01,0.05,0.016
1626185,0.653,0.34700000000000003,0.44799999999999995,0.47700000000000004,0.365,2.88,1.04,1.49,2.17,1.82,5.83,3.1,4.0,4.26,3.26,-0.015,-0.024,-0.002,-0.052000000000000005,-0.054000000000000006
1626188,0.631,0.369,0.5579999999999999,0.335,0.209,2.34,1.03,1.45,1.55,1.24,4.48,2.62,3.97,2.38,1.48,0.035,0.062,0.004,0.111,0.24
1626191,0.71,0.29,0.452,0.452,0.32299999999999995,0.57,0.21,0.36,0.43,0.36,1.57,0.64,1.0,1.0,0.71,-0.106,-0.017,0.015,-0.092,-0.08
1626192,0.635,0.365,0.578,0.32299999999999995,0.187,1.73,0.85,1.3,1.06,0.68,3.98,2.28,3.62,2.02,1.17,-0.065,0.008,-0.018000000000000002,-0.038,-0.045
1626195,0.7959999999999999,0.204,0.34700000000000003,0.596,0.484,2.25,0.34,0.75,1.75,1.43,4.07,1.05,1.77,3.05,2.48,0.032,-0.028999999999999998,0.046,0.018000000000000002,-0.017
1626196,0.6409999999999999,0.359,0.536,0.374,0.264,3.06,1.63,2.29,2.05,1.68,7.23,4.05,6.05,4.22,2.97,-0.07200000000000001,0.035,0.0,-0.066,-0.042
1626199,0.59,0.41,0.513,0.385,0.256,1.7,0.5,0.8,1.1,0.9,2.3,1.6,2.0,1.5,1.0,0.254,-0.042,0.033,0.209,0.327
1626202,0.5760000000000001,0.424,0.563,0.331,0.23800000000000002,1.19,0.28,0.44,0.84,0.72,2.02,1.49,1.98,1.16,0.84,0.111,-0.154,-0.141,0.18,0.264
1626203,0.606,0.39399999999999996,0.5579999999999999,0.33399999999999996,0.233,1.63,0.81,1.12,1.12,0.86,3.25,2.12,3.0,1.8,1.25,0.004,0.022000000000000002,0.0,0.078,0.098
1626204,0.755,0.245,0.38299999999999995,0.541,0.406,3.78,0.8,1.34,2.95,2.52,7.11,2.31,3.61,5.09,3.83,0.011000000000000001,-0.011000000000000001,0.0,0.008,0.033
1626205,0.5,0.5,0.5,0.25,0.25,0.0,1.0,1.0,0.0,0.0,1.0,1.0,1.0,0.5,0.5,-0.5329999999999999,0.616,0.621,-0.528,-0.551
1626209,0.645,0.355,0.532,0.405,0.311,2.9,1.11,1.66,2.14,1.78,5.64,3.11,4.66,3.55,2.73,0.006999999999999999,0.0,-0.013999999999999999,0.039,0.036000000000000004
1626210,0.7829999999999999,0.217,0.304,0.609,0.522,2.2,0.4,0.6,1.8,1.4,3.6,1.0,1.4,2.8,2.4,0.046,0.06,0.065,0.033,-0.086
1626220,0.624,0.376,0.561,0.33799999999999997,0.262,1.67,0.67,1.02,1.14,0.97,3.58,2.16,3.22,1.94,1.5,-0.034,-0.052000000000000005,-0.06,0.03,0.035
1626224,0.608,0.392,0.547,0.366,0.272,1.42,0.65,0.94,0.98,0.77,2.94,1.9,2.65,1.77,1.31,-0.013999999999999999,-0.016,-0.013000000000000001,0.002,-0.013999999999999999
1626242,0.33299999999999996,0.667,0.667,0.33299999999999996,0.33299999999999996,0.0,0.0,0.0,0.0,0.0,0.5,1.0,1.0,0.5,0.5,-0.45299999999999996,-0.302,-0.306,-0.52,-0.5539999999999999
1626245,0.74,0.26,0.37799999999999995,0.5379999999999999,0.41600000000000004,3.06,0.7,1.02,2.51,2.04,5.47,1.92,2.79,3.98,3.08,0.040999999999999995,0.008,-0.002,0.063,0.048
1626246,0.888,0.11199999999999999,0.382,0.52,0.414,2.0,0.15,0.82,1.21,1.06,4.09,0.52,1.76,2.39,1.91,-0.045,0.005,0.102,-0.073,-0.07
1626257,0.8109999999999999,0.18899999999999997,0.33,0.596,0.47200000000000003,2.3,0.5,0.86,1.73,1.48,4.91,1.14,2.0,3.61,2.86,-0.059000000000000004,0.076,0.053,-0.095,-0.10099999999999999
1626259,0.581,0.419,0.6509999999999999,0.302,0.256,1.25,0.25,0.67,0.75,0.75,2.08,1.5,2.33,1.08,0.92,0.10300000000000001,-0.183,-0.087,0.122,0.196
1626643,0.33299999999999996,0.667,0.667,0.33299999999999996,0.33299999999999996,0.5,0.0,0.0,0.5,0.5,0.5,1.0,1.0,0.5,0.5,0.552,-0.379,-0.361,0.529,0.532
1626780,0.429,0.5710000000000001,0.5710000000000001,0.28600000000000003,0.14300000000000002,0.5,1.0,1.0,0.5,0.5,1.5,2.0,2.0,1.0,0.5,-0.172,0.187,0.196,-0.047,0.483
1627098,0.547,0.45299999999999996,0.619,0.294,0.185,1.4,0.9,1.24,0.88,0.7,2.9,2.4,3.28,1.56,0.98,-0.006999999999999999,0.004,-0.002,0.024,0.121
1627215,1.0,0.0,0.0,0.7140000000000001,0.5710000000000001,1.0,0.0,0.0,0.67,0.67,2.33,0.0,0.0,1.67,1.33,-0.055,0.0,0.0,-0.162,-0.106
1627362,0.616,0.384,0.45299999999999996,0.47700000000000004,0.36,2.71,1.14,1.43,2.29,1.86,3.79,2.36,2.79,2.93,2.21,0.20199999999999999,0.139,0.155,0.21899999999999997,0.222
1627732,0.596,0.40399999999999997,0.586,0.331,0.222,3.36,1.43,2.36,1.95,1.43,6.89,4.68,6.78,3.83,2.56,-0.02,-0.055,-0.027000000000000003,-0.059000000000000004,-0.065
1627733,0.672,0.32799999999999996,0.469,0.47,0.361,4.15,1.53,2.39,2.99,2.48,8.16,3.99,5.7,5.71,4.39,-0.008,0.02,0.046,-0.048,-0.057
1627734,0.812,0.188,0.305,0.632,0.506,4.38,0.7,1.16,3.58,3.08,8.77,2.03,3.3,6.82,5.46,-0.019,-0.017,-0.024,-0.04,-0.051
1627735,0.625,0.375,0.5,0.292,0.16699999999999998,1.0,1.2,1.2,0.8,0.4,3.0,1.8,2.4,1.4,0.8,-0.179,0.28800000000000003,0.125,-0.009000000000000001,-0.155
1627736,0.659,0.341,0.504,0.457,0.341,0.98,0.42,0.63,0.67,0.58,1.98,1.02,1.51,1.37,1.02,-0.003,0.045,0.042,-0.057999999999999996,-0.024
1627737,0.713,0.287,0.42,0.534,0.41200000000000003,3.5,1.15,1.63,2.83,2.35,7.13,2.86,4.19,5.33,4.11,-0.022000000000000002,0.048,0.015,-0.036000000000000004,-0.045
1627738,0.8440000000000001,0.156,0.259,0.672,0.55,2.82,0.33,0.64,2.28,1.97,5.23,0.97,1.61,4.16,3.41,0.023,-0.016,0.025,-0.013000000000000001,-0.032
1627739,0.561,0.439,0.575,0.354,0.27,3.24,1.84,2.45,2.35,2.02,6.16,4.82,6.31,3.88,2.96,0.03,0.017,0.011000000000000001,0.052000000000000005,0.07200000000000001
1627740,0.626,0.374,0.46299999999999997,0.469,0.34700000000000003,1.8,0.67,0.87,1.47,1.17,3.07,1.83,2.27,2.3,1.7,0.066,0.021,0.025,0.068,0.083
1627741,0.615,0.385,0.535,0.39799999999999996,0.304,3.16,1.22,1.84,2.25,1.96,5.63,3.53,4.9,3.65,2.78,0.061,-0.023,0.0,0.06,0.092
1627742,0.5710000000000001,0.429,0.5870000000000001,0.35200000000000004,0.284,3.26,1.46,2.11,2.33,2.05,6.25,4.68,6.42,3.84,3.11,0.015,-0.047,-0.043,0.042,0.046
1627743,0.677,0.32299999999999995,0.387,0.5479999999999999,0.419,1.0,0.33,0.33,0.92,0.67,1.75,0.83,1.0,1.42,1.08,0.09300000000000001,0.037000000000000005,-0.047,0.106,0.038
1627744,0.5529999999999999,0.447,0.5529999999999999,0.40399999999999997,0.36200000000000004,0.91,0.55,0.64,0.73,0.73,2.36,1.91,2.36,1.73,1.55,-0.11900000000000001,-0.022000000000000002,-0.053,-0.13,-0.161
1627745,0.805,0.195,0.293,0.634,0.512,1.23,0.31,0.38,1.0,0.92,2.54,0.62,0.92,2.0,1.62,-0.02,0.14400000000000002,0.032,-0.047,-0.017
1627746,0.67,0.33,0.43,0.537,0.43700000000000006,3.29,1.08,1.42,2.88,2.46,6.14,3.02,3.93,4.92,4.0,0.012,0.002,-0.004,0.011000000000000001,-0.008
1627747,0.631,0.369,0.585,0.327,0.244,3.15,1.53,2.43,1.91,1.54,6.13,3.59,5.69,3.18,2.37,0.013999999999999999,0.061,0.044000000000000004,0.042,0.031
1627748,0.8340000000000001,0.166,0.27,0.6829999999999999,0.579,3.93,0.58,0.94,3.38,2.94,7.34,1.46,2.38,6.01,5.1,0.013999999999999999,0.035,0.019,-0.008,-0.042
1627749,0.645,0.355,0.495,0.41700000000000004,0.313,2.97,1.21,1.76,2.09,1.74,5.6,3.08,4.29,3.62,2.72,0.021,0.036000000000000004,0.037000000000000005,0.01,0.02
1627750,0.618,0.382,0.5329999999999999,0.363,0.278,3.74,1.59,2.29,2.5,2.09,6.5,4.03,5.61,3.83,2.93,0.078,0.032,0.032,0.102,0.109
1627751,0.848,0.152,0.248,0.684,0.527,4.26,0.6,0.96,3.55,2.91,9.15,1.63,2.67,7.38,5.68,-0.049,0.011000000000000001,-0.011000000000000001,-0.081,-0.09699999999999999
1627752,0.627,0.373,0.54,0.375,0.302,3.46,1.26,2.11,2.23,1.94,6.26,3.73,5.4,3.74,3.01,0.034,-0.026000000000000002,0.016,0.02,0.013000000000000001
1627753,0.7120000000000001,0.28800000000000003,0.409,0.561,0.485,1.13,0.56,0.81,0.88,0.81,2.94,1.19,1.69,2.31,2.0,-0.107,0.10099999999999999,0.1,-0.16699999999999998,-0.17
1627756,0.531,0.469,0.601,0.34700000000000003,0.27699999999999997,2.82,1.57,2.09,2.08,1.75,4.89,4.32,5.54,3.2,2.55,0.065,0.002,0.005,0.075,0.057
1627758,0.541,0.45899999999999996,0.633,0.321,0.22,1.2,0.72,1.08,0.72,0.48,2.36,2.0,2.76,1.4,0.96,0.006999999999999999,-0.01,0.012,-0.039,-0.10800000000000001
1627759,0.574,0.426,0.5870000000000001,0.32899999999999996,0.25,2.45,1.27,1.76,1.67,1.46,5.39,4.0,5.51,3.09,2.34,-0.049,-0.05,-0.055999999999999994,-0.021,0.006999999999999999
1627761,0.611,0.389,0.51,0.382,0.293,2.24,0.88,1.12,1.68,1.32,3.84,2.44,3.2,2.4,1.84,0.087,-0.006999999999999999,-0.027000000000000003,0.145,0.099
1627762,0.8,0.2,0.4,0.467,0.2,2.0,0.25,0.75,1.25,0.75,3.0,0.75,1.5,1.75,0.75,0.152,-0.075,0.095,0.165,0.39
1627763,0.652,0.348,0.502,0.415,0.306,3.19,1.3,2.0,2.19,1.96,6.21,3.32,4.79,3.96,2.91,0.022000000000000002,0.027999999999999997,0.044000000000000004,0.001,0.063
1627767,0.787,0.213,0.303,0.63,0.52,2.59,0.53,0.73,2.22,1.94,4.63,1.25,1.78,3.71,3.06,0.042,0.066,0.040999999999999995,0.037000000000000005,0.022000000000000002
1627770,0.41,0.59,0.7440000000000001,0.205,0.179,0.43,0.5,0.57,0.36,0.36,1.14,1.64,2.07,0.57,0.5,-0.125,-0.015,-0.076,0.045,0.105
1627772,0.545,0.455,0.727,0.091,0.091,0.67,0.17,0.5,0.17,0.17,1.0,0.83,1.33,0.17,0.17,0.22,-0.113,0.03,0.5479999999999999,0.489
1627774,0.7070000000000001,0.293,0.512,0.439,0.341,0.89,0.21,0.32,0.74,0.58,1.53,0.63,1.11,0.95,0.74,0.065,-0.019,-0.07400000000000001,0.188,0.124
1627775,0.672,0.32799999999999996,0.479,0.429,0.28600000000000003,1.75,0.58,0.87,1.25,0.98,3.35,1.63,2.38,2.13,1.42,0.017,-0.011000000000000001,-0.008,0.019,0.062
1627777,0.75,0.25,0.5,0.25,0.125,1.0,0.33,0.67,0.33,0.33,2.0,0.67,1.33,0.67,0.33,0.043,0.099,0.125,0.033,0.451
1627778,0.5,0.5,0.667,0.33299999999999996,0.33299999999999996,2.0,1.0,1.0,2.0,2.0,3.0,3.0,4.0,2.0,2.0,0.17600000000000002,-0.086,-0.16399999999999998,0.493,0.444
1627779,0.667,0.33299999999999996,0.667,0.16699999999999998,0.16699999999999998,0.5,0.0,0.0,0.25,0.25,1.0,0.5,1.0,0.25,0.25,0.066,-0.382,-0.365,0.539,0.478
1627780,0.7090000000000001,0.29100000000000004,0.45299999999999996,0.465,0.349,1.8,0.55,0.9,1.15,0.9,3.05,1.25,1.95,2.0,1.5,0.095,0.075,0.08,0.019,-0.006999999999999999
1627781,0.439,0.561,0.6829999999999999,0.256,0.183,0.83,0.83,0.92,0.67,0.5,1.5,1.92,2.33,0.88,0.63,0.047,0.09,0.038,0.17,0.171
1627782,0.517,0.483,0.636,0.295,0.233,1.4,0.71,1.09,0.94,0.8,2.6,2.43,3.2,1.49,1.17,0.046,-0.07200000000000001,-0.031,0.086,0.073
1627783,0.6579999999999999,0.342,0.465,0.47,0.331,2.37,0.95,1.4,1.77,1.35,4.94,2.57,3.49,3.53,2.48,-0.025,0.011000000000000001,0.028999999999999998,-0.055999999999999994,-0.067
1627785,0.55,0.45,0.6,0.317,0.25,1.0,0.62,0.77,0.69,0.54,2.54,2.08,2.77,1.46,1.15,-0.102,-0.053,-0.08900000000000001,-0.083,-0.135
1627786,0.579,0.42100000000000004,0.579,0.389,0.305,1.37,0.74,1.05,0.95,0.74,2.89,2.11,2.89,1.95,1.53,-0.027999999999999997,-0.005,0.003,-0.069,-0.13
1627788,0.733,0.267,0.6,0.36700000000000005,0.233,1.27,0.45,0.73,0.91,0.64,2.0,0.73,1.64,1.0,0.64,0.161,0.27,0.10300000000000001,0.368,0.409
1627789,0.584,0.41600000000000004,0.5660000000000001,0.33899999999999997,0.259,1.63,0.82,1.04,1.04,0.9,3.27,2.33,3.16,1.9,1.45,-0.003,-0.006999999999999999,-0.042,-0.009000000000000001,0.011000000000000001
1627790,0.8240000000000001,0.17600000000000002,0.278,0.667,0.45399999999999996,2.09,0.36,0.68,1.68,1.23,4.05,0.86,1.36,3.27,2.23,0.002,0.085,0.131,-0.047,-0.066
1627812,0.599,0.401,0.578,0.317,0.226,2.96,1.23,1.9,1.82,1.44,5.13,3.44,4.95,2.72,1.94,0.08,0.005,0.018000000000000002,0.109,0.128
1627814,0.5770000000000001,0.423,0.593,0.317,0.252,2.33,1.13,1.4,1.8,1.47,4.73,3.47,4.87,2.6,2.07,-0.016,-0.035,-0.081,0.11699999999999999,0.083
1627816,0.657,0.34299999999999997,0.514,0.429,0.314,0.86,0.21,0.36,0.71,0.57,1.64,0.86,1.29,1.07,0.79,0.017,-0.129,-0.094,0.11199999999999999,0.125
1627817,0.5,0.5,0.5,0.25,0.25,0.33,0.33,0.33,0.0,0.0,0.67,0.67,0.67,0.33,0.33,0.025,0.162,0.163,-0.496,-0.48100000000000004
1627819,0.552,0.44799999999999995,0.705,0.20800000000000002,0.11,1.39,0.89,1.53,0.56,0.41,2.98,2.42,3.81,1.13,0.59,-0.017,0.011000000000000001,0.032,-0.039,0.08199999999999999
1627820,0.61,0.39,0.584,0.33799999999999997,0.263,3.66,1.24,2.24,2.31,1.93,6.48,4.14,6.21,3.59,2.79,0.055,-0.061,-0.017,0.08199999999999999,0.078
1627821,0.763,0.237,0.395,0.579,0.5,1.89,0.33,0.44,1.67,1.67,3.22,1.0,1.67,2.44,2.11,0.071,-0.040999999999999995,-0.114,0.122,0.177
1627823,0.5820000000000001,0.418,0.591,0.373,0.318,1.38,0.76,1.05,1.05,1.0,3.05,2.19,3.1,1.95,1.67,-0.045,0.008,-0.023,-0.013000000000000001,-0.002
1627824,0.726,0.27399999999999997,0.43200000000000005,0.505,0.45299999999999996,1.33,0.52,0.67,1.15,1.04,2.56,0.96,1.52,1.78,1.59,0.037000000000000005,0.179,0.068,0.10099999999999999,0.055
1627826,0.785,0.215,0.33299999999999996,0.589,0.461,2.33,0.44,0.75,1.86,1.56,4.78,1.31,2.03,3.58,2.81,-0.032,-0.028999999999999998,-0.006999999999999999,-0.051,-0.064
1627827,0.65,0.35,0.545,0.371,0.266,2.25,1.1,1.55,1.55,1.25,4.65,2.5,3.9,2.65,1.9,-0.032,0.096,0.039,-0.006,0.019
1627832,0.642,0.358,0.527,0.358,0.22,1.85,0.8,1.2,1.17,0.83,3.85,2.15,3.16,2.15,1.32,-0.011000000000000001,0.015,0.008,-0.003,0.015
1627834,0.797,0.203,0.348,0.623,0.536,2.53,0.33,0.73,2.13,2.0,3.67,0.93,1.6,2.87,2.47,0.174,0.013000000000000001,0.079,0.172,0.195
1627835,0.65,0.35,0.495,0.44799999999999995,0.353,2.24,1.0,1.34,1.78,1.5,4.12,2.22,3.14,2.84,2.24,0.031,0.084,0.051,0.055999999999999994,0.049
1627846,0.5660000000000001,0.434,0.547,0.39,0.289,1.24,0.67,0.86,0.95,0.74,2.14,1.64,2.07,1.48,1.1,0.094,0.052000000000000005,0.057,0.09699999999999999,0.07400000000000001
1627850,0.895,0.105,0.316,0.684,0.526,1.8,0.0,0.2,1.6,1.6,3.4,0.4,1.2,2.6,2.0,0.001,-0.39799999999999996,-0.207,0.044000000000000004,0.172
1627853,0.439,0.561,0.61,0.305,0.244,0.91,0.52,0.61,0.61,0.61,1.57,2.0,2.17,1.09,0.87,0.09699999999999999,-0.079,-0.071,0.032,0.125
1627854,0.632,0.368,0.5589999999999999,0.324,0.203,2.03,0.72,1.07,1.36,1.04,3.88,2.26,3.43,1.99,1.24,0.025,-0.044000000000000004,-0.062,0.14,0.23199999999999998
1627855,0.7140000000000001,0.28600000000000003,0.429,0.5,0.35700000000000004,2.2,0.4,0.6,1.6,1.0,4.0,1.6,2.4,2.8,2.0,0.043,-0.126,-0.11900000000000001,0.013999999999999999,-0.113
1627856,0.625,0.375,0.375,0.5,0.5,1.0,1.0,1.0,1.0,1.0,2.5,1.5,1.5,2.0,2.0,-0.158,0.308,0.27899999999999997,-0.11,-0.127
1627858,0.667,0.33299999999999996,0.5,0.435,0.35100000000000003,2.1,0.72,1.28,1.34,1.14,3.86,1.93,2.9,2.52,2.03,0.04,0.013999999999999999,0.07200000000000001,-0.026000000000000002,-0.045
1627863,0.563,0.43799999999999994,0.5760000000000001,0.326,0.215,1.7,1.04,1.43,1.09,0.74,3.52,2.74,3.61,2.04,1.35,-0.031,0.015,0.017,-0.047,-0.07200000000000001
1627866,0.667,0.33299999999999996,0.444,0.444,0.444,2.0,0.0,0.33,1.33,1.33,2.0,1.0,1.33,1.33,1.33,0.44799999999999995,-0.354,-0.102,0.41200000000000003,0.36700000000000005
1627875,0.45899999999999996,0.541,0.6890000000000001,0.257,0.23,0.79,0.67,0.83,0.54,0.46,1.42,1.67,2.13,0.79,0.71,0.03,0.044000000000000004,0.017,0.08199999999999999,-0.011000000000000001
1627883,0.46399999999999997,0.536,0.6609999999999999,0.304,0.28600000000000003,1.38,1.31,1.69,0.92,0.85,2.0,2.31,2.85,1.31,1.23,0.16899999999999998,0.223,0.243,0.11900000000000001,0.066
1627884,0.696,0.304,0.522,0.337,0.25,1.81,0.75,1.25,1.0,0.81,4.0,1.75,3.0,1.94,1.44,-0.062,0.065,0.046,-0.047,-0.035
1627885,0.64,0.36,0.6,0.28,0.207,2.18,0.73,1.41,1.18,1.05,4.36,2.45,4.09,1.91,1.41,-0.005,-0.049,-0.024,0.057,0.121
1627936,0.623,0.377,0.503,0.429,0.304,1.69,0.6,0.83,1.31,1.09,3.4,2.06,2.74,2.34,1.66,-0.004,-0.068,-0.067,0.011000000000000001,0.05
1627982,0.6859999999999999,0.314,0.6,0.257,0.171,2.6,1.6,2.4,1.2,1.0,4.8,2.2,4.2,1.8,1.2,0.043,0.336,0.19699999999999998,0.107,0.24
1627988,0.55,0.45,0.588,0.389,0.321,2.1,1.1,1.45,1.65,1.5,3.6,2.95,3.85,2.55,2.1,0.068,0.008,0.0,0.08,0.09300000000000001
1628021,0.5479999999999999,0.452,0.591,0.348,0.259,2.9,1.7,2.33,2.01,1.64,5.0,4.12,5.39,3.17,2.36,0.075,0.048,0.057999999999999996,0.071,0.078
1628035,0.8,0.2,0.45,0.5,0.35,0.7,0.1,0.1,0.7,0.5,1.6,0.4,0.9,1.0,0.7,-0.055999999999999994,-0.115,-0.262,0.135,0.087
1628365,0.5539999999999999,0.446,0.5539999999999999,0.35600000000000004,0.267,2.0,1.0,1.36,1.36,1.0,4.0,3.21,4.0,2.57,1.93,0.004,-0.05,-0.024,-0.017,-0.08800000000000001
1628366,0.63,0.37,0.51,0.41,0.29,3.36,1.44,2.04,2.42,1.92,7.22,4.24,5.84,4.7,3.32,-0.035,-0.024,-0.027999999999999997,-0.043,-0.04
1628367,0.603,0.397,0.531,0.38799999999999996,0.327,2.69,1.18,1.68,1.83,1.58,4.91,3.23,4.32,3.16,2.66,0.045,0.001,0.012,0.021,-0.019
1628368,0.494,0.506,0.635,0.313,0.247,2.44,1.84,2.27,1.77,1.47,4.73,4.85,6.08,3.0,2.37,0.023,0.025,0.003,0.037000000000000005,0.017
1628369,0.583,0.41700000000000004,0.5479999999999999,0.396,0.321,2.31,1.23,1.58,1.71,1.53,4.77,3.4,4.48,3.23,2.62,-0.021,-0.006,-0.025,-0.027000000000000003,-0.026000000000000002
1628370,0.628,0.37200000000000005,0.5,0.389,0.301,1.65,0.53,0.78,1.15,0.96,2.58,1.53,2.05,1.6,1.24,0.156,-0.013999999999999999,0.008,0.172,0.184
1628371,0.728,0.272,0.39,0.5529999999999999,0.461,3.11,0.81,1.04,2.67,2.33,6.15,2.3,3.3,4.67,3.89,0.001,-0.004,-0.054000000000000006,0.009000000000000001,-0.013000000000000001
1628372,0.5660000000000001,0.434,0.56,0.375,0.27399999999999997,3.48,1.49,2.14,2.48,2.07,5.94,4.57,5.88,3.94,2.88,0.081,-0.035,-0.011000000000000001,0.066,0.10400000000000001
1628373,0.644,0.35600000000000004,0.51,0.41100000000000003,0.312,2.12,0.94,1.29,1.66,1.45,4.74,2.62,3.75,3.03,2.3,-0.051,-0.003,-0.025,-0.004,0.026000000000000002
1628374,0.733,0.267,0.43799999999999994,0.499,0.381,4.06,1.19,1.96,2.96,2.49,7.85,2.87,4.69,5.35,4.09,0.006,0.043,0.037000000000000005,-0.021,-0.02
1628378,0.597,0.40299999999999997,0.583,0.322,0.237,2.75,1.32,1.97,1.77,1.43,5.78,3.9,5.65,3.11,2.29,-0.028999999999999998,-0.025,-0.024,0.001,0.006
1628379,0.584,0.41600000000000004,0.529,0.381,0.268,2.11,0.96,1.35,1.44,1.18,3.77,2.69,3.42,2.46,1.73,0.063,-0.005,0.023,0.033,0.086
1628380,0.715,0.285,0.447,0.48,0.359,2.16,0.81,1.34,1.45,1.15,4.85,1.94,3.03,3.26,2.44,-0.057999999999999996,0.052000000000000005,0.069,-0.106,-0.131
1628381,0.758,0.243,0.335,0.611,0.479,4.01,0.97,1.3,3.45,2.97,8.3,2.66,3.67,6.7,5.25,-0.04,0.009000000000000001,-0.017,-0.055,-0.054000000000000006
1628382,0.585,0.415,0.5660000000000001,0.36,0.289,1.93,0.94,1.37,1.34,1.13,3.63,2.57,3.51,2.24,1.79,0.026000000000000002,0.002,0.017,0.037000000000000005,0.026000000000000002
1628384,0.608,0.392,0.564,0.34,0.25,2.23,1.01,1.52,1.41,1.16,4.34,2.79,4.03,2.42,1.78,0.006999999999999999,0.001,0.002,0.011000000000000001,0.03
1628386,0.8590000000000001,0.141,0.281,0.619,0.496,4.2,0.5,1.01,3.26,2.66,8.73,1.43,2.86,6.29,5.04,-0.04,-0.01,-0.016,-0.054000000000000006,-0.09699999999999999
1628387,0.95,0.05,0.1,0.85,0.8,1.22,0.11,0.11,1.11,1.11,2.11,0.11,0.22,1.89,1.78,0.115,0.725,0.257,0.1,0.084
1628388,0.619,0.381,0.46399999999999997,0.46399999999999997,0.369,1.28,0.5,0.63,1.07,0.89,2.26,1.39,1.7,1.7,1.35,0.067,-0.006999999999999999,0.005,0.069,0.051
1628389,0.73,0.27,0.423,0.498,0.382,2.3,0.64,1.1,1.61,1.39,5.07,1.88,2.94,3.46,2.66,-0.069,-0.013000000000000001,0.002,-0.1,-0.09300000000000001
1628390,0.623,0.377,0.552,0.381,0.285,1.42,0.62,0.92,0.98,0.81,2.81,1.7,2.49,1.72,1.28,0.006999999999999999,0.004,-0.001,0.019,0.023
1628391,0.742,0.258,0.355,0.613,0.516,1.36,0.27,0.36,1.27,1.0,2.09,0.73,1.0,1.73,1.45,0.156,0.002,-0.016,0.187,0.10400000000000001
1628393,0.5660000000000001,0.434,0.626,0.294,0.209,1.65,0.86,1.26,1.02,0.81,3.09,2.37,3.42,1.6,1.14,0.051,0.0,-0.006999999999999999,0.098,0.129
1628395,0.7140000000000001,0.28600000000000003,0.384,0.5589999999999999,0.452,2.88,0.86,1.26,2.28,1.84,5.65,2.26,3.04,4.42,3.58,-0.004,0.02,0.05,-0.043,-0.095
1628396,0.294,0.706,0.706,0.17600000000000002,0.17600000000000002,0.25,0.88,0.88,0.13,0.13,0.63,1.5,1.5,0.38,0.38,-0.113,0.225,0.218,-0.222,-0.259
1628397,0.7170000000000001,0.28300000000000003,0.413,0.5539999999999999,0.433,3.17,0.97,1.43,2.6,2.27,5.73,2.27,3.3,4.43,3.47,0.032,0.071,0.071,0.017,0.031
1628398,0.669,0.331,0.465,0.47,0.35700000000000004,3.59,1.28,1.76,2.81,2.35,7.27,3.6,5.05,5.11,3.88,-0.017,-0.004,-0.021,-0.018000000000000002,-0.013999999999999999
1628399,0.5,0.5,0.5,0.5,0.5,0.0,1.0,1.0,0.0,0.0,1.0,1.0,1.0,1.0,1.0,-0.45899999999999996,0.693,0.657,-0.514,-0.588
1628400,0.634,0.366,0.506,0.40399999999999997,0.266,1.89,0.68,0.92,1.38,1.02,3.83,2.21,3.06,2.44,1.61,-0.011000000000000001,-0.049,-0.069,0.006,0.021
1628401,0.581,0.419,0.516,0.452,0.435,1.31,0.38,0.46,1.23,1.23,2.77,2.0,2.46,2.15,2.08,-0.025,-0.149,-0.16,0.005,-0.013999999999999999
1628403,0.657,0.34299999999999997,0.493,0.46299999999999997,0.34299999999999997,1.0,0.41,0.59,0.77,0.64,2.0,1.05,1.5,1.41,1.05,-0.005,0.037000000000000005,0.042,-0.003,0.0
1628404,0.648,0.35200000000000004,0.496,0.42,0.313,3.35,1.21,1.74,2.52,2.03,6.47,3.52,4.95,4.19,3.13,0.011000000000000001,-0.017,-0.022000000000000002,0.032,0.03
1628405,0.7759999999999999,0.22399999999999998,0.379,0.586,0.397,2.3,0.5,0.8,1.9,1.2,4.5,1.3,2.2,3.4,2.3,-0.006,0.077,0.028999999999999998,-0.009000000000000001,-0.1
1628407,0.575,0.425,0.593,0.321,0.25,1.77,0.93,1.34,1.14,1.0,3.5,2.59,3.61,1.95,1.52,0.006,0.0,-0.001,0.021,0.047
1628408,1.0,0.0,0.25,0.75,0.75,1.0,0.0,0.0,1.0,1.0,2.0,0.0,0.5,1.5,1.5,-0.049,0.0,-0.381,0.038,-0.046
1628409,0.6,0.4,0.507,0.42700000000000005,0.36,1.0,0.78,0.83,0.78,0.72,2.5,1.67,2.11,1.78,1.5,-0.091,0.11599999999999999,0.026000000000000002,-0.085,-0.096
1628410,0.0,1.0,1.0,0.0,0.0,0.0,1.0,1.0,0.0,0.0,0.0,1.0,1.0,0.0,0.0,0.0,0.6579999999999999,0.675,0.0,0.0
1628411,0.601,0.39899999999999997,0.561,0.375,0.302,1.79,0.62,1.0,1.28,1.09,3.4,2.26,3.17,2.12,1.71,0.026000000000000002,-0.08199999999999999,-0.052000000000000005,0.040999999999999995,0.025
1628412,0.49,0.51,0.643,0.247,0.165,1.4,0.88,1.24,0.78,0.54,2.5,2.6,3.28,1.26,0.84,0.061,-0.008,0.015,0.065,0.045
1628414,0.589,0.41100000000000003,0.551,0.359,0.292,2.02,0.91,1.23,1.42,1.27,3.88,2.7,3.63,2.36,1.92,0.016,-0.026000000000000002,-0.033,0.038,0.037000000000000005
1628415,0.562,0.43799999999999994,0.595,0.32,0.254,3.25,1.85,2.53,2.3,2.02,5.94,4.63,6.28,3.38,2.68,0.044000000000000004,0.034,0.026000000000000002,0.115,0.142
1628416,0.625,0.375,0.575,0.305,0.228,2.18,0.94,1.42,1.32,1.06,4.06,2.44,3.74,1.98,1.48,0.037000000000000005,0.026000000000000002,0.006999999999999999,0.10800000000000001,0.105
1628418,0.8440000000000001,0.156,0.281,0.7190000000000001,0.625,1.46,0.08,0.15,1.38,1.15,2.08,0.38,0.69,1.77,1.54,0.16399999999999998,-0.155,-0.08,0.182,0.083
1628420,0.667,0.33299999999999996,0.667,0.222,0.111,1.0,0.0,0.33,0.33,0.0,2.0,1.0,2.0,0.67,0.33,0.012,-0.364,-0.223,0.22899999999999998,0.0
1628421,0.75,0.25,1.0,0.0,0.0,1.0,1.0,2.0,0.0,0.0,3.0,1.0,4.0,0.0,0.0,-0.132,0.6629999999999999,0.15,0.0,0.0
1628422,0.597,0.40299999999999997,0.56,0.35200000000000004,0.264,1.28,0.48,0.68,0.95,0.83,2.38,1.6,2.23,1.4,1.05,0.017,-0.053,-0.06,0.105,0.152
1628425,0.586,0.414,0.5429999999999999,0.406,0.342,1.79,0.83,1.1,1.44,1.38,3.13,2.21,2.9,2.17,1.83,0.055999999999999994,0.011000000000000001,0.006999999999999999,0.092,0.138
1628429,0.636,0.364,0.636,0.273,0.273,0.43,0.14,0.29,0.29,0.29,1.0,0.57,1.0,0.43,0.43,-0.057,-0.005,-0.006999999999999999,0.10400000000000001,0.044000000000000004
1628432,0.6890000000000001,0.311,0.5,0.405,0.311,1.29,0.38,0.67,0.9,0.76,2.43,1.1,1.76,1.43,1.1,0.033,-0.006,0.02,0.07400000000000001,0.077
1628436,0.846,0.154,0.262,0.6709999999999999,0.53,3.25,0.55,0.75,2.7,2.35,6.3,1.15,1.95,5.0,3.95,-0.012,0.10300000000000001,0.012,-0.043,-0.044000000000000004
1628439,0.737,0.263,0.39399999999999996,0.5660000000000001,0.444,2.59,0.41,0.82,2.06,1.65,4.29,1.53,2.29,3.29,2.59,0.079,-0.059000000000000004,0.028999999999999998,0.044000000000000004,0.012
1628443,0.542,0.45799999999999996,0.45799999999999996,0.45799999999999996,0.45799999999999996,1.33,0.5,0.5,1.17,1.17,2.17,1.83,1.83,1.83,1.83,0.094,-0.092,-0.085,0.07400000000000001,0.019
1628444,0.34600000000000003,0.654,0.769,0.192,0.192,0.33,0.89,0.89,0.22,0.22,1.0,1.89,2.22,0.56,0.56,-0.14,0.095,0.026000000000000002,-0.099,-0.128
1628451,0.75,0.25,0.41700000000000004,0.583,0.41700000000000004,0.67,0.33,0.33,0.67,0.33,3.0,1.0,1.67,2.33,1.67,-0.271,-0.034,-0.177,-0.248,-0.374
1628455,0.657,0.34299999999999997,0.57,0.331,0.24,2.14,0.69,1.34,1.2,0.91,4.54,2.37,3.94,2.29,1.66,-0.02,-0.076,-0.036000000000000004,-0.025,-0.055
1628462,0.63,0.37,0.534,0.38799999999999996,0.305,3.07,1.3,1.98,2.07,1.84,5.5,3.23,4.66,3.39,2.66,0.061,0.040999999999999995,0.055,0.059000000000000004,0.083
1628463,0.7190000000000001,0.281,0.41100000000000003,0.53,0.405,2.38,0.65,1.0,1.85,1.56,3.91,1.53,2.24,2.88,2.21,0.083,0.095,0.094,0.07400000000000001,0.085
1628464,0.802,0.198,0.349,0.59,0.462,2.96,0.61,1.05,2.41,2.04,6.36,1.57,2.77,4.68,3.66,-0.047,0.03,0.006999999999999999,-0.05,-0.059000000000000004
1628467,0.7190000000000001,0.281,0.43200000000000005,0.491,0.374,3.32,0.88,1.52,2.35,1.97,5.97,2.33,3.59,4.08,3.11,0.043,0.017,0.051,0.006,0.012
1628469,0.456,0.544,0.711,0.278,0.244,1.47,1.07,1.53,1.0,0.93,2.73,3.27,4.27,1.67,1.47,0.026000000000000002,-0.033,-0.008,0.027000000000000003,0.023
1628470,0.6459999999999999,0.354,0.528,0.39399999999999996,0.276,2.03,0.82,1.15,1.49,1.18,4.21,2.31,3.44,2.56,1.79,-0.023,-0.005,-0.04,0.013999999999999999,0.042
1628475,0.5,0.5,0.5,0.5,0.5,0.0,0.0,0.0,0.0,0.0,0.5,0.5,0.5,0.5,0.5,-0.552,-0.4,-0.38299999999999995,-0.602,-0.645
1628476,0.7,0.3,0.44,0.46,0.32,1.27,0.27,0.53,0.87,0.8,2.33,1.0,1.47,1.53,1.07,0.055,-0.107,-0.02,0.027999999999999997,0.15
1628492,0.522,0.478,0.609,0.348,0.261,0.67,0.83,1.0,0.5,0.5,2.0,1.83,2.33,1.33,1.0,-0.154,0.098,0.068,-0.177,-0.11599999999999999
1628493,0.857,0.14300000000000002,0.28600000000000003,0.7140000000000001,0.28600000000000003,1.0,0.0,0.0,1.0,0.67,2.0,0.33,0.67,1.67,0.67,-0.01,-0.371,-0.301,0.057999999999999996,0.414
1628495,0.618,0.382,0.5,0.382,0.294,1.11,0.44,0.44,0.89,0.67,2.33,1.44,1.89,1.44,1.11,0.006,0.006999999999999999,-0.08,0.09300000000000001,0.048
1628499,0.55,0.45,0.525,0.4,0.3,1.0,0.64,0.79,0.86,0.71,1.57,1.29,1.5,1.14,0.86,0.132,0.124,0.12300000000000001,0.204,0.25
1628502,0.778,0.222,0.361,0.47200000000000003,0.361,2.17,0.17,0.5,1.33,1.17,4.67,1.33,2.17,2.83,2.17,-0.05,-0.165,-0.095,-0.087,-0.043
1628503,0.625,0.375,0.513,0.46299999999999997,0.363,2.5,0.75,1.17,2.0,1.75,4.17,2.5,3.42,3.08,2.42,0.095,-0.042,-0.013000000000000001,0.071,0.09300000000000001
1628504,0.578,0.42200000000000004,0.622,0.311,0.222,2.6,2.0,2.6,2.0,1.6,5.2,3.8,5.6,2.8,2.0,0.004,0.187,0.09699999999999999,0.132,0.16399999999999998
1628506,0.556,0.444,0.556,0.444,0.278,1.17,0.67,0.67,1.17,0.83,1.67,1.33,1.67,1.33,0.83,0.20600000000000002,0.163,0.040999999999999995,0.336,0.377
1628510,0.449,0.551,0.633,0.265,0.204,0.79,0.93,1.0,0.64,0.57,1.57,1.93,2.21,0.93,0.71,-0.002,0.12,0.079,0.127,0.17
1628537,0.622,0.37799999999999995,0.568,0.297,0.21600000000000003,2.0,0.83,1.33,1.17,1.0,3.83,2.33,3.5,1.83,1.33,0.026000000000000002,0.025,0.011000000000000001,0.08800000000000001,0.136
1628681,0.41200000000000003,0.588,0.706,0.25,0.20600000000000002,0.79,0.93,1.14,0.57,0.57,2.0,2.86,3.43,1.21,1.0,-0.087,-0.027000000000000003,-0.023,-0.064,-0.013999999999999999
1628935,0.7140000000000001,0.28600000000000003,0.28600000000000003,0.7140000000000001,0.7140000000000001,5.0,0.0,0.0,5.0,5.0,5.0,2.0,2.0,5.0,5.0,0.491,-0.35200000000000004,-0.361,0.441,0.4
