,Player,Pos,3P%,2P%,ORB,DRB,AST,STL,BLK,TOV,PF,PTS
0,Steven Adams,C,0.33299999999999996,0.593,3.4,6.0,2.4,0.9,1.1,1.5,1.9,10.9
1,Bam Adebayo,PF,0.077,0.5760000000000001,2.5,8.0,5.1,1.2,1.3,2.8,2.5,16.2
2,LaMarcus Aldridge,C,0.389,0.519,1.9,5.5,2.4,0.7,1.6,1.4,2.4,18.9
3,Nickeil Alexander-Walker,SG,0.342,0.336,0.2,1.8,1.8,0.3,0.2,1.0,1.1,5.1
4,Grayson Allen,SG,0.363,0.541,0.2,2.0,1.4,0.2,0.0,0.8,1.2,7.4
5,Jarrett Allen,C,0.0,0.654,3.0,6.4,1.3,0.6,1.3,1.1,2.3,10.6
6,Kadeem Allen,SG,0.313,0.5,0.2,0.7,2.1,0.5,0.2,0.8,0.7,5.0
7,Al-Farouq Aminu,PF,0.25,0.32,1.3,3.5,1.2,1.0,0.4,0.9,1.5,4.3
8,Justin Anderson,SF,0.0,0.33299999999999996,0.0,0.7,0.0,0.0,0.3,0.0,0.7,1.0
9,Kyle Anderson,PF,0.258,0.56,0.9,3.4,2.2,0.8,0.5,0.9,1.4,5.7
10,Ryan Anderson,PF,0.2,0.5,0.0,3.5,1.0,0.5,0.0,0.5,0.5,2.5
11,Giannis Antetokounmpo,PF,0.306,0.622,2.3,11.5,5.8,1.0,1.0,3.7,3.0,29.6
12,Kostas Antetokounmpo,PF,,,0.0,0.3,0.3,0.0,0.0,0.0,0.0,0.0
13,Thanasis Antetokounmpo,SF,0.0,0.655,0.6,0.4,0.5,0.3,0.1,0.6,0.7,2.5
14,Carmelo Anthony,PF,0.371,0.447,1.2,5.0,1.6,0.8,0.5,1.7,2.8,15.3
15,OG Anunoby,SF,0.381,0.593,1.2,4.2,1.6,1.4,0.7,1.2,2.5,10.7
16,Ryan Arcidiacono,PG,0.391,0.439,0.3,1.6,1.7,0.5,0.1,0.6,1.7,4.5
17,Trevor Ariza,SF,0.37200000000000005,0.556,0.6,4.0,1.7,1.3,0.3,1.1,2.1,8.0
18,D.J. Augustin,PG,0.345,0.43,0.4,1.9,4.6,0.6,0.0,1.4,1.1,10.4
19,Deandre Ayton,C,0.0,0.552,4.1,7.9,1.9,0.7,1.7,2.4,3.2,19.0
20,Dwayne Bacon,SG,0.284,0.373,0.4,2.2,1.3,0.6,0.1,0.9,1.3,5.7
21,Marvin Bagley III,PF,0.182,0.51,2.2,5.2,0.8,0.5,0.9,1.4,3.3,14.2
22,Lonzo Ball,PG,0.38299999999999995,0.45299999999999996,1.1,5.1,7.0,1.4,0.5,3.1,2.0,12.4
23,Mo Bamba,C,0.35600000000000004,0.534,1.6,3.4,0.7,0.4,1.4,0.7,1.9,5.5
24,J.J. Barea,PG,0.382,0.43700000000000006,0.4,1.5,3.8,0.2,0.1,1.3,1.0,7.5
25,Harrison Barnes,PF,0.38299999999999995,0.498,1.0,3.8,2.4,0.6,0.2,1.3,1.3,14.7
26,RJ Barrett,SG,0.32,0.43200000000000005,0.9,4.1,2.6,1.0,0.3,2.2,2.2,14.3
27,Will Barton,SF,0.375,0.498,1.3,5.0,3.7,1.1,0.5,1.5,2.1,15.1
28,Keita Bates-Diop,SF,0.33,0.509,0.5,2.3,0.8,0.4,0.5,0.4,1.0,6.6
29,Nicolas Batum,SF,0.28600000000000003,0.43799999999999994,1.1,3.4,3.0,0.8,0.4,1.0,1.9,3.6
30,Aron Baynes,C,0.35100000000000003,0.5820000000000001,1.7,4.0,1.6,0.2,0.5,1.2,3.4,11.5
31,Kent Bazemore,SF,0.342,0.401,0.4,4.0,1.3,1.1,0.6,1.3,2.8,8.7
32,Darius Bazley,PF,0.3,0.446,0.4,3.3,0.5,0.4,0.7,0.8,0.8,4.5
33,Bradley Beal,SG,0.353,0.515,0.9,3.3,6.1,1.2,0.4,3.4,2.2,30.5
34,Malik Beasley,SG,0.38799999999999996,0.465,0.3,2.4,1.4,0.7,0.1,1.0,1.4,11.2
35,Marco Belinelli,SG,0.368,0.42200000000000004,0.1,1.7,1.2,0.2,0.0,0.3,0.8,5.8
36,Jordan Bell,PF,0.33299999999999996,0.564,1.0,1.8,0.6,0.1,0.3,0.7,0.7,3.2
37,DeAndre' Bembry,SG,0.231,0.546,0.8,2.7,1.9,1.3,0.4,1.4,2.0,5.8
38,Dragan Bender,SF,0.349,0.531,1.0,3.6,1.8,0.3,0.6,1.3,2.6,6.7
39,Dāvis Bertāns,PF,0.424,0.47100000000000003,0.6,3.9,1.7,0.7,0.6,1.1,2.6,15.4
40,Patrick Beverley,PG,0.379,0.504,1.2,4.2,3.7,1.1,0.5,1.3,3.1,7.9
41,Khem Birch,C,0.0,0.491,1.8,2.8,0.9,0.4,0.5,0.6,1.8,3.8
42,Goga Bitadze,C,0.16699999999999998,0.591,0.4,1.5,0.4,0.1,0.7,0.5,1.2,3.1
43,Bismack Biyombo,C,,0.5429999999999999,2.3,3.5,0.9,0.2,0.9,0.9,2.2,7.4
44,Nemanja Bjelica,PF,0.424,0.524,1.7,4.8,2.8,0.8,0.5,1.4,3.0,11.9
45,Eric Bledsoe,PG,0.348,0.54,0.7,3.9,5.4,0.9,0.4,2.5,2.1,15.4
46,Bogdan Bogdanović,SG,0.361,0.541,0.3,2.9,3.2,1.0,0.3,1.7,2.2,14.5
47,Bojan Bogdanović,SF,0.414,0.479,0.6,3.5,2.1,0.5,0.1,2.5,1.7,20.2
48,Jonah Bolden,PF,0.0,0.5710000000000001,0.4,0.9,0.0,0.4,0.3,0.3,1.4,1.4
49,Marques Bolden,C,,,0.0,2.0,0.0,1.0,0.0,0.0,1.0,0.0
50,Jordan Bone,PG,0.2,0.3,0.0,0.4,0.8,0.1,0.0,0.2,0.6,1.2
51,Isaac Bonga,SF,0.4,0.574,1.1,2.1,1.1,0.6,0.4,0.7,2.3,4.6
52,Devin Booker,SG,0.36,0.544,0.4,3.7,6.6,0.7,0.3,3.9,3.0,26.1
53,Chris Boucher,PF,0.28300000000000003,0.565,1.7,2.7,0.4,0.4,1.0,0.4,1.9,6.3
54,Brian Bowen,SG,0.0,0.28600000000000003,0.2,1.2,0.0,0.0,0.2,0.2,0.4,0.8
55,Ky Bowman,PG,0.308,0.47200000000000003,0.5,2.2,2.9,1.0,0.2,1.6,2.3,7.4
56,Avery Bradley,SG,0.364,0.51,0.4,2.0,1.3,0.9,0.1,1.0,2.2,8.6
57,Tony Bradley,C,1.0,0.662,1.8,2.5,0.3,0.2,0.5,0.5,2.0,4.7
58,Jarrell Brantley,PF,,,0.0,1.0,0.2,0.0,0.4,0.4,0.4,0.0
59,Ignas Brazdeikis,SF,0.111,0.385,0.2,0.3,0.4,0.0,0.1,0.2,0.3,1.9
60,Mikal Bridges,SF,0.35200000000000004,0.621,0.9,3.1,1.8,1.4,0.6,1.0,2.2,8.7
61,Miles Bridges,SF,0.33,0.486,1.4,4.2,1.8,0.6,0.7,1.5,2.0,13.0
62,Oshae Brissett,SF,0.2,0.47600000000000003,0.5,0.9,0.4,0.2,0.1,0.4,0.9,1.9
63,Ryan Broekhoff,SG,0.392,0.25,0.3,2.2,0.6,0.3,0.2,0.4,0.9,4.2
64,Malcolm Brogdon,PG,0.313,0.491,0.8,3.9,7.1,0.7,0.2,2.4,1.8,16.3
65,Dillon Brooks,SG,0.369,0.423,0.9,2.3,2.0,0.9,0.4,1.7,3.8,15.7
66,Bruce Brown,SG,0.344,0.47,1.1,3.7,4.0,1.1,0.5,1.7,2.8,8.9
67,Charlie Brown,SG,0.33299999999999996,0.3,0.2,0.2,0.2,0.2,0.2,0.3,0.3,2.0
68,Jaylen Brown,SF,0.381,0.552,1.1,5.3,2.2,1.1,0.3,2.3,3.0,20.4
69,Moses Brown,C,,0.4,0.3,1.2,0.1,0.1,0.1,0.3,0.8,1.2
70,Sterling Brown,SF,0.316,0.423,0.6,3.0,1.0,0.5,0.2,0.8,1.0,5.0
71,Troy Brown Jr.,SG,0.345,0.496,1.0,4.3,2.3,1.2,0.1,1.1,1.8,9.7
72,Jalen Brunson,PG,0.358,0.515,0.4,2.0,3.3,0.4,0.1,1.2,1.3,8.2
73,Thomas Bryant,C,0.40700000000000003,0.64,2.0,4.9,1.9,0.4,0.9,1.3,2.2,12.1
74,Reggie Bullock,SG,0.33299999999999996,0.469,0.4,1.9,1.4,0.9,0.1,0.7,1.9,8.1
75,Trey Burke,PG,0.42100000000000004,0.483,0.6,0.8,2.1,0.3,0.0,0.5,0.8,5.9
76,Alec Burks,SG,0.366,0.428,0.7,3.7,2.9,1.0,0.3,1.4,2.0,15.1
77,Deonte Burton,SG,0.217,0.49200000000000005,0.2,1.2,0.3,0.1,0.3,0.4,0.8,2.8
78,Jimmy Butler,SF,0.248,0.494,1.8,4.8,6.1,1.7,0.5,2.2,1.4,20.2
79,Bruno Caboclo,SF,0.14300000000000002,0.5710000000000001,0.8,1.1,0.4,0.4,0.6,0.3,0.9,2.7
80,Kentavious Caldwell-Pope,SG,0.39399999999999996,0.5429999999999999,0.6,1.5,1.7,0.8,0.2,0.9,1.9,9.5
81,Vlatko Čančar,SF,0.16699999999999998,0.556,0.4,0.4,0.2,0.1,0.1,0.2,0.5,1.2
82,Clint Capela,C,,0.629,4.3,9.5,1.2,0.8,1.8,1.6,2.6,13.9
83,DeMarre Carroll,SF,0.259,0.519,0.5,1.7,0.9,0.2,0.2,0.8,1.3,3.5
84,Jevon Carter,PG,0.39299999999999996,0.409,0.5,1.5,1.3,0.8,0.3,0.6,1.5,4.6
85,Vince Carter,SF,0.302,0.451,0.3,1.8,0.8,0.4,0.4,0.6,1.5,5.0
86,Wendell Carter Jr.,C,0.207,0.564,3.2,6.2,1.2,0.8,0.8,1.7,3.8,11.3
87,Michael Carter-Williams,SG,0.294,0.489,1.0,2.3,2.4,1.1,0.5,1.1,1.9,7.2
88,Alex Caruso,PG,0.355,0.47100000000000003,0.2,1.7,1.8,1.0,0.3,0.8,1.5,5.4
89,Willie Cauley-Stein,C,0.0,0.581,1.6,4.3,1.3,0.9,1.1,0.7,2.2,7.2
90,Tyson Chandler,C,,0.778,1.0,1.6,0.2,0.2,0.3,0.3,1.2,1.3
91,Wilson Chandler,SF,0.306,0.597,0.3,3.8,1.1,0.5,0.3,1.0,2.3,5.9
92,Joe Chealey,PG,0.0,0.0,0.0,0.0,0.3,1.0,0.0,0.5,0.5,0.5
93,Zylan Cheatham,SF,0.0,0.5,0.3,1.7,0.7,0.0,0.3,1.0,1.7,1.3
94,Chris Chiozza,PG,0.439,0.368,0.3,1.4,2.3,0.7,0.1,0.8,1.1,4.0
95,Marquese Chriss,PF,0.205,0.584,1.9,4.3,1.9,0.7,1.1,1.3,2.1,9.3
96,Gary Clark,PF,0.326,0.667,0.8,1.7,0.4,0.1,0.4,0.1,0.9,3.2
97,Brandon Clarke,PF,0.40399999999999997,0.654,1.6,4.3,1.4,0.5,0.8,0.9,1.6,12.0
98,Jordan Clarkson,SG,0.368,0.55,0.7,1.9,2.0,0.7,0.2,1.3,1.5,15.1
99,Nicolas Claxton,PF,0.14300000000000002,0.634,1.3,1.7,1.1,0.1,0.5,0.6,0.9,4.4
100,Chris Clemons,SG,0.35100000000000003,0.563,0.1,0.7,0.8,0.2,0.2,0.6,0.7,4.9
101,Antonius Cleveland,SG,0.0,0.4,0.0,0.5,0.0,0.2,0.2,0.2,0.3,0.8
102,Amir Coffey,SG,0.14300000000000002,0.462,0.3,0.8,0.7,0.1,0.1,0.2,0.9,2.2
103,John Collins,PF,0.401,0.642,2.8,7.3,1.5,0.8,1.6,1.8,3.4,21.6
104,Zach Collins,PF,0.429,0.5,1.3,2.7,2.0,0.0,0.7,2.0,3.7,9.0
105,Mike Conley,PG,0.376,0.429,0.7,2.6,4.3,0.8,0.1,1.9,2.2,13.8
106,Pat Connaughton,SG,0.321,0.605,0.9,3.3,1.6,0.3,0.5,0.8,1.0,5.1
107,Quinn Cook,PG,0.379,0.47700000000000004,0.2,0.9,1.1,0.3,0.0,0.7,0.6,4.8
108,Tyler Cook,PF,,0.7,0.4,0.5,0.1,0.1,0.0,0.1,0.4,1.7
109,Robert Covington,PF,0.349,0.589,0.9,5.5,1.2,1.5,1.3,1.5,3.2,12.8
110,Allen Crabbe,SG,0.303,0.466,0.3,1.8,0.9,0.4,0.1,0.5,1.3,4.6
111,Torrey Craig,SF,0.33,0.606,1.0,2.2,0.7,0.4,0.6,0.4,2.2,5.0
112,Jae Crowder,SF,0.318,0.532,0.8,5.3,2.6,1.2,0.4,1.1,2.2,10.4
113,Jarrett Culver,SG,0.299,0.47100000000000003,1.1,2.3,1.7,0.9,0.6,1.3,2.0,9.2
114,Seth Curry,SG,0.45299999999999996,0.56,0.4,1.9,2.0,0.6,0.1,1.0,1.7,12.6
115,Stephen Curry,PG,0.245,0.636,0.8,4.4,6.6,1.0,0.4,3.2,2.2,20.8
116,Troy Daniels,SG,0.354,0.478,0.3,0.8,0.3,0.2,0.1,0.2,0.7,4.1
117,Anthony Davis,PF,0.335,0.5539999999999999,2.3,7.1,3.1,1.5,2.4,2.5,2.5,26.7
118,Ed Davis,C,,0.41200000000000003,1.2,2.6,0.3,0.4,0.4,0.5,2.2,1.3
119,Terence Davis,SG,0.396,0.55,0.7,2.7,1.7,0.5,0.2,1.0,1.6,7.7
120,Dewayne Dedmon,C,0.20600000000000002,0.541,1.4,4.3,0.5,0.6,0.9,1.3,3.0,5.8
121,Matthew Dellavedova,PG,0.231,0.488,0.3,1.0,3.2,0.4,0.0,1.0,1.4,3.1
122,DeMar DeRozan,SF,0.267,0.535,0.6,5.0,5.6,1.0,0.2,2.4,2.7,22.2
123,Cheick Diallo,C,0.5,0.652,0.6,2.3,0.5,0.2,0.3,0.7,1.2,4.8
124,Hamidou Diallo,SF,0.2,0.5,0.8,2.4,0.6,0.7,0.2,1.0,2.2,6.1
125,Gorgui Dieng,C,0.359,0.532,1.5,4.3,1.2,0.8,1.0,0.9,1.9,7.4
126,Spencer Dinwiddie,SG,0.308,0.485,0.5,3.0,6.8,0.6,0.3,2.7,2.8,20.6
127,Donte DiVincenzo,SG,0.344,0.5760000000000001,1.0,3.9,2.3,1.4,0.3,1.2,1.6,9.4
128,Luka Dončić,PG,0.318,0.574,1.3,8.0,8.7,1.1,0.2,4.2,2.5,28.7
129,Luguentz Dort,SG,0.301,0.512,0.5,1.3,0.7,0.8,0.1,0.5,2.7,6.2
130,Damyean Dotson,SG,0.36200000000000004,0.48,0.2,1.7,1.2,0.5,0.1,0.4,0.9,6.7
131,Sekou Doumbouya,SF,0.28600000000000003,0.46399999999999997,0.5,2.6,0.5,0.5,0.2,0.9,2.1,6.4
132,PJ Dozier,PG,0.25,0.46,0.2,1.2,1.4,0.3,0.2,0.5,1.3,4.1
133,Goran Dragić,PG,0.377,0.491,0.5,2.6,5.1,0.6,0.1,2.5,1.9,16.1
134,Andre Drummond,C,0.14300000000000002,0.551,4.4,10.8,2.7,1.9,1.6,3.6,3.5,17.7
135,Jared Dudley,SF,0.47100000000000003,0.25,0.1,1.0,0.5,0.3,0.1,0.2,0.9,1.5
136,Kris Dunn,PG,0.259,0.535,0.5,3.2,3.4,2.0,0.3,1.3,3.1,7.3
137,Carsen Edwards,SG,0.309,0.35600000000000004,0.2,1.1,0.6,0.3,0.1,0.4,0.9,3.0
138,Henry Ellenson,PF,0.0,0.33299999999999996,0.4,0.8,0.2,0.0,0.0,0.0,0.2,0.4
139,Wayne Ellington,SG,0.35,0.355,0.1,1.7,1.2,0.4,0.1,0.5,1.1,5.1
140,Joel Embiid,C,0.348,0.511,2.8,9.0,3.1,0.9,1.3,3.1,3.4,23.4
141,James Ennis,SF,0.33799999999999997,0.523,1.0,2.3,0.9,0.5,0.3,0.7,1.8,6.0
142,Drew Eubanks,PF,1.0,0.741,0.6,1.9,0.4,0.1,0.4,0.7,1.5,3.6
143,Jacob Evans,SG,0.33299999999999996,0.337,0.3,1.1,1.1,0.4,0.4,0.9,1.4,4.4
144,Dante Exum,SG,0.349,0.539,0.3,1.6,1.1,0.4,0.2,0.9,1.1,4.5
145,Tacko Fall,C,,0.75,0.0,1.8,0.0,0.0,0.3,0.5,0.8,3.2
146,Derrick Favors,C,0.14300000000000002,0.631,3.3,6.6,1.7,0.6,1.0,1.1,2.2,9.2
147,Cristiano Felício,PF,0.0,0.654,2.5,2.1,0.7,0.5,0.1,0.8,1.5,3.9
148,Terrance Ferguson,SF,0.297,0.636,0.5,1.0,0.9,0.5,0.3,0.6,2.9,4.2
149,Bruno Fernando,C,0.135,0.605,1.2,2.3,0.9,0.3,0.3,0.8,1.9,4.3
150,Yogi Ferrell,PG,0.275,0.48,0.1,1.0,1.3,0.3,0.1,0.6,0.7,4.2
151,Dorian Finney-Smith,PF,0.374,0.599,2.0,3.5,1.5,0.7,0.6,1.0,2.4,9.3
152,Bryn Forbes,SG,0.38799999999999996,0.47,0.2,1.8,1.7,0.5,0.0,0.9,1.8,11.2
153,Evan Fournier,SG,0.406,0.525,0.3,2.3,3.2,1.1,0.2,2.0,2.4,18.8
154,De'Aaron Fox,PG,0.307,0.523,0.7,3.4,6.8,1.4,0.5,3.1,2.9,20.4
155,Melvin Frazier,SG,0.5710000000000001,0.2,0.1,0.2,0.1,0.3,0.1,0.2,0.5,1.2
156,Michael Frazier,SG,0.25,0.667,0.1,0.3,0.1,0.3,0.0,0.3,1.6,1.8
157,Tim Frazier,PG,0.33299999999999996,0.375,0.3,0.9,3.4,0.5,0.1,1.3,1.6,3.6
158,Markelle Fultz,PG,0.254,0.52,0.5,2.8,5.2,1.3,0.2,2.0,2.0,12.1
159,Wenyen Gabriel,PF,0.3,0.5379999999999999,0.6,1.0,0.3,0.4,0.2,0.6,1.3,2.1
160,Daniel Gafford,C,,0.701,1.2,1.3,0.5,0.3,1.3,0.7,2.3,5.1
161,Danilo Gallinari,PF,0.409,0.474,0.6,4.9,2.1,0.7,0.1,1.3,1.2,19.2
162,Langston Galloway,SG,0.39899999999999997,0.493,0.5,1.8,1.5,0.7,0.2,0.6,1.5,10.3
163,Darius Garland,PG,0.355,0.434,0.5,1.4,3.9,0.7,0.1,2.6,1.6,12.3
164,Marc Gasol,C,0.402,0.44,0.8,5.5,3.4,0.8,0.9,1.2,2.8,7.6
165,Rudy Gay,PF,0.314,0.517,0.9,4.4,1.7,0.4,0.5,1.3,1.5,10.0
166,Paul George,SF,0.39899999999999997,0.46299999999999997,0.5,5.2,3.9,1.3,0.5,2.7,2.4,21.0
167,Taj Gibson,C,0.28600000000000003,0.599,1.8,2.5,0.8,0.4,0.5,0.8,2.0,6.1
168,Harry Giles,PF,,0.56,0.9,3.3,1.3,0.6,0.4,0.9,2.6,7.0
169,Shai Gilgeous-Alexander,SG,0.35100000000000003,0.511,0.7,5.4,3.3,1.1,0.7,1.9,1.7,19.3
170,Rudy Gobert,C,,0.698,3.4,10.3,1.5,0.8,2.0,1.9,3.2,15.1
171,Brandon Goodwin,PG,0.299,0.485,0.3,1.8,1.5,0.4,0.1,0.9,1.3,6.1
172,Aaron Gordon,PF,0.301,0.49200000000000005,1.8,5.8,3.7,0.9,0.6,1.6,2.0,14.4
173,Eric Gordon,SG,0.319,0.467,0.2,1.7,1.5,0.6,0.4,1.1,2.0,14.5
174,Devonte' Graham,PG,0.373,0.397,0.7,2.7,7.5,1.0,0.2,2.9,1.8,18.2
175,Treveon Graham,SG,0.275,0.44299999999999995,0.9,1.8,0.8,0.4,0.1,0.5,1.9,4.4
176,Jerami Grant,PF,0.4,0.518,0.8,2.7,1.2,0.7,0.8,0.9,2.2,11.6
177,Josh Gray,PG,,0.5,0.5,0.5,1.0,0.0,0.0,2.5,0.5,1.0
178,Danny Green,SG,0.37799999999999995,0.516,0.7,2.7,1.4,1.2,0.5,0.9,2.1,8.2
179,Draymond Green,PF,0.27899999999999997,0.465,0.5,5.7,6.2,1.4,0.8,2.3,2.6,8.0
180,JaMychal Green,PF,0.363,0.52,1.4,5.0,0.8,0.5,0.4,0.8,2.7,6.5
181,Javonte Green,SF,0.261,0.573,0.4,1.4,0.5,0.5,0.2,0.4,0.8,2.9
182,Jeff Green,PF,0.348,0.5529999999999999,0.6,2.3,0.8,0.5,0.4,0.9,1.6,8.4
183,Blake Griffin,PF,0.243,0.439,0.9,3.7,3.3,0.4,0.4,2.2,1.5,15.5
184,Marko Guduric,SG,0.309,0.493,0.3,1.4,1.1,0.3,0.2,0.9,0.8,4.0
185,Kyle Guy,SG,0.0,1.0,0.0,0.0,0.0,0.0,0.0,0.0,0.0,1.0
186,Rui Hachimura,PF,0.27399999999999997,0.517,1.5,4.5,1.7,0.8,0.2,1.0,2.2,13.4
187,Devon Hall,SG,0.0,0.33299999999999996,0.0,0.2,0.6,0.0,0.0,0.2,0.2,1.0
188,Donta Hall,PF,,0.25,1.5,2.3,0.5,0.3,0.3,0.5,2.3,1.5
189,Dusty Hannahs,SG,0.667,0.33299999999999996,0.0,0.5,0.0,0.0,0.0,0.0,0.5,6.0
190,Tim Hardaway Jr.,SG,0.40700000000000003,0.478,0.4,2.8,2.0,0.6,0.1,1.0,1.7,15.8
191,James Harden,SG,0.35200000000000004,0.5379999999999999,1.0,5.3,7.4,1.7,0.9,4.5,3.4,34.4
192,Maurice Harkless,SF,0.34700000000000003,0.584,0.9,3.0,1.1,0.9,0.5,0.9,2.4,5.8
193,Jared Harper,PG,0.0,0.5,0.0,0.0,0.0,0.0,0.0,0.0,0.0,0.7
194,Montrezl Harrell,C,0.0,0.593,2.6,4.5,1.7,0.6,1.1,1.7,2.3,18.6
195,Gary Harris,SG,0.33299999999999996,0.479,0.5,2.4,2.1,1.4,0.3,1.1,2.1,10.4
196,Joe Harris,SF,0.41200000000000003,0.536,1.0,3.4,2.1,0.6,0.3,1.5,2.2,13.9
197,Tobias Harris,PF,0.36200000000000004,0.521,0.8,5.9,3.2,0.8,0.5,1.5,2.3,19.4
198,Shaquille Harrison,SF,0.381,0.496,0.5,1.5,1.1,0.8,0.4,0.4,1.3,4.9
199,Josh Hart,SF,0.342,0.5710000000000001,0.9,5.5,1.6,1.0,0.4,1.1,2.5,10.2
200,Isaiah Hartenstein,C,0.0,0.71,1.3,2.7,0.8,0.4,0.5,0.7,1.8,4.7
201,Udonis Haslem,PF,0.0,0.25,0.0,2.7,0.3,0.0,0.0,0.0,1.0,1.7
202,Jaxson Hayes,C,0.25,0.667,1.5,2.5,0.9,0.4,0.9,0.7,2.5,7.5
203,Gordon Hayward,SF,0.392,0.5529999999999999,1.0,5.5,4.1,0.8,0.4,1.8,1.8,17.3
204,John Henson,PF,0.222,0.644,1.2,2.9,1.4,0.6,1.1,0.9,2.0,5.5
205,Dewan Hernandez,C,0.0,0.25,0.5,1.3,0.0,0.3,0.0,0.3,1.5,1.0
206,Juan Hernangómez,PF,0.341,0.475,0.9,3.2,0.8,0.4,0.2,0.7,1.3,6.0
207,Willy Hernangómez,C,0.22699999999999998,0.59,1.4,2.9,0.9,0.3,0.2,1.0,1.0,6.1
208,Tyler Herro,SG,0.391,0.434,0.3,3.7,1.9,0.6,0.1,1.5,1.3,12.9
209,Kevin Hervey,PF,0.0,0.33299999999999996,0.0,0.3,0.1,0.0,0.0,0.0,0.1,0.3
210,Mario Hezonja,PF,0.32799999999999996,0.48,0.6,2.9,0.9,0.6,0.2,0.8,2.0,4.8
211,Buddy Hield,SG,0.395,0.47700000000000004,0.9,3.9,3.1,0.9,0.3,2.3,2.3,19.8
212,George Hill,PG,0.48,0.5710000000000001,0.9,2.1,2.9,0.8,0.1,0.9,1.4,9.6
213,Solomon Hill,SF,0.37799999999999995,0.446,0.5,2.4,1.8,0.7,0.2,0.9,1.4,5.4
214,Jaylen Hoard,SF,0.0,0.517,1.1,1.4,0.3,0.4,0.0,0.3,0.9,2.9
215,Aaron Holiday,PG,0.39399999999999996,0.41600000000000004,0.4,1.9,3.3,0.8,0.2,1.3,1.8,9.4
216,Jrue Holiday,SG,0.35700000000000004,0.502,1.3,3.6,6.9,1.7,0.8,2.9,2.3,19.6
217,Justin Holiday,SG,0.424,0.47200000000000003,0.5,2.7,1.3,1.2,0.6,0.6,1.8,8.4
218,Rondae Hollis-Jefferson,SF,0.11800000000000001,0.493,2.0,2.9,1.7,0.8,0.4,0.9,2.0,7.2
219,Richaun Holmes,C,,0.654,3.0,5.3,1.0,1.0,1.4,1.3,3.9,12.8
220,Rodney Hood,SF,0.493,0.515,0.5,3.0,1.5,0.8,0.2,0.9,2.2,11.0
221,Al Horford,C,0.337,0.513,1.5,5.3,4.1,0.9,0.9,1.1,2.1,12.0
222,Talen Horton-Tucker,SG,0.0,,0.0,0.0,1.0,0.5,0.0,0.0,0.0,0.0
223,Danuel House,SF,0.363,0.544,1.0,3.3,1.3,1.1,0.6,0.8,2.1,10.2
224,Dwight Howard,C,0.6,0.7340000000000001,2.5,4.9,0.7,0.4,1.2,1.2,3.2,7.5
225,William Howard,SG,0.0,,0.0,1.0,0.5,0.0,0.0,0.5,0.5,0.0
226,Kevin Huerter,SG,0.38,0.45299999999999996,0.6,3.4,3.8,0.9,0.5,1.6,2.5,12.2
227,De'Andre Hunter,SF,0.355,0.45399999999999996,0.7,3.8,1.8,0.7,0.3,1.6,2.9,12.3
228,Chandler Hutchison,SF,0.316,0.496,0.6,3.2,0.9,1.0,0.3,1.0,1.7,7.8
229,Serge Ibaka,C,0.39799999999999996,0.562,2.1,6.2,1.5,0.5,0.8,2.0,2.8,16.0
230,Andre Iguodala,SG,0.375,0.593,0.7,3.1,2.0,0.6,1.1,1.2,2.0,4.4
231,Ersan İlyasova,PF,0.371,0.5479999999999999,1.1,3.9,0.8,0.4,0.3,0.6,1.6,6.8
232,Joe Ingles,SF,0.397,0.516,0.4,3.6,5.2,0.9,0.1,1.9,2.1,9.8
233,Brandon Ingram,PF,0.387,0.509,0.9,5.4,4.3,1.0,0.7,3.1,2.9,24.3
234,Kyrie Irving,PG,0.39399999999999996,0.522,1.1,4.1,6.4,1.4,0.5,2.6,2.7,27.4
235,Jonathan Isaac,SF,0.33,0.515,1.8,5.2,1.4,1.6,2.4,1.5,2.5,12.0
236,Wesley Iwundu,SF,0.313,0.441,0.5,2.0,1.0,0.6,0.2,0.4,1.4,5.3
237,Frank Jackson,PG,0.325,0.43799999999999994,0.4,1.0,0.8,0.3,0.1,0.8,1.3,5.6
238,Jaren Jackson Jr.,C,0.397,0.535,1.0,3.7,1.4,0.7,1.6,1.7,4.1,16.9
239,Josh Jackson,SG,0.319,0.542,0.6,2.6,1.7,1.0,0.5,1.4,2.2,10.4
240,Justin Jackson,PF,0.298,0.494,0.5,2.0,0.8,0.2,0.2,0.2,1.0,5.7
241,Reggie Jackson,PG,0.39799999999999996,0.431,0.7,2.3,4.4,0.4,0.2,1.7,1.7,12.8
242,Justin James,SG,0.34600000000000003,0.462,0.2,0.7,0.5,0.2,0.3,0.2,0.5,2.5
243,LeBron James,PG,0.349,0.57,1.0,6.9,10.6,1.2,0.5,4.0,1.8,25.7
244,Amile Jefferson,PF,,0.35700000000000004,0.6,0.7,0.2,0.1,0.2,0.2,0.4,0.8
245,DaQuan Jeffries,SG,0.25,0.667,0.2,0.0,0.2,0.2,0.0,0.0,0.5,1.2
246,Ty Jerome,PG,0.27699999999999997,0.40700000000000003,0.2,1.3,1.5,0.5,0.1,0.6,1.0,3.5
247,Alize Johnson,SF,,0.467,0.5,0.8,0.2,0.0,0.0,0.2,0.5,1.4
248,B.J. Johnson,SF,0.16699999999999998,0.33299999999999996,0.1,0.6,0.3,0.3,0.0,0.4,0.0,1.6
249,Cameron Johnson,PF,0.397,0.469,0.8,2.1,1.1,0.6,0.3,0.6,1.5,8.1
250,James Johnson,PF,0.363,0.565,0.8,2.9,2.3,0.8,1.0,1.5,2.5,8.4
251,Keldon Johnson,SF,0.4,0.5379999999999999,0.6,1.3,0.7,0.6,0.1,0.3,1.0,4.6
252,Stanley Johnson,PF,0.154,0.33299999999999996,0.2,1.0,0.4,0.2,0.1,0.4,0.5,1.2
253,Tyler Johnson,SG,0.289,0.466,0.3,1.4,1.6,0.4,0.3,0.8,1.4,5.7
254,Nikola Jokić,C,0.314,0.594,2.4,7.8,6.9,1.2,0.7,3.1,3.1,20.2
255,Damian Jones,C,0.222,0.7040000000000001,1.3,2.4,0.6,0.5,0.7,0.5,2.7,5.6
256,Derrick Jones Jr.,SF,0.27,0.67,1.1,3.1,1.1,1.1,0.7,0.5,2.2,8.9
257,Tyus Jones,PG,0.379,0.49200000000000005,0.1,1.4,4.4,0.9,0.1,0.8,0.7,7.4
258,DeAndre Jordan,C,,0.6659999999999999,2.5,7.5,1.9,0.3,0.9,1.3,2.0,8.3
259,Cory Joseph,PG,0.35100000000000003,0.46,0.6,2.0,3.4,0.7,0.3,1.0,1.9,6.3
260,Mfiondu Kabengele,C,0.45,0.41700000000000004,0.1,0.8,0.2,0.2,0.2,0.2,0.8,3.5
261,Frank Kaminsky,C,0.348,0.527,0.9,4.0,2.2,0.4,0.3,1.0,2.2,11.0
262,Enes Kanter,C,0.14300000000000002,0.5760000000000001,2.8,5.0,1.0,0.4,0.7,1.0,1.7,8.2
263,Luke Kennard,SG,0.39899999999999997,0.491,0.3,3.2,4.1,0.4,0.2,1.5,2.3,15.8
264,Stanton Kidd,SF,0.0,0.0,0.0,0.8,0.3,0.0,0.0,0.5,0.8,0.0
265,Michael Kidd-Gilchrist,SF,0.25,0.35,0.6,2.0,0.6,0.1,0.2,0.6,1.5,2.5
266,Louis King,SF,0.364,0.4,0.1,0.9,0.5,0.2,0.0,0.2,1.0,2.0
267,Maxi Kleber,C,0.374,0.594,1.5,3.9,1.2,0.3,1.2,0.7,2.3,9.2
268,Brandon Knight,PG,0.344,0.389,0.2,1.5,2.8,0.4,0.1,1.5,1.6,7.3
269,Kevin Knox,SF,0.327,0.391,0.4,2.4,0.9,0.4,0.4,0.7,1.6,6.4
270,John Konchar,SG,0.444,0.731,1.2,1.9,1.4,0.5,0.2,0.4,0.5,3.4
271,Furkan Korkmaz,SG,0.397,0.48700000000000004,0.3,2.1,1.1,0.6,0.2,0.8,1.4,9.7
272,Luke Kornet,C,0.287,0.6459999999999999,0.6,1.7,0.9,0.3,0.7,0.4,1.5,6.0
273,Kyle Korver,SF,0.415,0.48100000000000004,0.3,1.8,1.2,0.4,0.2,0.8,1.4,6.7
274,Rodions Kurucs,PF,0.385,0.507,0.5,2.0,0.8,0.4,0.1,0.9,1.7,4.2
275,Kyle Kuzma,PF,0.297,0.523,0.9,3.6,1.3,0.4,0.4,1.6,2.0,12.5
276,Skal Labissière,C,0.231,0.5820000000000001,2.0,3.2,1.3,0.2,0.9,0.9,2.7,5.8
277,Jeremy Lamb,SG,0.335,0.508,0.5,3.8,2.1,1.2,0.5,1.1,2.3,12.5
278,Romeo Langford,SG,0.217,0.46299999999999997,0.5,0.7,0.2,0.3,0.2,0.3,1.1,2.6
279,Zach LaVine,SG,0.38,0.49700000000000005,0.7,4.1,4.2,1.5,0.5,3.4,2.2,25.5
280,Vic Law,SF,0.0,0.0,0.0,0.2,0.0,0.0,0.0,0.0,0.0,0.0
281,Jake Layman,PF,0.33299999999999996,0.5329999999999999,0.7,1.7,0.7,0.7,0.4,1.0,2.0,9.1
282,T.J. Leaf,PF,0.35700000000000004,0.455,0.8,1.7,0.2,0.3,0.1,0.3,0.7,2.9
283,Jalen Lecque,PG,0.0,0.667,0.0,0.0,0.5,0.0,0.0,0.3,0.5,2.5
284,Courtney Lee,SG,0.447,0.5429999999999999,0.3,1.0,0.5,0.8,0.3,0.5,1.4,4.5
285,Damion Lee,SG,0.35600000000000004,0.47100000000000003,0.7,4.2,2.7,1.0,0.1,1.4,2.4,12.7
286,Alex Len,C,0.25,0.626,1.9,4.1,1.0,0.4,0.9,1.0,2.3,8.3
287,Kawhi Leonard,SF,0.366,0.51,1.0,6.3,5.0,1.8,0.6,2.7,1.9,26.9
288,Meyers Leonard,C,0.429,0.625,0.6,4.5,1.1,0.3,0.3,0.7,2.1,6.1
289,Caris LeVert,SG,0.381,0.429,1.0,3.1,4.1,1.1,0.2,2.5,1.8,17.7
290,Damian Lillard,PG,0.39399999999999996,0.518,0.5,3.8,7.8,1.0,0.4,2.9,1.7,28.9
291,Nassir Little,PF,0.237,0.5539999999999999,0.6,1.6,0.5,0.3,0.3,0.3,1.5,3.6
292,Kevon Looney,C,0.071,0.431,1.4,1.9,1.0,0.6,0.3,0.6,1.7,3.4
293,Brook Lopez,C,0.29600000000000004,0.557,0.7,3.8,1.6,0.7,2.4,1.0,2.4,11.0
294,Robin Lopez,C,0.344,0.588,0.9,1.6,0.7,0.2,0.7,0.9,1.3,5.5
295,Kevin Love,PF,0.374,0.537,1.0,8.8,3.2,0.6,0.3,2.5,1.6,17.6
296,Kyle Lowry,PG,0.354,0.505,0.6,4.3,7.7,1.3,0.4,3.0,3.2,19.7
297,Timothé Luwawu-Cabarrot,SG,0.358,0.47,0.6,1.7,0.6,0.4,0.2,0.8,2.1,6.3
298,Trey Lyles,PF,0.387,0.503,1.1,4.6,1.1,0.4,0.4,0.6,1.6,6.4
299,Daryl Macon,SG,0.5,0.0,0.0,0.0,0.3,0.0,0.0,0.5,0.3,0.8
300,J.P. Macura,SG,,,0.0,0.0,0.0,0.0,0.0,0.0,0.0,0.0
301,Josh Magette,PG,0.25,0.364,0.1,0.6,0.6,0.4,0.1,0.6,0.5,1.5
302,Ian Mahinmi,C,0.192,0.5379999999999999,2.1,3.7,1.3,0.8,1.2,1.2,3.0,7.4
303,Thon Maker,C,0.344,0.55,0.9,1.9,0.7,0.4,0.7,0.8,1.7,4.7
304,Terance Mann,SG,0.25,0.452,0.1,0.8,1.1,0.2,0.1,0.4,1.0,1.6
305,Boban Marjanović,C,0.267,0.5820000000000001,1.4,2.7,0.4,0.2,0.2,0.7,1.3,6.3
306,Lauri Markkanen,PF,0.344,0.518,1.2,5.1,1.5,0.8,0.5,1.6,1.9,14.7
307,Caleb Martin,SF,0.541,0.36200000000000004,0.6,1.6,1.3,0.7,0.4,0.8,1.8,6.2
308,Cody Martin,SF,0.23399999999999999,0.546,0.8,2.5,2.0,0.8,0.2,0.9,1.6,5.0
309,Jeremiah Martin,PG,0.0,0.25,0.0,0.7,0.7,0.3,0.3,0.0,0.0,0.7
310,Kelan Martin,SF,0.26,0.541,0.4,2.7,0.7,0.2,0.3,0.6,1.6,6.4
311,Frank Mason III,PG,0.2,0.33299999999999996,0.5,0.8,1.8,0.3,0.0,1.0,0.7,2.3
312,Garrison Mathews,SG,0.413,0.5,0.3,1.0,0.6,0.4,0.1,0.4,1.8,5.4
313,Wesley Matthews,SG,0.365,0.46799999999999997,0.3,2.2,1.5,0.6,0.1,0.7,1.5,7.5
314,Patrick McCaw,SF,0.324,0.484,0.5,1.8,2.1,1.1,0.1,0.8,1.6,4.6
315,CJ McCollum,SG,0.38,0.49700000000000005,0.7,3.4,4.3,0.7,0.6,1.9,2.6,22.5
316,T.J. McConnell,PG,0.33299999999999996,0.524,0.5,2.1,5.0,0.7,0.2,1.4,1.1,6.5
317,Jalen McDaniels,PF,0.375,0.522,0.9,3.1,0.8,0.5,0.2,0.7,2.3,5.6
318,Doug McDermott,PF,0.445,0.544,0.4,2.1,1.1,0.1,0.1,0.6,1.7,10.4
319,JaVale McGee,C,0.5,0.643,1.8,4.0,0.6,0.5,1.5,0.8,2.4,6.8
320,Rodney McGruder,SG,0.278,0.506,0.5,2.0,0.6,0.5,0.2,0.4,1.3,3.2
321,Alfonzo McKinnie,SF,0.215,0.557,0.9,1.9,0.4,0.6,0.2,0.7,1.8,4.6
322,Jordan McLaughlin,PG,0.382,0.569,0.2,1.4,4.2,1.1,0.1,1.0,1.0,7.6
323,Ben McLemore,SG,0.395,0.688,0.3,1.9,0.9,0.6,0.2,0.7,2.1,9.8
324,Jordan McRae,SG,0.35700000000000004,0.433,0.5,2.9,2.5,0.6,0.4,1.2,2.0,11.5
325,Nicolò Melli,C,0.361,0.5920000000000001,0.7,2.3,1.3,0.6,0.4,0.8,2.0,6.8
326,De'Anthony Melton,PG,0.316,0.47,0.7,3.0,3.0,1.3,0.3,1.5,1.8,8.1
327,Chimezie Metu,PF,0.0,0.588,0.6,1.0,0.4,0.1,0.3,0.3,0.3,2.9
328,Khris Middleton,SF,0.418,0.547,0.7,5.5,4.1,0.9,0.1,2.1,2.2,21.1
329,Eric Mika,PF,,0.667,2.0,5.0,0.0,0.0,0.0,0.0,5.0,6.0
330,C.J. Miles,SG,0.314,0.33299999999999996,0.4,0.8,1.2,1.0,0.4,0.4,1.4,6.4
331,Malcolm Miller,SF,0.316,0.4,0.0,0.5,0.3,0.2,0.1,0.1,0.5,0.9
332,Patty Mills,PG,0.38,0.529,0.3,1.3,1.8,0.8,0.1,0.8,1.6,11.7
333,Paul Millsap,PF,0.44,0.504,2.0,3.9,1.6,0.9,0.6,1.4,2.9,12.0
334,Shake Milton,SG,0.45299999999999996,0.541,0.3,1.8,2.2,0.6,0.2,1.2,2.2,9.5
335,Donovan Mitchell,SG,0.364,0.501,0.7,3.7,4.2,1.0,0.2,2.7,2.4,24.2
336,Naz Mitrou-Long,SG,0.182,0.8,0.0,2.0,2.3,0.3,0.3,0.7,0.3,4.7
337,Adam Mokoka,SG,0.4,0.462,0.6,0.3,0.4,0.4,0.0,0.2,1.5,2.9
338,Malik Monk,SG,0.284,0.542,0.5,2.4,2.1,0.5,0.3,1.4,1.3,10.3
339,Matt Mooney,SG,0.0,0.5,0.0,0.8,0.3,0.5,0.3,0.0,0.3,0.5
340,E'Twaun Moore,SG,0.375,0.456,0.6,1.8,1.4,0.5,0.2,0.7,1.5,8.6
341,Ja Morant,PG,0.36700000000000005,0.517,0.7,2.8,6.9,0.9,0.3,3.2,1.5,17.6
342,Juwan Morgan,PF,0.2,0.667,0.3,0.9,0.1,0.0,0.1,0.2,0.4,1.2
343,Marcus Morris,PF,0.41,0.451,1.0,4.1,1.4,0.8,0.5,1.6,2.9,17.4
344,Markieff Morris,PF,0.386,0.502,0.7,3.2,1.4,0.5,0.3,1.4,2.3,10.1
345,Monte Morris,PG,0.375,0.494,0.3,1.4,3.5,0.8,0.2,0.7,1.0,8.4
346,Johnathan Motley,PF,1.0,0.7140000000000001,0.2,0.5,0.6,0.2,0.0,0.4,0.5,2.2
347,Emmanuel Mudiay,PG,0.355,0.512,0.4,2.0,2.2,0.4,0.2,1.4,1.3,7.3
348,Mychal Mulder,SG,0.308,0.667,0.4,2.9,1.1,0.3,0.1,0.7,2.9,11.0
349,Dejounte Murray,PG,0.37799999999999995,0.494,1.2,4.6,4.1,1.7,0.3,1.9,2.2,10.7
350,Jamal Murray,PG,0.345,0.517,0.8,3.2,4.8,1.2,0.3,2.3,1.8,18.8
351,Džanan Musa,SF,0.231,0.473,0.5,1.5,0.9,0.4,0.0,0.8,0.7,4.2
352,Mike Muscala,C,0.358,0.5379999999999999,0.3,2.0,0.8,0.2,0.3,0.3,1.2,4.6
353,Sviatoslav Mykhailiuk,SF,0.40399999999999997,0.425,0.3,1.6,1.9,0.7,0.1,1.1,1.6,9.0
354,Abdel Nader,SF,0.371,0.53,0.3,1.6,0.7,0.4,0.4,0.8,1.4,6.0
355,Larry Nance Jr.,C,0.35200000000000004,0.636,1.9,5.4,2.2,1.0,0.4,1.1,1.6,10.1
356,Shabazz Napier,PG,0.32,0.518,0.5,2.4,5.0,1.3,0.2,2.2,1.8,10.3
357,Raul Neto,PG,0.39399999999999996,0.49,0.2,0.8,1.6,0.4,0.1,0.9,0.9,4.3
358,Malik Newman,SG,0.0,0.0,0.0,0.0,0.0,0.0,0.0,1.0,0.0,2.0
359,Georges Niang,PF,0.41600000000000004,0.5379999999999999,0.2,1.7,0.6,0.2,0.1,0.4,1.1,5.8
360,Nerlens Noel,C,0.33299999999999996,0.6890000000000001,1.5,3.4,1.0,1.0,1.5,1.0,2.6,7.7
361,Zach Norvell,SG,0.375,0.0,0.0,1.2,0.6,0.4,0.0,0.6,0.8,2.0
362,Jaylen Nowell,SG,0.115,0.593,0.2,0.7,1.3,0.2,0.1,0.2,0.7,3.8
363,Frank Ntilikina,PG,0.321,0.444,0.4,1.7,3.0,0.9,0.3,1.2,2.5,6.3
364,Kendrick Nunn,SG,0.36200000000000004,0.512,0.3,2.4,3.4,0.8,0.2,1.6,2.3,15.6
365,David Nwaba,SF,0.429,0.581,0.4,1.9,0.4,0.6,0.6,0.4,1.6,5.2
366,Royce O'Neale,PF,0.389,0.536,0.3,5.0,2.5,0.7,0.4,0.8,2.8,6.3
367,Kyle O'Quinn,C,0.304,0.5710000000000001,1.2,2.5,1.3,0.2,0.8,0.7,1.3,3.3
368,Semi Ojeleye,PF,0.36700000000000005,0.475,0.4,1.6,0.5,0.3,0.1,0.2,1.0,3.1
369,Jahlil Okafor,C,0.5,0.613,1.6,2.6,1.3,0.3,0.7,1.3,2.3,7.6
370,Elie Okobo,PG,0.35200000000000004,0.42700000000000005,0.3,1.3,2.1,0.4,0.1,0.7,1.0,4.0
371,Josh Okogie,SG,0.266,0.529,1.4,2.9,1.6,1.1,0.4,1.4,2.2,8.6
372,KZ Okpala,SF,0.0,0.75,0.2,0.8,0.2,0.4,0.2,0.2,0.4,1.4
373,Victor Oladipo,SG,0.304,0.457,0.5,2.6,3.0,0.8,0.2,2.2,1.6,13.8
374,Kelly Olynyk,C,0.43200000000000005,0.5379999999999999,0.6,3.8,1.6,0.6,0.3,1.1,2.4,7.7
375,Miye Oni,SG,0.0,0.0,0.0,0.4,0.0,0.0,0.0,0.2,0.0,0.0
376,Cedi Osman,SF,0.38299999999999995,0.49700000000000005,0.6,3.0,2.4,0.8,0.2,1.4,2.5,11.0
377,Kelly Oubre Jr.,SF,0.35200000000000004,0.511,1.2,5.3,1.5,1.3,0.7,1.5,3.4,18.7
378,Tariq Owens,PF,0.0,0.33299999999999996,0.7,0.3,0.0,0.3,0.0,0.0,0.3,1.3
379,Jeremy Pargo,PG,0.429,0.5329999999999999,0.3,0.7,2.7,0.3,0.0,1.3,2.7,8.3
380,Jabari Parker,PF,0.267,0.594,1.6,4.3,1.8,1.3,0.5,1.8,2.8,14.7
381,Chandler Parsons,SF,0.28600000000000003,0.25,0.2,1.2,0.6,0.8,0.2,0.6,0.6,2.8
382,Eric Paschall,PF,0.287,0.55,1.4,3.2,2.1,0.5,0.2,1.6,2.1,14.0
383,Anžejs Pasečņiks,C,0.0,0.5379999999999999,1.6,2.5,0.7,0.3,0.5,0.9,2.7,6.0
384,Patrick Patterson,PF,0.387,0.457,0.6,1.8,0.6,0.1,0.1,0.4,0.8,4.6
385,Justin Patton,C,0.25,0.5,0.2,0.8,0.4,0.0,0.0,0.4,0.8,1.8
386,Chris Paul,PG,0.36200000000000004,0.557,0.3,4.6,6.8,1.6,0.1,2.2,2.2,17.7
387,Elfrid Payton,PG,0.203,0.48200000000000004,1.2,3.6,7.2,1.6,0.4,2.1,2.0,10.0
388,Gary Payton II,PG,0.28300000000000003,0.5,0.9,1.9,1.7,1.1,0.2,0.7,1.9,3.9
389,Norvel Pelle,C,,0.514,0.8,2.2,0.4,0.1,1.3,0.7,2.0,2.1
390,Theo Pinson,SG,0.188,0.4,0.3,1.3,1.7,0.5,0.1,1.0,1.1,3.6
391,Mason Plumlee,C,0.0,0.627,1.7,3.6,2.4,0.5,0.6,1.4,2.4,7.2
392,Jakob Poeltl,C,,0.619,1.8,3.6,1.8,0.5,1.4,0.8,1.7,5.3
393,Vincent Poirier,C,0.5,0.484,0.5,1.1,0.3,0.1,0.3,0.3,1.1,1.9
394,Shamorie Ponds,PG,0.5,0.667,0.0,0.3,0.5,0.0,0.3,0.0,0.5,2.3
395,Jordan Poole,SG,0.27899999999999997,0.392,0.2,1.9,2.4,0.6,0.2,1.3,1.6,8.8
396,Kevin Porter Jr.,SF,0.335,0.506,0.4,2.8,2.2,0.9,0.3,1.9,2.7,10.0
397,Michael Porter Jr.,PF,0.42200000000000004,0.536,1.1,3.0,0.7,0.4,0.4,0.7,1.6,7.5
398,Otto Porter,SF,0.387,0.48700000000000004,0.9,2.5,1.8,1.1,0.4,0.8,2.2,11.9
399,Bobby Portis,C,0.358,0.493,1.2,3.9,1.5,0.5,0.3,1.1,1.7,10.1
400,Kristaps Porziņģis,PF,0.349,0.47700000000000004,1.7,7.7,1.7,0.7,2.1,1.6,3.1,19.2
401,Dwight Powell,C,0.256,0.716,1.9,3.8,1.5,0.9,0.6,0.9,2.6,9.4
402,Norman Powell,SG,0.39799999999999996,0.589,0.5,3.1,1.8,1.3,0.4,1.5,2.1,16.4
403,Chasson Randle,PG,0.0,0.0,0.0,0.7,1.7,0.7,0.0,0.0,1.0,1.7
404,Julius Randle,PF,0.27699999999999997,0.515,2.4,7.4,3.1,0.8,0.3,3.0,2.8,19.5
405,Josh Reaves,SG,,0.0,0.0,0.0,0.0,0.0,0.0,0.0,0.0,0.0
406,Cam Reddish,SF,0.332,0.428,0.6,3.1,1.5,1.1,0.5,1.7,2.3,10.5
407,J.J. Redick,SG,0.452,0.446,0.2,2.4,2.0,0.4,0.2,1.2,1.6,14.9
408,Naz Reid,C,0.33,0.466,1.1,3.0,1.2,0.6,0.7,0.7,2.8,9.0
409,Josh Richardson,SG,0.327,0.489,0.8,2.6,3.1,0.9,0.7,1.9,2.5,13.8
410,Austin Rivers,SG,0.358,0.495,0.4,2.0,1.6,0.7,0.2,0.6,1.9,8.5
411,Duncan Robinson,SF,0.44799999999999995,0.614,0.1,3.1,1.4,0.5,0.2,0.9,2.8,13.3
412,Glenn Robinson III,SF,0.387,0.535,1.3,3.0,1.6,0.9,0.3,0.9,1.6,11.8
413,Jerome Robinson,SG,0.298,0.39299999999999996,0.2,1.8,1.2,0.4,0.3,0.6,1.5,3.7
414,Justin Robinson,PG,0.6,0.28600000000000003,0.1,0.4,0.8,0.0,0.1,0.3,0.2,1.4
415,Mitchell Robinson,C,,0.742,3.0,4.0,0.6,0.9,2.0,0.6,3.2,9.7
416,Isaiah Roby,SF,,0.0,0.0,0.7,0.0,0.0,0.0,0.3,0.3,0.0
417,Rajon Rondo,PG,0.32799999999999996,0.473,0.5,2.5,5.0,0.8,0.0,1.9,1.2,7.1
418,Derrick Rose,PG,0.306,0.535,0.5,1.9,5.6,0.8,0.3,2.5,1.0,18.1
419,Terrence Ross,SG,0.35700000000000004,0.47700000000000004,0.2,3.0,1.2,1.1,0.3,1.0,1.5,14.8
420,Terry Rozier,PG,0.40700000000000003,0.436,0.8,3.6,4.1,1.0,0.2,2.2,2.0,18.0
421,Ricky Rubio,PG,0.35100000000000003,0.44,0.7,3.9,8.9,1.5,0.2,2.7,2.5,13.1
422,D'Angelo Russell,PG,0.36700000000000005,0.48700000000000004,0.4,3.6,6.3,1.1,0.3,3.3,1.9,23.1
423,Domantas Sabonis,C,0.254,0.565,3.0,9.4,5.0,0.8,0.5,2.7,3.1,18.5
424,Luka Šamanić,PF,0.0,0.0,0.0,2.0,3.0,0.0,0.0,0.0,0.0,0.0
425,JaKarr Sampson,SF,0.154,0.6759999999999999,0.6,1.7,0.3,0.3,0.3,0.3,1.7,4.2
426,Dario Šarić,PF,0.341,0.563,1.5,4.4,1.9,0.6,0.3,1.2,2.3,10.1
427,Tomáš Satoranský,PG,0.322,0.491,1.2,2.7,5.4,1.2,0.1,2.0,2.1,9.9
428,Admiral Schofield,SF,0.298,0.5710000000000001,0.2,1.0,0.5,0.3,0.1,0.3,1.5,3.1
429,Dennis Schröder,PG,0.381,0.512,0.3,3.4,4.1,0.7,0.2,2.5,2.2,19.0
430,Mike Scott,PF,0.358,0.496,0.9,2.7,0.8,0.3,0.1,0.4,1.3,5.7
431,Thabo Sefolosha,PF,0.278,0.595,0.5,1.8,0.6,0.6,0.3,0.4,1.0,2.2
432,Collin Sexton,SG,0.38,0.501,0.9,2.2,3.0,1.0,0.1,2.4,2.2,20.8
433,Landry Shamet,SG,0.392,0.494,0.1,1.8,1.9,0.4,0.2,0.8,2.8,9.7
434,Marial Shayok,SG,0.33299999999999996,0.0,0.0,1.5,0.5,0.0,0.0,0.5,0.0,1.5
435,Iman Shumpert,SG,0.242,0.419,0.7,1.9,0.9,0.9,0.2,0.8,1.6,4.2
436,Pascal Siakam,PF,0.359,0.506,1.1,6.5,3.6,1.0,0.9,2.5,2.8,23.6
437,Chris Silva,PF,0.0,0.642,1.3,1.3,0.5,0.2,0.4,0.8,2.0,2.9
438,Ben Simmons,PG,0.33299999999999996,0.588,2.0,5.8,8.2,2.1,0.6,3.6,3.2,16.7
439,Anfernee Simons,SG,0.33799999999999997,0.44799999999999995,0.4,1.9,1.5,0.4,0.2,0.9,2.0,8.8
440,Alen Smailagić,PF,0.231,0.63,0.7,1.2,0.9,0.2,0.3,0.8,1.0,4.2
441,Marcus Smart,SG,0.348,0.424,0.8,3.1,4.8,1.6,0.5,1.7,2.7,13.5
442,Dennis Smith Jr.,PG,0.29600000000000004,0.35700000000000004,0.6,1.7,2.9,0.8,0.2,1.7,1.9,5.5
443,Ish Smith,PG,0.36700000000000005,0.48,0.5,2.7,4.8,0.9,0.4,1.3,1.4,10.5
444,Zhaire Smith,SG,0.0,0.375,0.0,0.3,0.3,0.4,0.0,0.3,0.6,1.1
445,Tony Snell,SF,0.402,0.531,0.2,1.7,2.2,0.5,0.3,0.5,1.7,8.0
446,Omari Spellman,PF,0.391,0.45399999999999996,1.6,2.9,1.0,0.7,0.5,1.1,1.3,7.6
447,Max Strus,SG,0.0,1.0,0.5,0.0,0.0,0.0,0.0,0.0,0.5,2.5
448,Edmond Sumner,PG,0.263,0.507,0.4,1.1,1.6,0.6,0.3,0.8,1.4,4.6
449,Caleb Swanigan,PF,0.0,0.622,1.0,2.7,1.1,0.1,0.3,1.4,2.3,2.4
450,Jayson Tatum,PF,0.39799999999999996,0.479,1.0,6.1,2.9,1.4,0.9,2.2,2.1,23.6
451,Jeff Teague,PG,0.368,0.457,0.5,1.9,5.2,0.7,0.3,2.0,1.8,10.9
452,Garrett Temple,SG,0.324,0.483,0.5,2.9,2.6,0.8,0.5,1.0,1.7,10.3
453,Daniel Theis,C,0.321,0.631,2.2,4.3,1.6,0.6,1.3,0.8,3.5,9.3
454,Isaiah Thomas,PG,0.413,0.405,0.3,1.4,3.7,0.3,0.2,1.9,1.9,12.2
455,Khyri Thomas,SG,0.35700000000000004,0.0,0.1,0.0,0.4,0.4,0.0,0.4,1.1,2.1
456,Matt Thomas,SG,0.467,0.528,0.2,1.2,0.5,0.2,0.0,0.4,0.9,4.5
457,Tristan Thompson,C,0.391,0.518,4.0,6.2,2.1,0.6,0.9,1.8,2.2,12.0
458,Matisse Thybulle,SG,0.35200000000000004,0.5,0.6,0.9,1.2,1.4,0.7,0.8,2.1,4.7
459,Anthony Tolliver,PF,0.322,0.441,0.6,2.2,0.7,0.3,0.2,0.6,1.4,3.5
460,Juan Toscano-Anderson,SF,0.348,0.525,0.7,3.3,2.0,1.0,0.4,1.2,2.3,5.3
461,Karl-Anthony Towns,C,0.41200000000000003,0.586,2.7,8.1,4.4,0.9,1.2,3.1,3.3,26.5
462,Gary Trent Jr.,SG,0.38799999999999996,0.47700000000000004,0.4,1.3,0.9,0.7,0.2,0.4,1.3,7.7
463,Allonzo Trier,PG,0.358,0.604,0.3,1.0,1.2,0.1,0.2,0.9,1.2,6.5
464,P.J. Tucker,PF,0.37,0.573,1.6,5.3,1.6,1.1,0.5,1.0,3.3,7.1
465,Rayjon Tucker,SG,0.0,0.615,0.1,0.8,0.1,0.1,0.0,0.2,0.5,1.4
466,Evan Turner,PG,0.0,0.40299999999999997,0.4,1.6,2.0,0.5,0.4,1.4,1.1,3.3
467,Myles Turner,C,0.336,0.542,1.3,5.3,1.1,0.8,2.2,1.2,2.5,11.8
468,Jarrod Uthoff,SF,0.0,0.33299999999999996,0.3,0.0,0.0,0.3,0.0,0.0,0.3,1.0
469,Jonas Valančiūnas,C,0.36700000000000005,0.616,3.1,8.2,1.8,0.4,1.1,1.7,2.6,14.9
470,Denzel Valentine,SF,0.336,0.51,0.3,1.8,1.2,0.7,0.2,0.7,1.4,6.8
471,Jarred Vanderbilt,PF,0.0,0.7140000000000001,0.3,0.5,0.2,0.3,0.1,0.6,0.5,1.1
472,Fred VanVleet,PG,0.38799999999999996,0.43,0.4,3.4,6.6,1.9,0.3,2.3,2.5,17.6
473,Gabe Vincent,PG,0.25,0.0,0.0,0.5,0.5,0.2,0.0,0.0,0.3,2.0
474,Noah Vonleh,PF,0.2,0.635,1.1,2.6,0.8,0.3,0.2,0.6,1.2,3.8
475,Nikola Vučević,C,0.32899999999999996,0.523,2.4,8.6,3.7,0.9,0.9,1.4,2.2,19.5
476,Dean Wade,PF,0.5,0.778,0.3,1.3,0.2,0.2,0.3,0.3,0.7,1.7
477,Moritz Wagner,C,0.34299999999999997,0.6709999999999999,1.4,3.8,1.3,0.6,0.5,1.5,3.6,9.5
478,Dion Waiters,SG,0.47100000000000003,0.222,0.0,3.7,1.0,0.0,0.7,1.0,1.7,9.3
479,Kemba Walker,PG,0.377,0.47,0.7,3.4,4.9,0.9,0.5,2.1,1.5,21.2
480,Lonnie Walker,SG,0.408,0.444,0.4,1.8,0.9,0.5,0.2,0.6,1.3,5.6
481,Tyrone Wallace,SG,0.067,0.44799999999999995,0.2,1.4,0.9,0.5,0.1,0.7,1.4,2.9
482,Taurean Prince,SF,0.33899999999999997,0.429,0.8,5.2,1.8,0.9,0.4,2.0,2.5,12.1
483,Derrick Walton,PG,0.41700000000000004,0.5329999999999999,0.1,0.5,1.0,0.3,0.0,0.2,0.8,2.0
484,Brad Wanamaker,PG,0.36700000000000005,0.452,0.3,1.7,2.5,0.8,0.2,1.1,1.9,6.6
485,T.J. Warren,SF,0.375,0.5710000000000001,1.0,3.0,1.4,1.1,0.4,1.3,2.8,18.7
486,P.J. Washington,PF,0.374,0.507,1.0,4.4,2.1,0.9,0.8,1.6,2.7,12.2
487,Yuta Watanabe,SG,0.375,0.429,0.4,0.7,0.3,0.3,0.1,0.1,0.6,1.9
488,Tremont Waters,PG,0.17600000000000002,0.5,0.0,0.9,1.2,0.5,0.2,1.0,1.1,3.3
489,Paul Watson,SF,0.0,0.0,0.0,0.8,1.0,0.2,0.2,0.0,0.2,0.2
490,Quinndary Weatherspoon,SG,0.0,0.0,0.0,0.3,0.3,0.0,0.0,0.0,0.0,0.0
491,Russell Westbrook,PG,0.254,0.518,1.8,6.3,7.0,1.7,0.3,4.5,3.5,27.5
492,Coby White,SG,0.354,0.43,0.4,3.1,2.7,0.8,0.1,1.7,1.8,13.2
493,Derrick White,SG,0.35600000000000004,0.513,0.5,2.7,3.4,0.6,0.9,1.2,2.2,10.4
494,Hassan Whiteside,C,0.5710000000000001,0.619,4.0,10.2,1.2,0.4,3.1,1.9,2.9,16.3
495,Andrew Wiggins,SF,0.332,0.506,1.2,3.9,3.7,0.8,1.0,2.4,2.4,21.8
496,Grant Williams,PF,0.247,0.551,0.9,1.7,1.0,0.5,0.5,0.7,2.4,3.5
497,Johnathan Williams,C,0.0,0.696,1.4,2.5,0.5,0.1,0.5,0.4,1.0,3.2
498,Kenrich Williams,PF,0.26,0.511,1.4,3.7,1.5,0.7,0.6,0.6,2.3,3.8
499,Lou Williams,SG,0.363,0.442,0.5,2.6,5.7,0.7,0.2,2.9,1.3,18.7
500,Marvin Williams,PF,0.361,0.552,0.4,2.5,1.1,0.7,0.5,0.5,1.8,6.1
501,Robert Williams,C,,0.677,1.5,3.2,1.0,0.9,1.2,0.9,1.7,4.3
502,Nigel Williams-Goss,PG,0.0,0.2,0.2,0.3,0.6,0.1,0.1,0.2,0.2,0.4
503,Zion Williamson,PF,0.462,0.595,2.9,3.9,2.2,0.8,0.5,2.7,1.7,23.6
504,D.J. Wilson,PF,0.255,0.565,0.3,1.9,0.7,0.1,0.2,0.5,0.8,3.2
505,Justise Winslow,SF,0.222,0.431,1.5,5.2,4.0,0.6,0.5,2.2,3.5,11.3
506,Christian Wood,PF,0.386,0.636,1.7,4.6,1.0,0.5,0.9,1.4,1.6,13.1
507,Delon Wright,SG,0.385,0.508,1.0,3.0,3.4,1.2,0.3,1.0,1.3,7.3
508,Justin Wright-Foreman,PG,,,0.0,0.0,0.0,0.0,0.0,0.0,0.0,0.0
509,Thaddeus Young,PF,0.35600000000000004,0.501,1.5,3.5,1.8,1.4,0.4,1.6,2.1,10.3
510,Trae Young,PG,0.361,0.501,0.5,3.7,9.3,1.1,0.1,4.8,1.7,29.6
511,Cody Zeller,C,0.24,0.5770000000000001,2.8,4.3,1.5,0.7,0.4,1.3,2.4,11.1
512,Ante Žižić,C,,0.569,0.8,2.2,0.3,0.3,0.2,0.5,1.2,4.4
513,Ivica Zubac,C,0.0,0.605,2.6,4.6,1.1,0.2,0.9,0.8,2.3,8.0
