,PLAYER_ID,def_2 Pointers_freq,def_3 Pointers_freq,def_Greater_Than_15_Ft_freq,def_Less_Than_10_Ft_freq,def_Less_Than_6_Ft_freq,def_2 Pointers_dfgm,def_3 Pointers_dfgm,def_Greater_Than_15_Ft_dfgm,def_Less_Than_10_Ft_dfgm,def_Less_Than_6_Ft_dfgm,def_2 Pointers_dfga,def_3 Pointers_dfga,def_Greater_Than_15_Ft_dfga,def_Less_Than_10_Ft_dfga,def_Less_Than_6_Ft_dfga,def_2 Pointers_plus_minus,def_3 Pointers_plus_minus,def_Greater_Than_15_Ft_plus_minus,def_Less_Than_10_Ft_plus_minus,def_Less_Than_6_Ft_plus_minus,Player,left_corner_3,right_corner_3,left_wing_3,right_wing_3,center_3,deep_3,heave,left_baseline_deep_2,right_baseline_deep_2,left_wing_deep_2,right_wing_deep_2,left_baseline_short_2,right_baseline_short_2,left_wing_short_2,right_wing_short_2,deep_center_2,short_center_2,floater_range,in_the_paint,restricted_area,Pos,3P%,2P%,ORB,DRB,AST,STL,BLK,TOV,PF,PTS
0,1713,0.583,0.417,0.539,0.404,0.342,1.52,1.07,1.32,1.21,1.05,3.32,2.38,3.07,2.3,1.95,-0.063,0.098,0.071,-0.052000000000000005,-0.084,Vince Carter,8.0,5.0,19.0,17.0,12.0,0.0,0.0,1.0,0.0,12.0,0.0,3.0,4.0,2.0,3.0,1.0,3.0,6.0,11.0,11.0,SF,0.302,0.451,0.3,1.8,0.8,0.4,0.4,0.6,1.5,5.0
1,2199,0.865,0.135,0.29,0.634,0.473,4.52,0.52,1.13,3.65,2.98,8.74,1.37,2.93,6.41,4.78,-0.008,0.014,0.013,-0.004,0.0,Tyson Chandler,0.0,0.0,0.0,0.0,0.0,0.0,0.0,0.0,0.0,0.0,0.0,0.0,0.0,0.0,0.0,0.0,0.0,0.0,0.0,14.0,C,0.0,0.778,1.0,1.6,0.2,0.2,0.3,0.3,1.2,1.3
2,2544,0.623,0.377,0.501,0.436,0.34600000000000003,3.43,1.54,2.16,2.51,2.09,6.93,4.18,5.56,4.84,3.84,-0.013,0.005,0.016,-0.044,-0.07200000000000001,LeBron James,5.0,4.0,53.0,30.0,36.0,4.0,2.0,3.0,1.0,34.0,2.0,12.0,4.0,10.0,5.0,3.0,10.0,11.0,31.0,345.0,PG,0.349,0.57,1.0,6.9,10.6,1.2,0.5,4.0,1.8,25.7
3,2546,0.631,0.369,0.511,0.418,0.32299999999999995,3.89,1.34,2.0,2.91,2.5,6.95,4.07,5.63,4.61,3.55,0.043,-0.032,-0.016,0.058,0.077,Carmelo Anthony,5.0,14.0,24.0,22.0,7.0,0.0,0.0,2.0,11.0,23.0,5.0,16.0,33.0,8.0,6.0,0.0,7.0,18.0,15.0,81.0,PF,0.371,0.447,1.2,5.0,1.6,0.8,0.5,1.7,2.8,15.3
4,2594,0.5820000000000001,0.418,0.531,0.395,0.308,2.42,1.12,1.38,1.89,1.63,4.56,3.27,4.16,3.1,2.41,0.032,-0.022,-0.043,0.055,0.07,Kyle Korver,12.0,10.0,24.0,16.0,22.0,1.0,0.0,0.0,1.0,13.0,0.0,0.0,2.0,2.0,0.0,2.0,6.0,3.0,1.0,4.0,SF,0.415,0.48100000000000004,0.3,1.8,1.2,0.4,0.2,0.8,1.4,6.7
5,2617,0.677,0.32299999999999995,0.387,0.581,0.419,0.82,0.18,0.27,0.64,0.55,1.91,0.91,1.09,1.64,1.18,-0.09,-0.179,-0.132,-0.175,-0.125,Udonis Haslem,0.0,0.0,0.0,0.0,0.0,0.0,0.0,0.0,0.0,0.0,0.0,0.0,0.0,0.0,0.0,0.0,0.0,0.0,1.0,0.0,PF,0.0,0.25,0.0,2.7,0.3,0.0,0.0,0.0,1.0,1.7
6,2730,0.8,0.2,0.34700000000000003,0.551,0.402,4.63,0.8,1.48,3.36,2.61,9.04,2.26,3.93,6.23,4.54,-0.012,0.001,0.001,-0.03,-0.046,Dwight Howard,1.0,0.0,1.0,0.0,1.0,0.0,0.0,0.0,0.0,0.0,0.0,1.0,0.0,0.0,0.0,0.0,0.0,0.0,10.0,173.0,C,0.6,0.7340000000000001,2.5,4.9,0.7,0.4,1.2,1.2,3.2,7.5
7,2738,0.573,0.4270000000000001,0.5670000000000001,0.363,0.262,2.09,0.89,1.25,1.53,1.3,4.17,3.11,4.13,2.64,1.91,-0.003,-0.073,-0.068,0.016,0.06,Andre Iguodala,0.0,4.0,3.0,2.0,0.0,0.0,0.0,0.0,0.0,0.0,0.0,0.0,0.0,1.0,0.0,0.0,2.0,0.0,0.0,12.0,SG,0.375,0.593,0.7,3.1,2.0,0.6,1.1,1.2,2.0,4.4
8,2772,0.5920000000000001,0.408,0.515,0.425,0.332,2.85,0.92,1.32,2.24,1.88,4.76,3.27,4.14,3.41,2.67,0.08800000000000001,-0.076,-0.052000000000000005,0.08900000000000001,0.084,Trevor Ariza,15.0,17.0,18.0,20.0,7.0,0.0,0.0,0.0,0.0,10.0,0.0,0.0,0.0,0.0,0.0,0.0,0.0,0.0,4.0,61.0,SF,0.3720000000000001,0.556,0.6,4.0,1.7,1.3,0.3,1.1,2.1,8.0
9,101107,0.67,0.33,0.501,0.424,0.337,3.36,0.96,1.63,2.42,2.04,6.14,3.03,4.59,3.88,3.09,0.032,-0.045,-0.02,0.053,0.038,Marvin Williams,14.0,10.0,11.0,11.0,6.0,0.0,0.0,0.0,0.0,7.0,0.0,0.0,2.0,1.0,0.0,1.0,0.0,1.0,21.0,32.0,PF,0.361,0.552,0.4,2.5,1.1,0.7,0.5,0.5,1.8,6.1
10,101108,0.623,0.377,0.463,0.446,0.353,3.52,1.36,1.71,2.76,2.41,6.36,3.84,4.72,4.55,3.6,0.042,-0.01,-0.013,0.039,0.051,Chris Paul,6.0,2.0,34.0,21.0,35.0,2.0,1.0,2.0,2.0,16.0,0.0,11.0,20.0,17.0,26.0,1.0,28.0,83.0,39.0,54.0,PG,0.36200000000000004,0.557,0.3,4.6,6.8,1.6,0.1,2.2,2.2,17.7
11,101133,0.789,0.211,0.34700000000000003,0.584,0.42,2.68,0.45,0.86,2.04,1.66,5.49,1.47,2.42,4.06,2.92,-0.034,-0.044,-0.016,-0.066,-0.047,Ian Mahinmi,1.0,0.0,4.0,0.0,0.0,0.0,0.0,0.0,0.0,1.0,1.0,0.0,0.0,0.0,0.0,1.0,0.0,3.0,19.0,75.0,C,0.192,0.5379999999999999,2.1,3.7,1.3,0.8,1.2,1.2,3.0,7.4
12,101139,0.57,0.43,0.5660000000000001,0.37,0.225,1.27,0.61,0.9,0.9,0.71,2.57,1.94,2.56,1.67,1.01,-0.009000000000000001,-0.039,-0.011,-0.024,0.077,CJ Miles,0.0,2.0,2.0,4.0,3.0,0.0,0.0,0.0,0.0,3.0,0.0,0.0,0.0,0.0,0.0,0.0,0.0,0.0,1.0,6.0,SG,0.314,0.33299999999999996,0.4,0.8,1.2,1.0,0.4,0.4,1.4,6.4
13,101150,0.525,0.475,0.65,0.269,0.215,2.32,1.35,2.0,1.5,1.28,4.36,3.95,5.4,2.23,1.78,0.029,-0.017,-0.001,0.109,0.103,Lou Williams,13.0,11.0,38.0,19.0,21.0,4.0,0.0,15.0,2.0,33.0,0.0,20.0,6.0,10.0,6.0,1.0,14.0,18.0,45.0,111.0,SG,0.363,0.442,0.5,2.6,5.7,0.7,0.2,2.9,1.3,18.7
14,200746,0.755,0.245,0.431,0.488,0.345,4.64,1.26,2.23,3.08,2.42,10.18,3.3,5.81,6.58,4.65,-0.064,0.02,0.01,-0.101,-0.099,LaMarcus Aldridge,10.0,1.0,17.0,14.0,19.0,0.0,0.0,13.0,7.0,19.0,0.0,43.0,14.0,20.0,6.0,1.0,36.0,17.0,29.0,128.0,C,0.389,0.519,1.9,5.5,2.4,0.7,1.6,1.4,2.4,18.9
15,200752,0.633,0.3670000000000001,0.503,0.438,0.339,2.37,1.09,1.49,1.79,1.46,5.14,2.98,4.09,3.56,2.75,-0.044,0.001,-0.005,-0.063,-0.084,Rudy Gay,8.0,9.0,13.0,20.0,7.0,1.0,0.0,3.0,1.0,10.0,1.0,16.0,12.0,1.0,2.0,1.0,14.0,23.0,22.0,64.0,PF,0.314,0.517,0.9,4.4,1.7,0.4,0.5,1.3,1.5,10.0
16,200755,0.586,0.414,0.599,0.287,0.185,2.3,1.17,1.72,1.39,1.04,4.59,3.25,4.7,2.25,1.45,0.003,-0.001,-0.011,0.061,0.102,JJ Redick,7.0,23.0,43.0,52.0,30.0,1.0,0.0,4.0,6.0,33.0,6.0,3.0,3.0,1.0,5.0,4.0,12.0,6.0,3.0,26.0,SG,0.452,0.446,0.2,2.4,2.0,0.4,0.2,1.2,1.6,14.9
17,200757,0.612,0.388,0.519,0.395,0.285,2.47,1.11,1.37,1.89,1.47,4.68,2.97,3.97,3.03,2.18,0.01,0.014,-0.028,0.045,0.04,Thabo Sefolosha,5.0,5.0,1.0,3.0,1.0,0.0,0.0,0.0,1.0,0.0,0.0,0.0,0.0,0.0,0.0,0.0,0.0,1.0,0.0,20.0,PF,0.278,0.595,0.5,1.8,0.6,0.6,0.3,0.4,1.0,2.2
18,200765,0.5660000000000001,0.434,0.597,0.315,0.232,2.38,1.11,1.66,1.52,1.22,4.08,3.13,4.3,2.27,1.67,0.08800000000000001,-0.003,0.014,0.111,0.123,Rajon Rondo,3.0,6.0,18.0,7.0,6.0,1.0,0.0,0.0,0.0,12.0,0.0,3.0,0.0,0.0,1.0,0.0,6.0,6.0,9.0,69.0,PG,0.32799999999999996,0.473,0.5,2.5,5.0,0.8,0.0,1.9,1.2,7.1
19,200768,0.636,0.364,0.535,0.345,0.261,3.39,1.31,2.09,2.08,1.73,6.94,3.97,5.83,3.77,2.84,-0.006,-0.035,-0.019,-0.002,0.001,Kyle Lowry,10.0,2.0,52.0,38.0,42.0,9.0,0.0,1.0,1.0,31.0,0.0,1.0,3.0,2.0,0.0,3.0,12.0,10.0,16.0,103.0,PG,0.354,0.505,0.6,4.3,7.7,1.3,0.4,3.0,3.2,19.7
20,200782,0.638,0.362,0.4920000000000001,0.436,0.343,3.56,1.27,1.78,2.7,2.28,6.2,3.51,4.78,4.23,3.33,0.065,0.003,0.004,0.071,0.066,PJ Tucker,41.0,39.0,6.0,4.0,5.0,0.0,0.0,2.0,1.0,8.0,0.0,2.0,1.0,0.0,0.0,0.0,0.0,4.0,12.0,42.0,PF,0.37,0.573,1.6,5.3,1.6,1.1,0.5,1.0,3.3,7.1
21,200794,0.7090000000000001,0.29100000000000004,0.419,0.509,0.411,4.59,1.51,2.22,3.43,2.78,10.05,4.14,5.95,7.22,5.84,-0.061,0.004,0.0,-0.097,-0.14400000000000002,Paul Millsap,5.0,8.0,13.0,11.0,10.0,0.0,0.0,1.0,3.0,7.0,1.0,7.0,6.0,0.0,0.0,0.0,0.0,6.0,22.0,95.0,PF,0.44,0.504,2.0,3.9,1.6,0.9,0.6,1.4,2.9,12.0
22,200826,0.5660000000000001,0.434,0.637,0.259,0.153,2.34,1.34,2.03,1.29,0.9,4.18,3.21,4.71,1.91,1.13,0.073,0.059,0.062,0.121,0.184,JJ Barea,3.0,1.0,10.0,10.0,3.0,2.0,0.0,0.0,0.0,7.0,0.0,1.0,0.0,0.0,1.0,0.0,3.0,3.0,7.0,28.0,PG,0.382,0.4370000000000001,0.4,1.5,3.8,0.2,0.1,1.3,1.0,7.5
23,201143,0.75,0.25,0.4270000000000001,0.49,0.35700000000000004,5.01,1.26,2.25,3.62,2.93,11.51,3.83,6.55,7.51,5.48,-0.076,-0.032,-0.031,-0.087,-0.087,Al Horford,4.0,5.0,20.0,23.0,37.0,0.0,0.0,7.0,3.0,13.0,0.0,8.0,17.0,0.0,4.0,1.0,21.0,9.0,29.0,97.0,C,0.337,0.513,1.5,5.3,4.1,0.9,0.9,1.1,2.1,12.0
24,201144,0.555,0.445,0.63,0.277,0.218,2.5,1.42,2.0,1.75,1.42,5.5,4.42,6.25,2.75,2.17,-0.046,-0.046,-0.047,0.08199999999999999,0.036000000000000004,Mike Conley,9.0,13.0,17.0,27.0,12.0,1.0,1.0,0.0,0.0,14.0,0.0,0.0,4.0,3.0,2.0,1.0,3.0,21.0,27.0,48.0,PG,0.376,0.429,0.7,2.6,4.3,0.8,0.1,1.9,2.2,13.8
25,201145,0.627,0.373,0.513,0.4320000000000001,0.319,3.13,1.22,1.79,2.36,1.87,5.99,3.56,4.9,4.13,3.05,0.01,-0.015,-0.003,0.006,-0.002,Jeff Green,11.0,10.0,6.0,15.0,5.0,1.0,0.0,0.0,0.0,2.0,1.0,1.0,2.0,0.0,0.0,0.0,0.0,1.0,12.0,51.0,PF,0.348,0.5529999999999999,0.6,2.3,0.8,0.5,0.4,0.9,1.6,8.4
26,201152,0.595,0.405,0.552,0.37,0.275,3.98,1.86,2.53,2.85,2.3,7.57,5.15,7.02,4.7,3.49,0.006,0.0,-0.013,0.03,0.025,Thaddeus Young,29.0,6.0,19.0,14.0,11.0,0.0,0.0,1.0,0.0,9.0,1.0,3.0,0.0,0.0,2.0,0.0,2.0,4.0,47.0,130.0,PF,0.35600000000000004,0.501,1.5,3.5,1.8,1.4,0.4,1.6,2.1,10.3
27,201158,0.518,0.482,0.634,0.287,0.191,1.89,1.16,1.61,1.23,1.01,3.41,3.16,4.16,1.89,1.25,0.053,0.012,0.019,0.085,0.19,Marco Belinelli,4.0,9.0,13.0,11.0,20.0,0.0,0.0,3.0,0.0,12.0,2.0,1.0,1.0,1.0,2.0,0.0,13.0,2.0,2.0,14.0,SG,0.368,0.42200000000000004,0.1,1.7,1.2,0.2,0.0,0.3,0.8,5.8
28,201162,0.622,0.378,0.496,0.435,0.329,2.15,0.68,0.96,1.64,1.34,3.26,1.98,2.6,2.28,1.72,0.149,-0.004,0.006,0.153,0.158,Jared Dudley,2.0,4.0,2.0,4.0,4.0,0.0,0.0,1.0,0.0,0.0,0.0,0.0,0.0,0.0,0.0,0.0,0.0,0.0,1.0,2.0,SF,0.47100000000000003,0.25,0.1,1.0,0.5,0.3,0.1,0.2,0.9,1.5
29,201163,0.597,0.403,0.555,0.361,0.272,2.62,1.38,2.03,1.68,1.41,5.61,3.78,5.22,3.39,2.55,-0.041,0.003,0.015,-0.076,-0.07200000000000001,Wilson Chandler,5.0,7.0,3.0,15.0,7.0,0.0,0.0,1.0,0.0,2.0,0.0,0.0,0.0,1.0,2.0,0.0,1.0,1.0,15.0,15.0,SF,0.306,0.597,0.3,3.8,1.1,0.5,0.3,1.0,2.3,5.9
30,201188,0.8340000000000001,0.166,0.316,0.631,0.53,5.07,0.74,1.4,4.19,3.82,10.36,2.07,3.93,7.84,6.59,-0.037000000000000005,-0.008,-0.02,-0.041,-0.044,Marc Gasol,3.0,3.0,11.0,5.0,28.0,1.0,0.0,1.0,0.0,7.0,0.0,2.0,0.0,1.0,0.0,0.0,0.0,6.0,14.0,24.0,C,0.402,0.44,0.8,5.5,3.4,0.8,0.9,1.2,2.8,7.6
31,201229,0.66,0.34,0.479,0.438,0.331,2.65,0.95,1.43,1.89,1.56,5.7,2.94,4.14,3.78,2.86,-0.047,-0.034,-0.022,-0.071,-0.075,Anthony Tolliver,5.0,9.0,6.0,11.0,7.0,1.0,0.0,0.0,1.0,4.0,1.0,1.0,0.0,0.0,0.0,0.0,0.0,1.0,2.0,9.0,PF,0.322,0.441,0.6,2.2,0.7,0.3,0.2,0.6,1.4,3.5
32,201565,0.696,0.304,0.466,0.4320000000000001,0.297,2.32,0.68,1.12,1.56,1.16,4.12,1.8,2.76,2.56,1.76,0.056,0.021,0.034,0.042,0.041,Derrick Rose,3.0,6.0,20.0,9.0,7.0,0.0,0.0,1.0,0.0,14.0,0.0,11.0,14.0,2.0,8.0,2.0,16.0,26.0,62.0,174.0,PG,0.306,0.535,0.5,1.9,5.6,0.8,0.3,2.5,1.0,18.1
33,201566,0.598,0.402,0.5429999999999999,0.378,0.311,2.5,1.18,1.6,1.77,1.55,4.88,3.28,4.44,3.09,2.54,0.002,-0.005,-0.016,0.008,-0.006999999999999999,Russell Westbrook,6.0,4.0,14.0,23.0,3.0,0.0,1.0,7.0,6.0,15.0,2.0,20.0,7.0,19.0,12.0,2.0,19.0,33.0,34.0,340.0,PG,0.254,0.518,1.8,6.3,7.0,1.7,0.3,4.5,3.5,27.5
34,201567,0.789,0.211,0.315,0.605,0.467,5.32,1.02,1.56,4.24,3.59,9.46,2.53,3.78,7.25,5.59,0.045,0.032,0.03,0.012,0.016,Kevin Love,20.0,8.0,52.0,36.0,24.0,6.0,0.0,11.0,4.0,31.0,2.0,25.0,13.0,7.0,2.0,0.0,6.0,6.0,28.0,69.0,PF,0.374,0.537,1.0,8.8,3.2,0.6,0.3,2.5,1.6,17.6
35,201568,0.648,0.35200000000000004,0.502,0.431,0.324,3.81,1.48,2.05,2.76,2.29,7.81,4.24,6.05,5.19,3.9,-0.022,-0.023,-0.04,-0.036000000000000004,-0.037000000000000005,Danilo Gallinari,6.0,11.0,58.0,47.0,38.0,5.0,0.0,9.0,7.0,36.0,4.0,10.0,6.0,7.0,2.0,3.0,8.0,10.0,11.0,77.0,PF,0.409,0.474,0.6,4.9,2.1,0.7,0.1,1.3,1.2,19.2
36,201569,0.525,0.475,0.607,0.305,0.192,1.96,1.1,1.48,1.36,1.01,3.97,3.59,4.59,2.3,1.45,-0.012,-0.053,-0.05,0.031,0.085,Eric Gordon,5.0,0.0,31.0,39.0,15.0,2.0,0.0,0.0,0.0,14.0,0.0,0.0,1.0,0.0,0.0,0.0,0.0,2.0,8.0,59.0,SG,0.319,0.467,0.2,1.7,1.5,0.6,0.4,1.1,2.0,14.5
37,201571,0.602,0.398,0.602,0.28300000000000003,0.196,2.0,1.0,1.53,1.15,0.92,3.91,2.58,3.91,1.84,1.27,0.025,0.033,0.025,0.08,0.119,DJ Augustin,6.0,2.0,20.0,20.0,12.0,0.0,0.0,1.0,0.0,12.0,0.0,3.0,2.0,5.0,4.0,0.0,4.0,15.0,8.0,52.0,PG,0.345,0.43,0.4,1.9,4.6,0.6,0.0,1.4,1.1,10.4
38,201572,0.794,0.206,0.34600000000000003,0.57,0.426,4.56,0.93,1.76,3.33,2.78,9.51,2.47,4.15,6.83,5.11,-0.039,0.02,0.05,-0.085,-0.08199999999999999,Brook Lopez,11.0,7.0,21.0,30.0,15.0,0.0,0.0,1.0,0.0,7.0,0.0,2.0,11.0,1.0,1.0,0.0,3.0,14.0,33.0,94.0,C,0.29600000000000004,0.557,0.7,3.8,1.6,0.7,2.4,1.0,2.4,11.0
39,201577,0.823,0.177,0.358,0.569,0.429,5.03,0.78,1.79,3.62,2.84,9.87,2.13,4.3,6.83,5.14,-0.017,0.003,0.041,-0.044,-0.07200000000000001,Robin Lopez,7.0,12.0,10.0,0.0,4.0,0.0,0.0,0.0,0.0,3.0,0.0,0.0,4.0,0.0,0.0,0.0,1.0,7.0,38.0,53.0,C,0.344,0.588,0.9,1.6,0.7,0.2,0.7,0.9,1.3,5.5
40,201580,0.7829999999999999,0.217,0.386,0.568,0.434,2.23,0.43,0.8,1.72,1.34,4.49,1.25,2.22,3.26,2.49,-0.012,0.0,-0.001,-0.033,-0.073,JaVale McGee,0.0,0.0,0.0,0.0,2.0,1.0,0.0,0.0,0.0,0.0,0.0,1.0,1.0,0.0,0.0,0.0,1.0,5.0,15.0,155.0,C,0.5,0.643,1.8,4.0,0.6,0.5,1.5,0.8,2.4,6.8
41,201583,0.723,0.277,0.44,0.48,0.35200000000000004,3.06,1.02,1.42,2.35,1.98,6.59,2.53,4.02,4.38,3.21,-0.039,0.042,-0.015,-0.019,0.01,Ryan Anderson,0.0,0.0,1.0,0.0,0.0,0.0,0.0,0.0,0.0,0.0,0.0,0.0,0.0,0.0,0.0,0.0,0.0,1.0,0.0,0.0,PF,0.2,0.5,0.0,3.5,1.0,0.5,0.0,0.5,0.5,2.5
42,201584,0.565,0.435,0.634,0.289,0.203,2.52,1.35,2.0,1.6,1.31,4.77,3.68,5.36,2.44,1.72,0.025,0.0,-0.006,0.093,0.141,Courtney Lee,6.0,3.0,5.0,3.0,4.0,0.0,0.0,0.0,1.0,2.0,0.0,1.0,0.0,0.0,0.0,0.0,2.0,0.0,4.0,11.0,SG,0.447,0.5429999999999999,0.3,1.0,0.5,0.8,0.3,0.5,1.4,4.5
43,201586,0.723,0.277,0.4370000000000001,0.493,0.397,3.89,1.14,1.86,2.83,2.45,7.68,2.95,4.64,5.24,4.22,-0.001,0.03,0.028,-0.025,-0.043,Serge Ibaka,3.0,2.0,20.0,20.0,21.0,0.0,0.0,0.0,1.0,13.0,1.0,11.0,8.0,4.0,6.0,0.0,13.0,12.0,65.0,129.0,C,0.39799999999999996,0.562,2.1,6.2,1.5,0.5,0.8,2.0,2.8,16.0
44,201587,0.615,0.385,0.5710000000000001,0.339,0.261,2.56,1.42,2.08,1.66,1.36,5.05,3.16,4.69,2.78,2.14,0.003,0.081,0.063,0.03,0.017,Nicolas Batum,3.0,3.0,3.0,4.0,1.0,0.0,0.0,0.0,0.0,2.0,0.0,0.0,0.0,0.0,0.0,0.0,1.0,1.0,1.0,11.0,SF,0.28600000000000003,0.43799999999999994,1.1,3.4,3.0,0.8,0.4,1.0,1.9,3.6
45,201588,0.5539999999999999,0.446,0.58,0.364,0.272,2.48,1.4,1.79,1.94,1.61,4.75,3.82,4.97,3.12,2.33,0.016,0.004,-0.013,0.057,0.068,George Hill,12.0,8.0,16.0,30.0,6.0,1.0,0.0,1.0,0.0,8.0,0.0,1.0,0.0,1.0,1.0,1.0,5.0,7.0,5.0,81.0,PG,0.48,0.5710000000000001,0.9,2.1,2.9,0.8,0.1,0.9,1.4,9.6
46,201599,0.782,0.218,0.389,0.514,0.373,4.63,0.92,1.74,3.34,2.75,9.49,2.64,4.72,6.24,4.53,-0.036000000000000004,-0.006999999999999999,-0.006999999999999999,-0.038,-0.015,DeAndre Jordan,0.0,0.0,0.0,0.0,0.0,0.0,0.0,0.0,0.0,0.0,0.0,0.0,0.0,0.0,0.0,0.0,1.0,0.0,8.0,182.0,C,0.0,0.6659999999999999,2.5,7.5,1.9,0.3,0.9,1.3,2.0,8.3
47,201609,0.7090000000000001,0.29100000000000004,0.434,0.465,0.311,2.64,0.83,1.31,1.94,1.53,5.99,2.46,3.67,3.93,2.63,-0.055,-0.027000000000000003,-0.021,-0.057,-0.026,Goran Dragic,17.0,8.0,27.0,39.0,26.0,1.0,0.0,1.0,4.0,12.0,2.0,0.0,4.0,5.0,2.0,1.0,12.0,22.0,22.0,93.0,PG,0.377,0.491,0.5,2.6,5.1,0.6,0.1,2.5,1.9,16.1
48,201933,0.619,0.381,0.522,0.391,0.327,4.41,1.81,2.62,3.1,2.71,8.71,5.36,7.34,5.5,4.6,-0.009000000000000001,-0.024,-0.014,-0.003,-0.034,Blake Griffin,3.0,1.0,8.0,4.0,10.0,1.0,0.0,0.0,0.0,4.0,0.0,2.0,0.0,1.0,0.0,0.0,0.0,0.0,8.0,50.0,PF,0.243,0.439,0.9,3.7,3.3,0.4,0.4,2.2,1.5,15.5
49,201935,0.607,0.393,0.526,0.39,0.282,3.82,1.89,2.53,2.86,2.29,7.49,4.85,6.49,4.81,3.47,-0.002,0.026,0.017,0.026,0.038,James Harden,7.0,6.0,66.0,101.0,78.0,13.0,0.0,0.0,0.0,27.0,0.0,1.0,0.0,2.0,4.0,0.0,1.0,12.0,70.0,242.0,SG,0.35200000000000004,0.5379999999999999,1.0,5.3,7.4,1.7,0.9,4.5,3.4,34.4
50,201937,0.6629999999999999,0.337,0.5429999999999999,0.345,0.255,3.34,1.35,2.16,2.13,1.73,6.22,3.16,5.09,3.23,2.39,0.037000000000000005,0.07400000000000001,0.052000000000000005,0.094,0.105,Ricky Rubio,18.0,4.0,25.0,10.0,8.0,0.0,0.0,5.0,1.0,15.0,1.0,17.0,4.0,15.0,6.0,1.0,14.0,13.0,18.0,85.0,PG,0.35100000000000003,0.44,0.7,3.9,8.9,1.5,0.2,2.7,2.5,13.1
51,201939,0.59,0.41,0.56,0.355,0.24,2.75,1.27,1.75,2.0,1.57,5.02,3.49,4.76,3.02,2.04,0.052000000000000005,0.005,-0.005,0.114,0.166,Stephen Curry,1.0,1.0,3.0,3.0,1.0,3.0,0.0,1.0,0.0,3.0,0.0,0.0,0.0,0.0,1.0,1.0,1.0,2.0,1.0,12.0,PG,0.245,0.636,0.8,4.4,6.6,1.0,0.4,3.2,2.2,20.8
52,201942,0.633,0.3670000000000001,0.545,0.338,0.238,2.21,1.05,1.53,1.39,1.15,4.61,2.68,3.98,2.46,1.74,-0.022,0.026,0.005,0.001,0.043,DeMar DeRozan,4.0,0.0,3.0,1.0,0.0,0.0,0.0,8.0,4.0,8.0,2.0,30.0,15.0,16.0,13.0,1.0,37.0,60.0,94.0,203.0,SF,0.267,0.535,0.6,5.0,5.6,1.0,0.2,2.4,2.7,22.2
53,201949,0.632,0.368,0.501,0.431,0.314,3.14,1.24,1.85,2.21,1.83,6.15,3.58,4.87,4.2,3.06,-0.006,-0.015,0.003,-0.042,-0.022,James Johnson,4.0,1.0,7.0,10.0,11.0,0.0,0.0,0.0,0.0,3.0,0.0,1.0,1.0,0.0,0.0,0.0,1.0,0.0,5.0,62.0,PF,0.363,0.565,0.8,2.9,2.3,0.8,1.0,1.5,2.5,8.4
54,201950,0.544,0.456,0.64,0.281,0.215,3.79,2.28,3.31,2.34,2.05,7.74,6.48,9.1,4.0,3.06,-0.014,-0.012,-0.011,0.023,0.058,Jrue Holiday,11.0,9.0,40.0,33.0,19.0,2.0,1.0,2.0,0.0,22.0,0.0,7.0,4.0,0.0,3.0,0.0,1.0,19.0,51.0,216.0,SG,0.35700000000000004,0.502,1.3,3.6,6.9,1.7,0.8,2.9,2.3,19.6
55,201952,0.563,0.4370000000000001,0.596,0.313,0.236,2.91,1.53,2.24,1.84,1.56,5.34,4.14,5.66,2.97,2.24,0.047,0.011,0.023,0.066,0.087,Jeff Teague,1.0,4.0,17.0,6.0,15.0,0.0,0.0,0.0,0.0,12.0,0.0,2.0,4.0,1.0,1.0,0.0,2.0,16.0,47.0,94.0,PG,0.368,0.457,0.5,1.9,5.2,0.7,0.3,2.0,1.8,10.9
56,201959,0.649,0.35100000000000003,0.507,0.435,0.35,4.24,1.7,2.45,3.22,2.76,8.27,4.48,6.46,5.55,4.46,-0.004,0.019,0.008,0.008,-0.002,Taj Gibson,1.0,1.0,2.0,0.0,0.0,0.0,0.0,1.0,1.0,3.0,0.0,2.0,2.0,0.0,2.0,0.0,11.0,7.0,12.0,120.0,C,0.28600000000000003,0.599,1.8,2.5,0.8,0.4,0.5,0.8,2.0,6.1
57,201960,0.7170000000000001,0.28300000000000003,0.439,0.478,0.395,4.18,1.21,1.97,3.07,2.72,8.13,3.21,4.97,5.42,4.48,0.002,0.01,0.018000000000000002,-0.006,-0.023,DeMarre Carroll,2.0,3.0,1.0,0.0,1.0,0.0,0.0,0.0,0.0,1.0,0.0,0.0,0.0,1.0,0.0,0.0,0.0,1.0,4.0,8.0,SF,0.259,0.519,0.5,1.7,0.9,0.2,0.2,0.8,1.3,3.5
58,201961,0.55,0.45,0.588,0.316,0.213,1.93,1.27,1.64,1.23,0.93,3.83,3.13,4.09,2.2,1.48,0.003,0.039,0.023,-0.005,0.008,Wayne Ellington,3.0,7.0,17.0,15.0,7.0,0.0,0.0,1.0,0.0,9.0,0.0,0.0,0.0,1.0,1.0,0.0,2.0,0.0,0.0,6.0,SG,0.35,0.355,0.1,1.7,1.2,0.4,0.1,0.5,1.1,5.1
59,201976,0.579,0.421,0.632,0.237,0.175,3.45,1.73,3.0,1.36,1.09,6.0,4.36,6.55,2.45,1.82,0.08900000000000001,0.053,0.084,0.011,-0.005,Patrick Beverley,14.0,13.0,23.0,20.0,5.0,0.0,0.0,0.0,0.0,14.0,0.0,0.0,1.0,0.0,0.0,0.0,1.0,2.0,19.0,41.0,PG,0.379,0.504,1.2,4.2,3.7,1.1,0.5,1.3,3.1,7.9
60,201980,0.6709999999999999,0.329,0.473,0.435,0.321,3.79,1.23,1.84,2.79,2.29,7.39,3.61,5.2,4.79,3.53,0.002,-0.024,-0.023,0.014,0.025,Danny Green,27.0,24.0,19.0,35.0,6.0,1.0,0.0,2.0,3.0,13.0,0.0,1.0,3.0,0.0,1.0,0.0,1.0,5.0,9.0,41.0,SG,0.37799999999999995,0.516,0.7,2.7,1.4,1.2,0.5,0.9,2.1,8.2
61,201988,0.595,0.405,0.602,0.29,0.19,2.18,0.98,1.61,1.2,0.85,4.05,2.76,4.1,1.98,1.29,0.041,-0.004,0.022,0.04,0.038,Patty Mills,25.0,12.0,43.0,33.0,35.0,0.0,0.0,1.0,2.0,25.0,0.0,4.0,1.0,0.0,3.0,1.0,19.0,5.0,4.0,53.0,PG,0.38,0.529,0.3,1.3,1.8,0.8,0.1,0.8,1.6,11.7
62,202066,0.519,0.481,0.617,0.337,0.25,2.06,1.54,1.97,1.46,1.26,4.15,3.85,4.94,2.69,2.0,-0.008,0.035,0.027000000000000003,-0.017,0.019,Garrett Temple,25.0,15.0,32.0,29.0,10.0,1.0,0.0,0.0,1.0,19.0,1.0,2.0,1.0,1.0,1.0,1.0,4.0,7.0,6.0,59.0,SG,0.324,0.483,0.5,2.9,2.6,0.8,0.5,1.0,1.7,10.3
63,202083,0.5670000000000001,0.433,0.639,0.248,0.15,2.55,1.26,2.0,1.29,0.98,4.94,3.77,5.56,2.16,1.31,0.011,-0.032,-0.018000000000000002,0.027000000000000003,0.129,Wesley Matthews,17.0,15.0,28.0,24.0,17.0,0.0,0.0,0.0,1.0,16.0,0.0,0.0,3.0,0.0,0.0,0.0,2.0,3.0,8.0,39.0,SG,0.365,0.46799999999999997,0.3,2.2,1.5,0.6,0.1,0.7,1.5,7.5
64,202323,0.624,0.376,0.56,0.326,0.228,2.59,1.14,1.9,1.5,1.1,5.35,3.22,4.79,2.79,1.95,-0.02,-0.012,0.019,-0.024,-0.045,Evan Turner,0.0,0.0,0.0,0.0,0.0,0.0,0.0,0.0,0.0,0.0,0.0,1.0,3.0,1.0,1.0,0.0,2.0,3.0,3.0,11.0,PG,0.0,0.40299999999999997,0.4,1.6,2.0,0.5,0.4,1.4,1.1,3.3
65,202324,0.779,0.221,0.373,0.5479999999999999,0.4370000000000001,4.32,0.96,1.61,3.27,2.73,9.35,2.65,4.48,6.57,5.25,-0.056,0.002,-0.013,-0.07200000000000001,-0.104,Derrick Favors,1.0,0.0,0.0,0.0,0.0,0.0,0.0,0.0,0.0,0.0,0.0,2.0,1.0,0.0,1.0,0.0,4.0,7.0,10.0,163.0,C,0.14300000000000002,0.631,3.3,6.6,1.7,0.6,1.0,1.1,2.2,9.2
66,202329,0.6890000000000001,0.311,0.457,0.475,0.361,3.99,1.25,2.03,2.88,2.34,8.03,3.62,5.32,5.53,4.21,-0.029,-0.018000000000000002,0.006,-0.059,-0.07400000000000001,AlFarouq Aminu,2.0,1.0,1.0,2.0,3.0,0.0,0.0,0.0,0.0,0.0,0.0,0.0,0.0,0.0,0.0,0.0,1.0,1.0,4.0,10.0,PF,0.25,0.32,1.3,3.5,1.2,1.0,0.4,0.9,1.5,4.3
67,202330,1.0,0.0,0.0,1.0,1.0,1.0,0.0,0.0,1.0,1.0,1.0,0.0,0.0,1.0,1.0,0.527,0.0,0.0,0.455,0.368,Gordon Hayward,8.0,9.0,21.0,18.0,18.0,0.0,0.0,0.0,1.0,17.0,2.0,11.0,10.0,5.0,6.0,1.0,16.0,31.0,29.0,111.0,SF,0.392,0.5529999999999999,1.0,5.5,4.1,0.8,0.4,1.8,1.8,17.3
68,202331,0.5820000000000001,0.418,0.534,0.4,0.324,4.04,2.03,2.55,3.18,2.78,7.15,5.13,6.56,4.91,3.97,0.046,0.028,0.01,0.07200000000000001,0.07,Paul George,16.0,16.0,30.0,42.0,29.0,0.0,0.0,3.0,2.0,18.0,1.0,3.0,10.0,1.0,8.0,0.0,16.0,11.0,24.0,71.0,SF,0.39899999999999997,0.46299999999999997,0.5,5.2,3.9,1.3,0.5,2.7,2.4,21.0
69,202334,0.843,0.157,0.274,0.6609999999999999,0.509,3.38,0.51,0.88,2.78,2.3,6.82,1.27,2.22,5.35,4.12,-0.029,0.043,0.023,-0.049,-0.06,Ed Davis,0.0,0.0,0.0,0.0,0.0,0.0,0.0,0.0,0.0,0.0,0.0,0.0,0.0,0.0,0.0,0.0,1.0,0.0,1.0,12.0,C,0.0,0.41200000000000003,1.2,2.6,0.3,0.4,0.4,0.5,2.2,1.3
70,202335,0.708,0.292,0.438,0.489,0.361,2.09,0.64,1.04,1.58,1.32,4.1,1.69,2.54,2.83,2.09,-0.004,0.018000000000000002,0.04,-0.006999999999999999,0.016,Patrick Patterson,12.0,11.0,8.0,17.0,7.0,0.0,0.0,0.0,0.0,3.0,0.0,0.0,1.0,0.0,0.0,0.0,1.0,1.0,5.0,12.0,PF,0.387,0.457,0.6,1.8,0.6,0.1,0.1,0.4,0.8,4.6
71,202339,0.579,0.421,0.555,0.361,0.281,2.82,1.7,2.11,2.08,1.77,5.86,4.26,5.62,3.66,2.85,-0.017,0.037000000000000005,0.0,0.016,0.014,Eric Bledsoe,2.0,5.0,16.0,36.0,11.0,0.0,0.0,0.0,1.0,7.0,1.0,2.0,4.0,4.0,3.0,2.0,5.0,21.0,27.0,176.0,PG,0.348,0.54,0.7,3.9,5.4,0.9,0.4,2.5,2.1,15.4
72,202340,0.529,0.471,0.627,0.293,0.21,2.54,1.63,2.2,1.63,1.39,4.72,4.2,5.59,2.61,1.87,0.029,0.024,0.013,0.056,0.125,Avery Bradley,21.0,9.0,16.0,13.0,4.0,0.0,0.0,1.0,2.0,14.0,1.0,3.0,2.0,4.0,5.0,1.0,17.0,10.0,7.0,47.0,SG,0.364,0.51,0.4,2.0,1.3,0.9,0.1,1.0,2.2,8.6
73,202355,0.875,0.125,0.229,0.7090000000000001,0.5479999999999999,4.46,0.57,1.11,3.7,3.15,9.35,1.33,2.44,7.57,5.85,-0.051,0.075,0.08199999999999999,-0.08800000000000001,-0.08900000000000001,Hassan Whiteside,0.0,0.0,0.0,0.0,4.0,0.0,0.0,0.0,2.0,0.0,0.0,8.0,6.0,0.0,5.0,1.0,9.0,17.0,67.0,297.0,C,0.5710000000000001,0.619,4.0,10.2,1.2,0.4,3.1,1.9,2.9,16.3
74,202357,0.6759999999999999,0.324,0.443,0.496,0.403,2.94,0.91,1.3,2.39,2.13,5.76,2.76,3.78,4.22,3.43,-0.002,-0.037000000000000005,-0.031,0.006,0.014,Nemanja Bjelica,13.0,13.0,45.0,27.0,20.0,7.0,0.0,2.0,0.0,30.0,0.0,1.0,1.0,0.0,0.0,0.0,0.0,7.0,40.0,107.0,PF,0.424,0.524,1.7,4.8,2.8,0.8,0.5,1.4,3.0,11.9
75,202397,0.591,0.409,0.568,0.326,0.228,2.63,1.27,1.75,1.75,1.31,5.37,3.72,5.16,2.96,2.07,-0.006999999999999999,-0.018000000000000002,-0.033,0.035,0.024,Ish Smith,5.0,11.0,11.0,20.0,8.0,0.0,0.0,1.0,3.0,12.0,1.0,3.0,9.0,6.0,11.0,0.0,16.0,27.0,23.0,99.0,PG,0.3670000000000001,0.48,0.5,2.7,4.8,0.9,0.4,1.3,1.4,10.5
76,202681,0.648,0.35200000000000004,0.519,0.368,0.274,3.31,1.18,1.8,2.2,1.89,6.05,3.29,4.85,3.44,2.56,0.046,-0.008,-0.006999999999999999,0.08199999999999999,0.132,Kyrie Irving,3.0,5.0,12.0,22.0,13.0,1.0,0.0,0.0,2.0,7.0,0.0,6.0,5.0,2.0,6.0,0.0,9.0,25.0,21.0,62.0,PG,0.39399999999999996,0.522,1.1,4.1,6.4,1.4,0.5,2.6,2.7,27.4
77,202683,0.838,0.162,0.307,0.609,0.454,5.51,0.89,1.74,4.1,3.37,10.31,2.0,3.79,7.5,5.59,0.016,0.08199999999999999,0.083,-0.023,-0.018000000000000002,Enes Kanter,0.0,0.0,0.0,0.0,1.0,0.0,0.0,0.0,0.0,1.0,0.0,1.0,1.0,0.0,1.0,0.0,2.0,0.0,22.0,146.0,C,0.14300000000000002,0.5760000000000001,2.8,5.0,1.0,0.4,0.7,1.0,1.7,8.2
78,202684,0.736,0.264,0.431,0.475,0.374,4.15,1.09,1.87,2.92,2.55,7.57,2.72,4.43,4.89,3.85,0.037000000000000005,0.036000000000000004,0.045,0.037000000000000005,0.046,Tristan Thompson,0.0,1.0,1.0,1.0,4.0,2.0,0.0,0.0,0.0,1.0,0.0,2.0,5.0,0.0,1.0,0.0,1.0,6.0,76.0,188.0,C,0.391,0.518,4.0,6.2,2.1,0.6,0.9,1.8,2.2,12.0
79,202687,0.8370000000000001,0.163,0.266,0.67,0.5329999999999999,3.39,0.51,0.93,2.78,2.41,6.9,1.34,2.2,5.52,4.39,-0.024,0.013,0.042,-0.059,-0.062,Bismack Biyombo,0.0,0.0,0.0,0.0,0.0,0.0,0.0,0.0,0.0,0.0,0.0,0.0,2.0,0.0,0.0,0.0,0.0,3.0,18.0,128.0,C,0.0,0.5429999999999999,2.3,3.5,0.9,0.2,0.9,0.9,2.2,7.4
80,202689,0.604,0.396,0.585,0.282,0.18,4.01,1.89,2.98,2.13,1.66,8.21,5.38,7.95,3.84,2.45,-0.004,-0.011,-0.004,0.001,0.067,Kemba Walker,4.0,2.0,46.0,59.0,53.0,1.0,0.0,0.0,0.0,16.0,1.0,3.0,6.0,0.0,13.0,2.0,12.0,14.0,16.0,111.0,PG,0.377,0.47,0.7,3.4,4.9,0.9,0.5,2.1,1.5,21.2
81,202692,0.595,0.405,0.542,0.39,0.33,1.42,0.74,1.08,0.95,0.89,2.53,1.73,2.31,1.66,1.4,0.062,0.066,0.093,0.018000000000000002,0.028,Alec Burks,14.0,8.0,27.0,28.0,21.0,2.0,0.0,2.0,4.0,19.0,2.0,6.0,9.0,4.0,4.0,1.0,10.0,18.0,23.0,89.0,SG,0.366,0.428,0.7,3.7,2.9,1.0,0.3,1.4,2.0,15.1
82,202693,0.675,0.325,0.463,0.481,0.374,3.56,1.12,1.59,2.89,2.34,6.82,3.29,4.68,4.86,3.78,0.003,-0.024,-0.034,0.024,-0.004,Markieff Morris,15.0,9.0,25.0,23.0,8.0,0.0,0.0,4.0,3.0,13.0,0.0,6.0,6.0,0.0,5.0,0.0,1.0,2.0,19.0,63.0,PF,0.386,0.502,0.7,3.2,1.4,0.5,0.3,1.4,2.3,10.1
83,202695,0.597,0.403,0.522,0.448,0.373,2.22,0.67,0.89,1.89,1.44,4.44,3.0,3.89,3.33,2.78,-0.008,-0.142,-0.153,0.01,-0.087,Kawhi Leonard,5.0,4.0,23.0,39.0,33.0,2.0,0.0,3.0,10.0,13.0,1.0,17.0,24.0,14.0,18.0,2.0,21.0,70.0,52.0,129.0,SF,0.366,0.51,1.0,6.3,5.0,1.8,0.6,2.7,1.9,26.9
84,202696,0.821,0.179,0.299,0.623,0.48,6.65,0.93,1.68,5.32,4.4,11.91,2.6,4.33,9.04,6.96,0.035,0.008,0.015,0.02,0.014,Nikola Vucevic,3.0,3.0,29.0,12.0,35.0,0.0,0.0,2.0,4.0,16.0,4.0,11.0,10.0,4.0,4.0,0.0,10.0,32.0,86.0,174.0,C,0.32899999999999996,0.523,2.4,8.6,3.7,0.9,0.9,1.4,2.2,19.5
85,202697,0.5429999999999999,0.457,0.598,0.391,0.337,2.21,1.14,1.71,1.64,1.64,3.57,3.0,3.93,2.57,2.21,0.117,0.018000000000000002,0.064,0.08800000000000001,0.141,Iman Shumpert,0.0,3.0,4.0,1.0,0.0,0.0,0.0,0.0,0.0,2.0,0.0,0.0,0.0,0.0,1.0,1.0,2.0,2.0,0.0,7.0,SG,0.242,0.419,0.7,1.9,0.9,0.9,0.2,0.8,1.6,4.2
86,202699,0.64,0.36,0.479,0.446,0.344,4.82,1.85,2.47,3.78,3.11,9.01,5.06,6.75,6.28,4.84,0.016,0.006,-0.006999999999999999,0.028,0.018000000000000002,Tobias Harris,15.0,13.0,37.0,28.0,23.0,1.0,0.0,3.0,0.0,24.0,0.0,11.0,12.0,10.0,8.0,0.0,15.0,52.0,85.0,174.0,PF,0.36200000000000004,0.521,0.8,5.9,3.2,0.8,0.5,1.5,2.3,19.4
87,202704,0.545,0.455,0.6459999999999999,0.265,0.182,2.58,1.56,2.38,1.44,1.09,4.8,4.0,5.69,2.33,1.6,0.033,0.02,0.042,0.052000000000000005,0.058,Reggie Jackson,5.0,3.0,14.0,15.0,6.0,2.0,0.0,0.0,0.0,4.0,0.0,2.0,0.0,2.0,0.0,0.0,1.0,7.0,18.0,32.0,PG,0.39799999999999996,0.431,0.7,2.3,4.4,0.4,0.2,1.7,1.7,12.8
88,202709,0.557,0.443,0.615,0.311,0.21600000000000005,2.87,1.49,2.24,1.76,1.32,5.35,4.26,5.91,2.99,2.07,0.042,-0.012,0.003,0.041,0.031,Cory Joseph,10.0,4.0,17.0,11.0,5.0,0.0,0.0,0.0,0.0,14.0,0.0,3.0,3.0,4.0,0.0,0.0,10.0,13.0,23.0,44.0,PG,0.35100000000000003,0.46,0.6,2.0,3.4,0.7,0.3,1.0,1.9,6.3
89,202710,0.593,0.407,0.536,0.388,0.319,3.22,1.49,1.98,2.39,2.15,6.34,4.36,5.73,4.15,3.41,-0.002,-0.016,-0.025,0.01,0.017,Jimmy Butler,2.0,4.0,7.0,15.0,1.0,0.0,0.0,3.0,6.0,6.0,1.0,7.0,16.0,2.0,4.0,0.0,6.0,17.0,60.0,174.0,SF,0.248,0.494,1.8,4.8,6.1,1.7,0.5,2.2,1.4,20.2
90,202711,0.602,0.398,0.585,0.342,0.239,3.0,1.34,1.99,2.06,1.62,5.54,3.67,5.39,3.15,2.2,0.033,0.009000000000000001,-0.002,0.08800000000000001,0.115,Bojan Bogdanovic,29.0,39.0,45.0,46.0,28.0,1.0,0.0,2.0,2.0,16.0,0.0,2.0,6.0,1.0,1.0,0.0,3.0,22.0,49.0,141.0,SF,0.414,0.479,0.6,3.5,2.1,0.5,0.1,2.5,1.7,20.2
91,202718,0.614,0.386,0.527,0.364,0.266,1.79,0.91,1.26,1.24,1.09,3.32,2.09,2.85,1.97,1.44,0.035,0.064,0.068,0.071,0.14400000000000002,Chandler Parsons,0.0,1.0,0.0,1.0,1.0,1.0,0.0,0.0,0.0,0.0,0.0,0.0,0.0,0.0,0.0,0.0,0.0,0.0,0.0,1.0,SF,0.28600000000000003,0.25,0.2,1.2,0.6,0.8,0.2,0.6,0.6,2.8
92,202734,0.667,0.333,0.523,0.374,0.282,3.6,1.29,2.06,2.35,1.91,6.61,3.3,5.18,3.71,2.79,0.042,0.028,0.021,0.069,0.069,ETwaun Moore,10.0,10.0,25.0,12.0,3.0,0.0,0.0,1.0,1.0,14.0,0.0,4.0,2.0,0.0,2.0,0.0,3.0,9.0,41.0,46.0,SG,0.375,0.456,0.6,1.8,1.4,0.5,0.2,0.7,1.5,8.6
93,202738,0.603,0.397,0.574,0.333,0.202,2.68,1.23,1.71,2.0,1.42,5.48,3.61,5.23,3.03,1.84,-0.015,-0.028,-0.056,0.097,0.156,Isaiah Thomas,3.0,5.0,19.0,36.0,14.0,1.0,0.0,2.0,5.0,10.0,1.0,4.0,3.0,3.0,12.0,0.0,11.0,19.0,15.0,20.0,PG,0.413,0.405,0.3,1.4,3.7,0.3,0.2,1.9,1.9,12.2
94,203076,0.6970000000000001,0.303,0.447,0.491,0.395,4.92,1.6,2.37,3.83,3.33,11.47,4.99,7.35,8.08,6.49,-0.087,-0.041,-0.052000000000000005,-0.096,-0.107,Anthony Davis,15.0,2.0,18.0,15.0,15.0,0.0,0.0,6.0,1.0,16.0,2.0,23.0,10.0,16.0,1.0,2.0,14.0,28.0,51.0,280.0,PF,0.335,0.5539999999999999,2.3,7.1,3.1,1.5,2.4,2.5,2.5,26.7
95,203077,0.6409999999999999,0.359,0.529,0.388,0.306,3.43,1.64,2.35,2.27,1.96,6.96,3.91,5.74,4.22,3.32,-0.018000000000000002,0.055,0.031,-0.034,-0.038,Michael KiddGilchrist,1.0,2.0,2.0,0.0,0.0,0.0,0.0,0.0,0.0,0.0,0.0,0.0,0.0,0.0,0.0,0.0,0.0,1.0,6.0,7.0,SF,0.25,0.35,0.6,2.0,0.6,0.1,0.2,0.6,1.5,2.5
96,203078,0.55,0.45,0.596,0.336,0.266,3.41,1.83,2.54,2.44,2.13,6.37,5.21,6.9,3.89,3.07,0.035,-0.01,-0.006,0.063,0.076,Bradley Beal,14.0,5.0,66.0,51.0,33.0,1.0,0.0,6.0,4.0,42.0,1.0,12.0,17.0,12.0,8.0,1.0,35.0,42.0,44.0,236.0,SG,0.353,0.515,0.9,3.3,6.1,1.2,0.4,3.4,2.2,30.5
97,203079,0.653,0.34700000000000003,0.506,0.422,0.299,3.79,1.34,2.1,2.79,2.17,6.93,3.69,5.38,4.48,3.17,0.049,-0.009000000000000001,0.008,0.063,0.071,Dion Waiters,1.0,0.0,1.0,4.0,2.0,0.0,0.0,1.0,0.0,0.0,0.0,0.0,0.0,0.0,0.0,0.0,0.0,0.0,0.0,1.0,SG,0.47100000000000003,0.222,0.0,3.7,1.0,0.0,0.7,1.0,1.7,9.3
98,203081,0.601,0.399,0.598,0.269,0.191,2.81,1.48,2.21,1.49,1.22,6.19,4.11,6.16,2.77,1.97,-0.034,0.002,-0.012,-0.013,0.01,Damian Lillard,3.0,6.0,73.0,67.0,30.0,44.0,3.0,6.0,7.0,41.0,2.0,9.0,5.0,2.0,8.0,0.0,6.0,12.0,18.0,218.0,PG,0.39399999999999996,0.518,0.5,3.8,7.8,1.0,0.4,2.9,1.7,28.9
99,203082,0.632,0.368,0.525,0.412,0.333,2.58,1.0,1.58,1.96,1.71,5.38,3.13,4.46,3.5,2.83,-0.015,-0.054000000000000006,-0.022,0.003,-0.001,Terrence Ross,12.0,5.0,48.0,59.0,35.0,2.0,0.0,3.0,1.0,19.0,2.0,3.0,2.0,3.0,8.0,2.0,27.0,21.0,16.0,57.0,SG,0.35700000000000004,0.47700000000000004,0.2,3.0,1.2,1.1,0.3,1.0,1.5,14.8
100,203083,0.8240000000000001,0.17600000000000002,0.293,0.647,0.507,5.27,0.9,1.49,4.45,3.74,10.41,2.22,3.71,8.17,6.4,-0.022,0.049,0.025,-0.028,-0.037000000000000005,Andre Drummond,1.0,2.0,0.0,0.0,2.0,0.0,0.0,0.0,0.0,0.0,0.0,1.0,4.0,0.0,0.0,0.0,0.0,4.0,65.0,339.0,C,0.14300000000000002,0.551,4.4,10.8,2.7,1.9,1.6,3.6,3.5,17.7
101,203084,0.625,0.375,0.519,0.394,0.265,3.36,1.38,1.94,2.38,1.87,6.68,4.0,5.55,4.21,2.83,-0.012,-0.008,-0.014,-0.008,0.039,Harrison Barnes,19.0,14.0,25.0,15.0,19.0,0.0,1.0,0.0,0.0,16.0,0.0,4.0,4.0,1.0,2.0,0.0,3.0,6.0,52.0,159.0,PF,0.38299999999999995,0.498,1.0,3.8,2.4,0.6,0.2,1.3,1.3,14.7
102,203085,0.622,0.378,0.5429999999999999,0.355,0.257,3.2,1.35,2.05,2.07,1.65,6.1,3.7,5.32,3.48,2.52,0.019,0.0,0.011,0.023,0.029,Austin Rivers,18.0,7.0,31.0,20.0,6.0,0.0,0.0,0.0,1.0,20.0,0.0,0.0,1.0,0.0,1.0,0.0,1.0,3.0,17.0,76.0,SG,0.358,0.495,0.4,2.0,1.6,0.7,0.2,0.6,1.9,8.5
103,203086,0.737,0.263,0.374,0.556,0.455,1.63,0.44,0.74,1.19,0.93,2.7,0.96,1.37,2.04,1.67,0.076,0.108,0.163,0.017,-0.045,Meyers Leonard,4.0,4.0,12.0,10.0,18.0,3.0,0.0,0.0,0.0,7.0,0.0,0.0,0.0,0.0,0.0,0.0,0.0,4.0,10.0,49.0,C,0.429,0.625,0.6,4.5,1.1,0.3,0.3,0.7,2.1,6.1
104,203087,0.53,0.47,0.647,0.29600000000000004,0.215,2.34,1.53,1.98,1.68,1.38,4.65,4.13,5.68,2.6,1.89,0.008,0.006999999999999999,-0.023,0.087,0.114,Jeremy Lamb,4.0,6.0,21.0,16.0,6.0,0.0,0.0,2.0,1.0,14.0,1.0,15.0,8.0,10.0,3.0,0.0,10.0,18.0,20.0,64.0,SG,0.335,0.508,0.5,3.8,2.1,1.2,0.5,1.1,2.3,12.5
105,203089,0.836,0.16399999999999998,0.297,0.615,0.513,4.95,0.73,1.29,3.96,3.48,9.93,1.95,3.53,7.31,6.09,-0.018000000000000002,0.018000000000000002,-0.006999999999999999,-0.023,-0.046,John Henson,3.0,1.0,3.0,0.0,1.0,0.0,0.0,0.0,0.0,1.0,0.0,1.0,0.0,0.0,0.0,0.0,0.0,1.0,20.0,65.0,PF,0.222,0.644,1.2,2.9,1.4,0.6,1.1,0.9,2.0,5.5
106,203090,0.604,0.396,0.5579999999999999,0.371,0.253,2.03,0.91,1.53,1.16,0.93,4.24,2.78,3.91,2.6,1.78,-0.026,-0.037000000000000005,0.016,-0.127,-0.101,Maurice Harkless,13.0,7.0,4.0,5.0,4.0,0.0,0.0,0.0,1.0,3.0,0.0,0.0,0.0,0.0,2.0,0.0,1.0,0.0,2.0,102.0,SF,0.34700000000000003,0.584,0.9,3.0,1.1,0.9,0.5,0.9,2.4,5.8
107,203095,0.623,0.377,0.514,0.407,0.309,3.33,1.3,1.95,2.4,2.02,5.91,3.58,4.88,3.86,2.93,0.054000000000000006,-0.002,0.025,0.056,0.071,Evan Fournier,28.0,5.0,48.0,33.0,51.0,1.0,0.0,5.0,3.0,27.0,1.0,7.0,4.0,4.0,8.0,4.0,15.0,30.0,32.0,121.0,SG,0.406,0.525,0.3,2.3,3.2,1.1,0.2,2.0,2.4,18.8
108,203109,0.61,0.39,0.521,0.409,0.304,2.89,1.46,1.94,2.1,1.79,5.64,3.6,4.81,3.78,2.81,0.006999999999999999,0.042,0.029,-0.011,0.015,Jae Crowder,14.0,13.0,31.0,26.0,29.0,0.0,0.0,2.0,2.0,12.0,1.0,0.0,1.0,0.0,2.0,0.0,3.0,2.0,3.0,67.0,SF,0.318,0.532,0.8,5.3,2.6,1.2,0.4,1.1,2.2,10.4
109,203110,0.677,0.32299999999999995,0.46,0.467,0.371,4.49,1.56,2.24,3.4,2.86,9.54,4.56,6.49,6.59,5.23,-0.044,-0.015,-0.025,-0.05,-0.07,Draymond Green,1.0,3.0,8.0,11.0,13.0,0.0,0.0,0.0,1.0,2.0,0.0,0.0,1.0,1.0,2.0,0.0,5.0,10.0,11.0,55.0,PF,0.27899999999999997,0.465,0.5,5.7,6.2,1.4,0.8,2.3,2.6,8.0
110,203114,0.57,0.43,0.5820000000000001,0.35700000000000004,0.278,3.12,1.85,2.47,2.28,2.0,6.07,4.58,6.2,3.8,2.96,0.006,0.043,0.031,0.031,0.052000000000000005,Khris Middleton,13.0,13.0,41.0,27.0,38.0,1.0,0.0,9.0,9.0,25.0,2.0,24.0,20.0,7.0,13.0,0.0,29.0,49.0,36.0,78.0,SF,0.418,0.547,0.7,5.5,4.1,0.9,0.1,2.1,2.2,21.1
111,203115,0.602,0.398,0.52,0.403,0.311,3.03,1.36,1.88,2.2,1.81,5.59,3.69,4.83,3.74,2.89,0.043,0.005,0.013,0.032,0.017,Will Barton,13.0,7.0,24.0,29.0,33.0,0.0,1.0,0.0,2.0,18.0,0.0,3.0,4.0,5.0,5.0,0.0,11.0,17.0,29.0,142.0,SF,0.375,0.498,1.3,5.0,3.7,1.1,0.5,1.5,2.1,15.1
112,203118,0.649,0.35100000000000003,0.501,0.42,0.3,1.93,0.63,0.95,1.43,1.12,3.7,2.0,2.86,2.39,1.71,0.018000000000000002,-0.047,-0.038,0.039,0.046,Mike Scott,8.0,7.0,20.0,23.0,15.0,0.0,0.0,0.0,0.0,12.0,1.0,2.0,2.0,1.0,1.0,0.0,2.0,4.0,9.0,35.0,PF,0.358,0.496,0.9,2.7,0.8,0.3,0.1,0.4,1.3,5.7
113,203124,0.8079999999999999,0.192,0.355,0.5820000000000001,0.464,3.24,0.54,1.13,2.42,2.04,6.68,1.59,2.93,4.82,3.84,-0.039,-0.02,0.013,-0.071,-0.093,Kyle OQuinn,0.0,0.0,1.0,1.0,5.0,0.0,0.0,0.0,0.0,1.0,0.0,0.0,1.0,1.0,0.0,1.0,3.0,1.0,1.0,19.0,C,0.304,0.5710000000000001,1.2,2.5,1.3,0.2,0.8,0.7,1.3,3.3
114,203145,0.595,0.405,0.552,0.343,0.27,2.75,1.5,2.05,1.78,1.48,5.23,3.56,4.86,3.02,2.38,0.019,0.058,0.045,0.022,0.003,Kent Bazemore,14.0,17.0,21.0,19.0,6.0,0.0,0.0,1.0,0.0,14.0,0.0,0.0,4.0,0.0,3.0,0.0,5.0,6.0,12.0,73.0,SF,0.342,0.401,0.4,4.0,1.3,1.1,0.6,1.3,2.8,8.7
115,203200,0.562,0.438,0.606,0.325,0.245,3.06,1.75,2.42,2.1,1.71,6.13,4.78,6.61,3.54,2.67,-0.005,-0.004,-0.013,0.024,0.02,Justin Holiday,20.0,29.0,39.0,21.0,11.0,1.0,0.0,2.0,2.0,23.0,0.0,1.0,3.0,0.0,0.0,0.0,6.0,2.0,2.0,49.0,SG,0.424,0.47200000000000003,0.5,2.7,1.3,1.2,0.6,0.6,1.8,8.4
116,203210,0.636,0.364,0.535,0.393,0.298,2.56,1.22,1.71,1.84,1.56,5.47,3.13,4.6,3.38,2.56,-0.052000000000000005,0.025,-0.004,-0.034,-0.017,JaMychal Green,12.0,7.0,22.0,18.0,15.0,0.0,0.0,0.0,0.0,11.0,0.0,0.0,1.0,0.0,0.0,0.0,2.0,1.0,6.0,41.0,PF,0.363,0.52,1.4,5.0,0.8,0.5,0.4,0.8,2.7,6.5
117,203382,0.84,0.16,0.28800000000000003,0.606,0.43,4.04,0.36,0.84,3.17,2.52,8.25,1.57,2.83,5.95,4.22,-0.029,-0.133,-0.075,-0.035,-0.021,Aron Baynes,2.0,4.0,12.0,7.0,33.0,1.0,0.0,0.0,0.0,2.0,0.0,3.0,1.0,0.0,0.0,0.0,1.0,3.0,29.0,87.0,C,0.35100000000000003,0.5820000000000001,1.7,4.0,1.6,0.2,0.5,1.2,3.4,11.5
118,203457,0.778,0.222,0.396,0.547,0.439,3.04,0.74,1.22,2.3,2.0,6.11,1.74,3.11,4.3,3.44,-0.024,0.066,0.017,-0.042,-0.049,Nerlens Noel,1.0,0.0,0.0,0.0,0.0,0.0,0.0,0.0,0.0,0.0,0.0,1.0,0.0,0.0,0.0,1.0,5.0,7.0,19.0,140.0,C,0.33299999999999996,0.6890000000000001,1.5,3.4,1.0,1.0,1.5,1.0,2.6,7.7
119,203458,0.845,0.155,0.287,0.6509999999999999,0.531,4.35,0.65,1.23,3.48,3.04,8.67,1.59,2.94,6.68,5.45,-0.023,0.063,0.05,-0.052000000000000005,-0.062,Alex Len,5.0,4.0,0.0,1.0,4.0,0.0,0.0,0.0,0.0,0.0,0.0,0.0,0.0,0.0,0.0,0.0,0.0,5.0,26.0,122.0,C,0.25,0.626,1.9,4.1,1.0,0.4,0.9,1.0,2.3,8.3
120,203459,0.677,0.32299999999999995,0.55,0.341,0.229,2.68,0.9,1.68,1.49,1.22,5.71,2.73,4.64,2.88,1.93,-0.022,-0.038,-0.017,-0.035,0.023,Allen Crabbe,5.0,8.0,11.0,9.0,3.0,0.0,0.0,0.0,0.0,7.0,0.0,1.0,1.0,1.0,0.0,1.0,1.0,7.0,1.0,12.0,SG,0.303,0.466,0.3,1.8,0.9,0.4,0.1,0.5,1.3,4.6
121,203463,0.562,0.438,0.5589999999999999,0.366,0.297,1.96,1.18,1.49,1.42,1.27,3.55,2.76,3.53,2.31,1.87,0.049,0.068,0.049,0.046,0.065,Ben McLemore,21.0,33.0,52.0,37.0,10.0,1.0,0.0,0.0,0.0,29.0,0.0,0.0,0.0,0.0,0.0,0.0,0.0,1.0,1.0,53.0,SG,0.395,0.688,0.3,1.9,0.9,0.6,0.2,0.7,2.1,9.8
122,203468,0.637,0.363,0.5770000000000001,0.289,0.192,3.39,1.46,2.35,1.76,1.39,7.05,4.03,6.39,3.2,2.13,-0.016,-0.003,-0.01,-0.005,0.041,CJ McCollum,21.0,19.0,55.0,47.0,31.0,1.0,0.0,5.0,8.0,37.0,2.0,16.0,15.0,10.0,19.0,1.0,32.0,54.0,59.0,134.0,SG,0.38,0.4970000000000001,0.7,3.4,4.3,0.7,0.6,1.9,2.6,22.5
123,203469,0.841,0.159,0.318,0.5820000000000001,0.445,2.73,0.15,0.45,2.09,1.76,5.61,1.06,2.12,3.88,2.97,-0.027000000000000003,-0.204,-0.147,-0.025,-0.017,Cody Zeller,1.0,1.0,3.0,5.0,8.0,0.0,0.0,0.0,0.0,0.0,1.0,0.0,1.0,0.0,0.0,0.0,1.0,3.0,26.0,201.0,C,0.24,0.5770000000000001,2.8,4.3,1.5,0.7,0.4,1.3,2.4,11.1
124,203473,0.684,0.316,0.468,0.466,0.359,3.56,1.15,1.83,2.56,2.07,7.24,3.34,4.95,4.93,3.8,-0.029,-0.012,-0.004,-0.049,-0.075,Dewayne Dedmon,1.0,2.0,2.0,7.0,10.0,0.0,0.0,1.0,2.0,1.0,0.0,0.0,2.0,0.0,1.0,0.0,2.0,2.0,9.0,61.0,C,0.20600000000000002,0.541,1.4,4.3,0.5,0.6,0.9,1.3,3.0,5.8
125,203476,0.758,0.242,0.381,0.545,0.434,3.33,0.73,1.15,2.65,2.23,6.08,1.94,3.05,4.37,3.48,0.033,0.027000000000000003,0.012,0.04,0.024,Gorgui Dieng,8.0,8.0,18.0,4.0,12.0,1.0,0.0,4.0,1.0,13.0,0.0,6.0,0.0,0.0,1.0,1.0,4.0,6.0,11.0,68.0,C,0.359,0.532,1.5,4.3,1.2,0.8,1.0,0.9,1.9,7.4
126,203482,0.7559999999999999,0.244,0.383,0.534,0.426,3.99,0.8,1.39,3.08,2.57,7.4,2.39,3.75,5.23,4.17,0.026,-0.028,-0.003,0.026,0.001,Kelly Olynyk,5.0,6.0,28.0,26.0,13.0,2.0,0.0,1.0,1.0,17.0,0.0,1.0,3.0,0.0,0.0,0.0,1.0,4.0,8.0,50.0,C,0.4320000000000001,0.5379999999999999,0.6,3.8,1.6,0.6,0.3,1.1,2.4,7.7
127,203484,0.601,0.399,0.5529999999999999,0.364,0.28600000000000003,3.17,1.32,1.99,2.1,1.82,5.54,3.68,5.1,3.36,2.64,0.068,-0.006,0.013,0.061,0.07,Kentavious CaldwellPope,19.0,17.0,18.0,29.0,3.0,0.0,0.0,3.0,3.0,13.0,0.0,3.0,7.0,1.0,5.0,1.0,12.0,6.0,6.0,85.0,SG,0.39399999999999996,0.5429999999999999,0.6,1.5,1.7,0.8,0.2,0.9,1.9,9.5
128,203486,0.764,0.236,0.373,0.5379999999999999,0.423,3.36,0.88,1.35,2.57,2.17,7.14,2.21,3.49,5.03,3.96,-0.051,0.052000000000000005,0.015,-0.064,-0.079,Mason Plumlee,0.0,0.0,0.0,0.0,0.0,0.0,0.0,0.0,0.0,0.0,0.0,1.0,1.0,0.0,0.0,0.0,0.0,1.0,10.0,140.0,C,0.0,0.627,1.7,3.6,2.4,0.5,0.6,1.4,2.4,7.2
129,203487,0.647,0.353,0.5720000000000001,0.349,0.257,1.85,0.79,1.37,1.04,0.85,3.63,1.98,3.21,1.96,1.44,0.006999999999999999,0.038,0.05,-0.031,-0.024,Michael CarterWilliams,5.0,1.0,9.0,1.0,4.0,0.0,0.0,0.0,0.0,6.0,0.0,3.0,2.0,0.0,0.0,0.0,0.0,4.0,17.0,59.0,SG,0.294,0.489,1.0,2.3,2.4,1.1,0.5,1.1,1.9,7.2
130,203488,0.693,0.307,0.44,0.503,0.386,3.28,1.15,1.6,2.62,2.21,6.6,2.92,4.19,4.79,3.68,-0.017,0.039,0.014,-0.017,-0.016,Mike Muscala,4.0,3.0,7.0,20.0,8.0,1.0,0.0,2.0,0.0,4.0,0.0,0.0,1.0,0.0,0.0,0.0,1.0,1.0,0.0,16.0,C,0.358,0.5379999999999999,0.3,2.0,0.8,0.2,0.3,0.3,1.2,4.6
131,203493,0.575,0.425,0.594,0.328,0.245,2.72,1.27,1.82,1.88,1.52,5.0,3.7,5.17,2.85,2.13,0.037000000000000005,-0.026,-0.029,0.094,0.09,Reggie Bullock,4.0,5.0,7.0,16.0,5.0,0.0,0.0,0.0,1.0,5.0,0.0,0.0,0.0,0.0,3.0,2.0,7.0,7.0,2.0,25.0,SG,0.33299999999999996,0.469,0.4,1.9,1.4,0.9,0.1,0.7,1.9,8.1
132,203496,0.622,0.378,0.528,0.383,0.285,3.85,1.55,2.35,2.72,2.26,7.29,4.44,6.19,4.49,3.35,0.021,-0.015,0.002,0.038,0.05,Robert Covington,8.0,13.0,34.0,50.0,39.0,4.0,0.0,0.0,0.0,13.0,0.0,2.0,1.0,1.0,1.0,1.0,1.0,1.0,20.0,102.0,PF,0.349,0.589,0.9,5.5,1.2,1.5,1.3,1.5,3.2,12.8
133,203497,0.8440000000000001,0.156,0.292,0.602,0.476,6.43,0.89,2.0,4.66,3.98,13.61,2.52,4.71,9.71,7.68,-0.048,-0.002,0.053,-0.091,-0.099,Rudy Gobert,0.0,0.0,0.0,0.0,0.0,0.0,0.0,0.0,0.0,0.0,0.0,0.0,0.0,0.0,0.0,0.0,0.0,0.0,16.0,337.0,C,0.0,0.698,3.4,10.3,1.5,0.8,2.0,1.9,3.2,15.1
134,203500,0.72,0.28,0.435,0.484,0.354,5.23,1.59,2.55,3.73,2.96,11.0,4.28,6.65,7.39,5.41,-0.047,0.015,0.006999999999999999,-0.07,-0.077,Steven Adams,0.0,0.0,0.0,0.0,0.0,0.0,1.0,0.0,0.0,0.0,0.0,0.0,2.0,0.0,1.0,0.0,0.0,17.0,58.0,183.0,C,0.33299999999999996,0.593,3.4,6.0,2.4,0.9,1.1,1.5,1.9,10.9
135,203501,0.537,0.463,0.5760000000000001,0.332,0.255,3.05,1.81,2.25,2.18,1.84,5.74,4.95,6.16,3.54,2.72,0.022,-0.002,-0.014,0.046,0.057,Tim Hardaway Jr,19.0,35.0,37.0,66.0,27.0,0.0,0.0,3.0,4.0,20.0,0.0,3.0,8.0,4.0,9.0,1.0,17.0,13.0,23.0,71.0,SG,0.40700000000000003,0.478,0.4,2.8,2.0,0.6,0.1,1.0,1.7,15.8
136,203503,0.64,0.36,0.547,0.384,0.248,2.81,1.18,1.78,1.95,1.48,5.27,2.97,4.51,3.16,2.04,0.032,0.038,0.023,0.051,0.111,Tony Snell,19.0,23.0,29.0,20.0,11.0,0.0,0.0,3.0,3.0,22.0,1.0,1.0,2.0,0.0,0.0,0.0,1.0,6.0,14.0,34.0,SF,0.402,0.531,0.2,1.7,2.2,0.5,0.3,0.5,1.7,8.0
137,203504,0.5489999999999999,0.451,0.5920000000000001,0.29600000000000004,0.189,1.77,1.0,1.37,1.03,0.8,3.66,3.0,3.94,1.97,1.26,-0.004,-0.029,-0.024,-0.017,0.035,Trey Burke,1.0,3.0,4.0,4.0,4.0,0.0,0.0,0.0,0.0,2.0,0.0,1.0,2.0,1.0,2.0,0.0,8.0,4.0,3.0,22.0,PG,0.42100000000000004,0.483,0.6,0.8,2.1,0.3,0.0,0.5,0.8,5.9
138,203506,0.528,0.472,0.588,0.359,0.293,3.13,1.92,2.37,2.36,2.04,5.93,5.31,6.61,4.04,3.29,0.023,-0.004,-0.018000000000000002,0.023,0.003,Victor Oladipo,1.0,0.0,4.0,7.0,8.0,1.0,0.0,0.0,1.0,2.0,0.0,1.0,2.0,1.0,2.0,1.0,5.0,4.0,4.0,19.0,SG,0.304,0.457,0.5,2.6,3.0,0.8,0.2,2.2,1.6,13.8
139,203507,0.6679999999999999,0.332,0.4320000000000001,0.491,0.414,3.81,1.38,1.77,3.14,2.78,8.27,4.11,5.35,6.08,5.12,-0.055,-0.03,-0.046,-0.053,-0.076,Giannis Antetokounmpo,5.0,0.0,17.0,9.0,47.0,5.0,0.0,3.0,0.0,7.0,1.0,12.0,2.0,2.0,0.0,1.0,16.0,30.0,39.0,434.0,PF,0.306,0.622,2.3,11.5,5.8,1.0,1.0,3.7,3.0,29.6
140,203521,0.589,0.411,0.579,0.349,0.258,2.03,0.69,1.14,1.31,1.06,3.42,2.39,3.36,2.03,1.5,0.099,-0.069,-0.027000000000000003,0.078,0.069,Matthew Dellavedova,4.0,1.0,5.0,7.0,3.0,1.0,0.0,0.0,0.0,1.0,0.0,0.0,2.0,0.0,0.0,0.0,1.0,10.0,15.0,13.0,PG,0.231,0.488,0.3,1.0,3.2,0.4,0.0,1.0,1.4,3.1
141,203524,0.6890000000000001,0.311,0.446,0.4320000000000001,0.365,2.42,0.67,1.17,1.83,1.67,4.25,1.92,2.75,2.67,2.25,0.06,-0.044,0.051,0.104,0.094,Solomon Hill,10.0,10.0,24.0,5.0,9.0,1.0,0.0,1.0,0.0,13.0,0.0,1.0,0.0,0.0,1.0,0.0,2.0,3.0,10.0,20.0,SF,0.37799999999999995,0.446,0.5,2.4,1.8,0.7,0.2,0.9,1.4,5.4
142,203526,0.626,0.374,0.527,0.345,0.227,1.55,0.55,0.85,0.88,0.68,3.18,1.9,2.68,1.75,1.15,-0.003,-0.065,-0.057,-0.04,-0.008,Raul Neto,3.0,1.0,13.0,7.0,4.0,0.0,0.0,0.0,0.0,8.0,0.0,0.0,0.0,1.0,1.0,0.0,3.0,3.0,6.0,36.0,PG,0.39399999999999996,0.49,0.2,0.8,1.6,0.4,0.1,0.9,0.9,4.3
143,203584,0.59,0.41,0.584,0.326,0.251,2.15,1.04,1.59,1.36,1.15,3.95,2.74,3.91,2.18,1.68,0.042,0.019,0.031,0.063,0.07400000000000001,Troy Daniels,7.0,6.0,10.0,12.0,5.0,0.0,0.0,1.0,0.0,7.0,0.0,2.0,0.0,0.0,1.0,0.0,0.0,4.0,5.0,8.0,SG,0.354,0.478,0.3,0.8,0.3,0.2,0.1,0.2,0.7,4.1
144,203585,0.542,0.458,0.627,0.313,0.229,1.38,1.06,1.5,0.81,0.69,2.81,2.38,3.25,1.63,1.19,0.008,0.093,0.08800000000000001,-0.027000000000000003,-0.011,Rodney McGruder,4.0,5.0,7.0,5.0,1.0,0.0,0.0,0.0,0.0,5.0,0.0,0.0,1.0,0.0,0.0,0.0,0.0,4.0,15.0,19.0,SG,0.278,0.506,0.5,2.0,0.6,0.5,0.2,0.4,1.3,3.2
145,203705,0.643,0.35700000000000004,0.56,0.345,0.226,1.82,0.59,1.06,1.24,0.88,3.18,1.76,2.76,1.71,1.12,0.112,-0.024,0.024,0.208,0.219,Josh Magette,0.0,0.0,1.0,0.0,0.0,0.0,0.0,0.0,0.0,0.0,0.0,0.0,0.0,0.0,0.0,0.0,0.0,1.0,1.0,2.0,PG,0.25,0.364,0.1,0.6,0.6,0.4,0.1,0.6,0.5,1.5
146,203894,0.622,0.378,0.586,0.267,0.16899999999999998,2.14,0.96,1.56,1.1,0.85,4.4,2.68,4.15,1.89,1.19,0.001,-0.002,0.004,0.034,0.103,Shabazz Napier,3.0,1.0,37.0,15.0,15.0,0.0,0.0,0.0,0.0,17.0,0.0,1.0,0.0,0.0,2.0,1.0,9.0,9.0,4.0,68.0,PG,0.32,0.518,0.5,2.4,5.0,1.3,0.2,2.2,1.8,10.3
147,203897,0.557,0.443,0.618,0.321,0.221,1.73,0.86,1.32,1.14,0.91,3.32,2.64,3.68,1.91,1.32,0.004,-0.037000000000000005,-0.023,0.013,0.049,Zach LaVine,27.0,14.0,55.0,46.0,36.0,6.0,0.0,7.0,3.0,28.0,0.0,3.0,2.0,3.0,5.0,5.0,15.0,7.0,7.0,289.0,SG,0.38,0.4970000000000001,0.7,4.1,4.2,1.5,0.5,3.4,2.2,25.5
148,203901,0.627,0.373,0.535,0.349,0.268,3.63,1.49,2.21,2.33,1.92,6.6,3.94,5.63,3.68,2.83,0.052000000000000005,0.014,0.011,0.076,0.067,Elfrid Payton,0.0,3.0,4.0,4.0,3.0,0.0,0.0,1.0,1.0,4.0,0.0,1.0,2.0,2.0,1.0,0.0,6.0,16.0,33.0,113.0,PG,0.203,0.48200000000000004,1.2,3.6,7.2,1.6,0.4,2.1,2.0,10.0
149,203903,0.61,0.39,0.544,0.3720000000000001,0.28800000000000003,2.43,1.06,1.45,1.83,1.51,4.55,2.91,4.06,2.78,2.15,0.038,0.005,-0.013,0.104,0.097,Jordan Clarkson,26.0,13.0,34.0,29.0,28.0,0.0,0.0,2.0,1.0,22.0,0.0,3.0,6.0,0.0,1.0,0.0,0.0,20.0,60.0,124.0,SG,0.368,0.55,0.7,1.9,2.0,0.7,0.2,1.3,1.5,15.1
150,203914,0.546,0.454,0.628,0.269,0.185,2.44,1.3,1.89,1.42,1.2,4.56,3.79,5.24,2.24,1.55,0.031,-0.03,-0.021,0.066,0.149,Gary Harris,22.0,10.0,17.0,13.0,8.0,0.0,0.0,1.0,2.0,13.0,1.0,3.0,0.0,3.0,0.0,1.0,6.0,14.0,8.0,103.0,SG,0.33299999999999996,0.479,0.5,2.4,2.1,1.4,0.3,1.1,2.1,10.4
151,203915,0.659,0.341,0.595,0.28600000000000003,0.199,2.83,1.14,2.19,1.35,1.04,5.86,3.03,5.28,2.54,1.77,-0.01,0.016,0.036000000000000004,-0.019,-0.016,Spencer Dinwiddie,6.0,12.0,39.0,39.0,25.0,2.0,0.0,0.0,2.0,18.0,0.0,3.0,6.0,5.0,1.0,0.0,3.0,11.0,45.0,223.0,SG,0.308,0.485,0.5,3.0,6.8,0.6,0.3,2.7,2.8,20.6
152,203918,0.63,0.37,0.531,0.39,0.314,2.62,1.08,1.57,1.87,1.57,4.55,2.67,3.83,2.82,2.27,0.068,0.047,0.04,0.095,0.075,Rodney Hood,7.0,8.0,9.0,7.0,3.0,0.0,0.0,1.0,6.0,5.0,0.0,2.0,3.0,1.0,1.0,1.0,3.0,9.0,8.0,16.0,SF,0.493,0.515,0.5,3.0,1.5,0.8,0.2,0.9,2.2,11.0
153,203920,0.795,0.205,0.335,0.601,0.442,2.97,0.57,0.97,2.35,1.95,5.97,1.54,2.51,4.51,3.32,-0.017,-0.001,0.011,-0.044,-0.028,Khem Birch,0.0,0.0,0.0,0.0,0.0,0.0,0.0,0.0,0.0,0.0,0.0,0.0,1.0,0.0,0.0,0.0,0.0,3.0,12.0,40.0,C,0.0,0.491,1.8,2.8,0.9,0.4,0.5,0.6,1.8,3.8
154,203922,0.6809999999999999,0.319,0.496,0.395,0.277,2.04,0.48,0.78,1.43,1.09,3.52,1.65,2.57,2.04,1.43,0.07,-0.08199999999999999,-0.07,0.125,0.125,Glenn Robinson III,12.0,19.0,19.0,19.0,5.0,0.0,0.0,5.0,5.0,15.0,2.0,6.0,9.0,8.0,6.0,0.0,14.0,17.0,29.0,98.0,SF,0.387,0.535,1.3,3.0,1.6,0.9,0.3,0.9,1.6,11.8
155,203924,0.68,0.32,0.438,0.512,0.41,2.38,0.9,1.2,1.91,1.64,5.13,2.41,3.3,3.86,3.09,-0.054000000000000006,0.013,-0.008,-0.077,-0.093,Jerami Grant,5.0,19.0,23.0,25.0,15.0,0.0,0.0,2.0,3.0,12.0,1.0,2.0,6.0,1.0,2.0,1.0,7.0,1.0,19.0,131.0,PF,0.4,0.518,0.8,2.7,1.2,0.7,0.8,0.9,2.2,11.6
156,203925,0.665,0.335,0.529,0.387,0.282,2.7,0.92,1.52,1.82,1.48,5.48,2.77,4.36,3.19,2.32,-0.001,-0.032,-0.028,0.011,0.022,Joe Harris,23.0,10.0,43.0,45.0,30.0,1.0,0.0,0.0,2.0,22.0,2.0,0.0,1.0,1.0,0.0,1.0,4.0,9.0,15.0,141.0,SF,0.41200000000000003,0.536,1.0,3.4,2.1,0.6,0.3,1.5,2.2,13.9
157,203926,0.583,0.417,0.55,0.389,0.278,1.87,0.85,1.22,1.4,1.12,3.77,2.69,3.55,2.51,1.79,-0.002,-0.053,-0.032,0.0,0.006,Doug McDermott,24.0,5.0,34.0,11.0,43.0,2.0,0.0,0.0,0.0,19.0,0.0,1.0,1.0,1.0,1.0,1.0,7.0,2.0,11.0,94.0,PF,0.445,0.544,0.4,2.1,1.1,0.1,0.1,0.6,1.7,10.4
158,203932,0.725,0.275,0.411,0.501,0.392,3.81,0.98,1.5,3.07,2.53,8.03,3.05,4.55,5.55,4.34,-0.04,-0.04,-0.044,-0.017,-0.035,Aaron Gordon,10.0,5.0,16.0,23.0,14.0,0.0,0.0,0.0,4.0,12.0,0.0,9.0,5.0,4.0,1.0,1.0,5.0,21.0,21.0,173.0,PF,0.301,0.4920000000000001,1.8,5.8,3.7,0.9,0.6,1.6,2.0,14.4
159,203933,0.5770000000000001,0.423,0.594,0.329,0.26,2.53,1.36,1.78,1.84,1.56,5.2,3.81,5.36,2.97,2.34,-0.018000000000000002,-0.006999999999999999,-0.038,0.056,0.049,TJ Warren,30.0,9.0,18.0,8.0,4.0,0.0,0.0,5.0,1.0,17.0,1.0,25.0,10.0,10.0,10.0,0.0,24.0,47.0,56.0,193.0,SF,0.375,0.5710000000000001,1.0,3.0,1.4,1.1,0.4,1.3,2.8,18.7
160,203935,0.5379999999999999,0.462,0.624,0.314,0.231,2.37,1.22,1.78,1.53,1.27,4.67,4.0,5.41,2.73,2.0,0.004,-0.057,-0.046,-0.006999999999999999,0.017,Marcus Smart,15.0,5.0,54.0,30.0,24.0,0.0,0.0,0.0,0.0,28.0,0.0,1.0,2.0,0.0,1.0,1.0,4.0,29.0,32.0,39.0,SG,0.348,0.424,0.8,3.1,4.8,1.6,0.5,1.7,2.7,13.5
161,203937,0.682,0.318,0.48,0.438,0.336,3.0,0.86,1.39,2.14,1.84,5.51,2.57,3.88,3.54,2.72,0.028,-0.024,-0.014,0.025,0.046,Kyle Anderson,9.0,1.0,4.0,1.0,1.0,0.0,0.0,1.0,2.0,3.0,0.0,5.0,2.0,3.0,4.0,0.0,2.0,14.0,28.0,57.0,PF,0.258,0.56,0.9,3.4,2.2,0.8,0.5,0.9,1.4,5.7
162,203939,0.65,0.35,0.519,0.412,0.273,2.91,1.19,1.83,2.12,1.63,6.05,3.26,4.83,3.83,2.54,-0.033,0.006,0.005,-0.017,0.022,Dwight Powell,1.0,3.0,3.0,2.0,1.0,0.0,0.0,0.0,0.0,1.0,0.0,0.0,0.0,0.0,0.0,0.0,0.0,0.0,6.0,130.0,C,0.256,0.716,1.9,3.8,1.5,0.9,0.6,0.9,2.6,9.4
163,203943,0.7240000000000001,0.276,0.419,0.513,0.387,2.66,0.58,0.98,2.06,1.68,4.94,1.88,2.86,3.5,2.64,0.027000000000000003,-0.051,-0.031,0.029,0.026,Noah Vonleh,0.0,1.0,0.0,1.0,1.0,0.0,0.0,0.0,0.0,0.0,0.0,0.0,1.0,0.0,0.0,0.0,0.0,0.0,9.0,37.0,PF,0.2,0.635,1.1,2.6,0.8,0.3,0.2,0.6,1.2,3.8
164,203944,0.7240000000000001,0.276,0.393,0.546,0.42,4.16,1.14,1.69,3.33,2.8,8.25,3.15,4.48,6.22,4.79,-0.01,0.0,0.005,-0.034,-0.035,Julius Randle,8.0,7.0,22.0,18.0,8.0,0.0,0.0,0.0,3.0,12.0,0.0,5.0,11.0,8.0,3.0,0.0,18.0,29.0,68.0,248.0,PF,0.27699999999999997,0.515,2.4,7.4,3.1,0.8,0.3,3.0,2.8,19.5
165,203952,0.5710000000000001,0.429,0.547,0.371,0.289,4.1,2.09,2.71,3.11,2.66,7.6,5.71,7.29,4.94,3.85,0.03,0.005,0.0,0.059,0.071,Andrew Wiggins,13.0,3.0,41.0,26.0,24.0,4.0,0.0,1.0,3.0,28.0,1.0,5.0,2.0,5.0,2.0,3.0,8.0,28.0,55.0,201.0,SF,0.332,0.506,1.2,3.9,3.7,0.8,1.0,2.4,2.4,21.8
166,203953,0.617,0.383,0.471,0.471,0.406,2.84,1.06,1.23,2.32,2.1,5.19,3.23,3.97,3.97,3.42,0.027000000000000003,-0.034,-0.062,0.01,-0.015,Jabari Parker,7.0,6.0,5.0,6.0,7.0,0.0,0.0,0.0,0.0,2.0,0.0,2.0,1.0,1.0,1.0,0.0,1.0,6.0,22.0,132.0,PF,0.267,0.594,1.6,4.3,1.8,1.3,0.5,1.8,2.8,14.7
167,203954,0.823,0.177,0.335,0.573,0.459,5.1,0.73,1.5,3.82,3.27,11.73,2.52,4.77,8.16,6.53,-0.09,-0.07400000000000001,-0.063,-0.104,-0.121,Joel Embiid,2.0,0.0,16.0,8.0,30.0,0.0,0.0,2.0,0.0,18.0,0.0,27.0,11.0,13.0,7.0,0.0,16.0,14.0,38.0,140.0,C,0.348,0.511,2.8,9.0,3.1,0.9,1.3,3.1,3.4,23.4
168,203957,0.605,0.395,0.568,0.358,0.259,1.21,0.79,1.0,1.0,0.64,3.5,2.29,3.29,2.07,1.5,-0.149,-0.001,-0.067,-0.07400000000000001,-0.192,Dante Exum,2.0,1.0,3.0,7.0,2.0,0.0,0.0,0.0,0.0,1.0,0.0,1.0,2.0,0.0,0.0,0.0,0.0,0.0,6.0,32.0,SG,0.349,0.539,0.3,1.6,1.1,0.4,0.2,0.9,1.1,4.5
169,203960,0.625,0.375,0.493,0.485,0.426,1.68,0.82,1.18,1.27,1.05,3.86,2.32,3.05,3.0,2.64,-0.087,-0.014,0.014,-0.14800000000000002,-0.219,JaKarr Sampson,0.0,1.0,1.0,0.0,0.0,0.0,0.0,1.0,0.0,1.0,0.0,2.0,0.0,0.0,0.0,0.0,1.0,1.0,4.0,37.0,SF,0.154,0.6759999999999999,0.6,1.7,0.3,0.3,0.3,0.3,1.7,4.2
170,203991,0.8029999999999999,0.197,0.342,0.602,0.488,6.45,1.23,1.99,5.41,4.5,13.08,3.22,5.57,9.81,7.95,-0.023,0.016,-0.021,-0.016,-0.051,Clint Capela,0.0,0.0,0.0,0.0,0.0,0.0,0.0,1.0,0.0,0.0,0.0,0.0,0.0,0.0,0.0,0.0,0.0,0.0,24.0,219.0,C,0.0,0.629,4.3,9.5,1.2,0.8,1.8,1.6,2.6,13.9
171,203992,0.5589999999999999,0.441,0.578,0.359,0.262,2.54,1.45,1.97,1.79,1.49,4.71,3.72,4.87,3.03,2.21,0.033,0.028,0.033,0.026,0.053,Bogdan Bogdanovic,13.0,12.0,60.0,33.0,18.0,1.0,0.0,2.0,1.0,36.0,1.0,2.0,4.0,0.0,12.0,3.0,12.0,18.0,23.0,56.0,SG,0.361,0.541,0.3,2.9,3.2,1.0,0.3,1.7,2.2,14.5
172,203998,0.75,0.25,0.313,0.594,0.438,1.22,0.11,0.11,1.11,1.0,2.67,0.89,1.11,2.11,1.56,-0.07400000000000001,-0.24,-0.264,-0.044,0.018000000000000002,Bruno Caboclo,1.0,2.0,0.0,0.0,0.0,0.0,0.0,1.0,0.0,0.0,1.0,0.0,0.0,1.0,0.0,0.0,0.0,1.0,4.0,21.0,SF,0.14300000000000002,0.5710000000000001,0.8,1.1,0.4,0.4,0.6,0.3,0.9,2.7
173,203999,0.8,0.2,0.339,0.589,0.462,7.66,1.18,2.3,6.01,5.04,13.05,3.27,5.54,9.61,7.54,0.062,0.005,0.042,0.05,0.043,Nikola Jokic,3.0,1.0,21.0,14.0,30.0,1.0,0.0,7.0,7.0,14.0,1.0,25.0,13.0,5.0,6.0,0.0,16.0,29.0,131.0,193.0,C,0.314,0.594,2.4,7.8,6.9,1.2,0.7,3.1,3.1,20.2
174,204020,0.6659999999999999,0.334,0.482,0.429,0.316,3.57,1.2,1.93,2.5,2.04,6.74,3.39,4.89,4.34,3.2,0.031,-0.008,0.015,0.023,0.03,Tyler Johnson,3.0,4.0,9.0,6.0,2.0,0.0,0.0,0.0,0.0,8.0,0.0,4.0,3.0,1.0,1.0,0.0,2.0,3.0,5.0,17.0,SG,0.289,0.466,0.3,1.4,1.6,0.4,0.3,0.8,1.4,5.7
175,204025,0.515,0.485,0.601,0.316,0.234,1.55,1.11,1.34,1.11,0.89,2.83,2.66,3.3,1.74,1.28,0.047,0.067,0.039,0.08199999999999999,0.084,Tim Frazier,0.0,3.0,3.0,3.0,1.0,0.0,0.0,0.0,0.0,4.0,0.0,2.0,1.0,1.0,0.0,0.0,4.0,1.0,3.0,11.0,PG,0.33299999999999996,0.375,0.3,0.9,3.4,0.5,0.1,1.3,1.6,3.6
176,204038,0.531,0.469,0.588,0.324,0.256,1.42,0.9,1.15,1.06,0.87,2.67,2.37,2.96,1.63,1.29,0.033,0.031,0.027000000000000003,0.09,0.062,Langston Galloway,38.0,31.0,27.0,26.0,9.0,1.0,0.0,2.0,5.0,19.0,0.0,2.0,6.0,1.0,5.0,0.0,2.0,11.0,21.0,47.0,SG,0.39899999999999997,0.493,0.5,1.8,1.5,0.7,0.2,0.6,1.5,10.3
177,204060,0.605,0.395,0.595,0.294,0.202,2.54,1.32,1.98,1.5,1.26,5.27,3.44,5.18,2.56,1.76,-0.024,0.017,0.006,0.019,0.092,Joe Ingles,10.0,13.0,28.0,48.0,22.0,1.0,0.0,1.0,0.0,9.0,1.0,2.0,4.0,0.0,1.0,1.0,0.0,9.0,17.0,60.0,SF,0.397,0.516,0.4,3.6,5.2,0.9,0.1,1.9,2.1,9.8
178,204456,0.6,0.4,0.612,0.274,0.163,1.7,1.01,1.5,0.93,0.68,4.18,2.78,4.26,1.91,1.14,-0.078,0.0,-0.02,-0.047,0.003,TJ McConnell,0.0,2.0,1.0,1.0,1.0,0.0,0.0,1.0,3.0,1.0,0.0,2.0,18.0,2.0,11.0,1.0,4.0,23.0,36.0,80.0,PG,0.33299999999999996,0.524,0.5,2.1,5.0,0.7,0.2,1.4,1.1,6.5
179,1626143,0.826,0.174,0.297,0.564,0.39,3.11,0.52,0.89,2.15,1.59,5.96,1.26,2.15,4.07,2.81,-0.004,0.061,0.042,-0.042,-0.049,Jahlil Okafor,0.0,0.0,1.0,0.0,0.0,0.0,0.0,0.0,0.0,1.0,0.0,1.0,0.0,0.0,0.0,0.0,0.0,4.0,15.0,67.0,C,0.5,0.613,1.6,2.6,1.3,0.3,0.7,1.3,2.3,7.6
180,1626144,0.5760000000000001,0.424,0.579,0.369,0.287,1.92,1.1,1.53,1.39,1.15,3.54,2.61,3.56,2.27,1.76,0.045,0.058,0.054000000000000006,0.058,0.047,Emmanuel Mudiay,4.0,3.0,12.0,5.0,3.0,0.0,0.0,0.0,1.0,8.0,0.0,2.0,3.0,4.0,2.0,0.0,5.0,29.0,13.0,50.0,PG,0.355,0.512,0.4,2.0,2.2,0.4,0.2,1.4,1.3,7.3
181,1626145,0.563,0.4370000000000001,0.588,0.305,0.2,1.8,0.88,1.26,1.11,0.83,3.22,2.5,3.37,1.74,1.15,0.07400000000000001,-0.004,0.005,0.093,0.122,Tyus Jones,6.0,5.0,17.0,11.0,7.0,1.0,0.0,1.0,1.0,11.0,2.0,2.0,4.0,4.0,9.0,0.0,4.0,34.0,34.0,52.0,PG,0.379,0.4920000000000001,0.1,1.4,4.4,0.9,0.1,0.8,0.7,7.4
182,1626147,0.557,0.443,0.608,0.31,0.253,1.15,0.79,1.06,0.76,0.7,2.67,2.12,2.91,1.48,1.21,-0.07,0.018000000000000002,-0.002,-0.043,-0.03,Justin Anderson,0.0,0.0,0.0,0.0,0.0,0.0,0.0,0.0,0.0,0.0,0.0,0.0,0.0,0.0,0.0,0.0,0.0,0.0,0.0,1.0,SF,0.0,0.33299999999999996,0.0,0.7,0.0,0.0,0.3,0.0,0.7,1.0
183,1626149,0.705,0.295,0.45,0.489,0.354,3.01,0.86,1.47,2.19,1.73,6.03,2.52,3.85,4.18,3.03,-0.017,-0.012,0.01,-0.04,-0.047,Montrezl Harrell,0.0,0.0,0.0,0.0,0.0,0.0,0.0,0.0,1.0,1.0,0.0,0.0,1.0,0.0,0.0,0.0,1.0,9.0,65.0,393.0,C,0.0,0.593,2.6,4.5,1.7,0.6,1.1,1.7,2.3,18.6
184,1626153,0.682,0.318,0.473,0.402,0.29100000000000004,2.16,0.64,0.97,1.52,1.27,4.48,2.09,3.1,2.64,1.91,-0.008,-0.051,-0.056,0.029,0.062,Delon Wright,6.0,8.0,14.0,13.0,4.0,0.0,0.0,1.0,0.0,4.0,0.0,2.0,1.0,0.0,0.0,0.0,0.0,3.0,22.0,104.0,SG,0.385,0.508,1.0,3.0,3.4,1.2,0.3,1.0,1.3,7.3
185,1626156,0.672,0.328,0.521,0.38,0.273,2.69,1.08,1.67,1.77,1.52,5.08,2.48,3.94,2.88,2.06,0.03,0.085,0.053,0.059,0.128,DAngelo Russell,6.0,9.0,55.0,44.0,31.0,13.0,0.0,2.0,7.0,38.0,0.0,5.0,8.0,9.0,10.0,1.0,23.0,39.0,30.0,54.0,PG,0.3670000000000001,0.48700000000000004,0.4,3.6,6.3,1.1,0.3,3.3,1.9,23.1
186,1626157,0.7959999999999999,0.204,0.35700000000000004,0.575,0.452,6.52,1.26,2.16,5.15,4.37,12.51,3.21,5.61,9.04,7.1,0.001,0.03,0.006999999999999999,-0.001,-0.004,KarlAnthony Towns,8.0,5.0,37.0,16.0,47.0,1.0,0.0,1.0,0.0,14.0,0.0,3.0,2.0,2.0,0.0,0.0,0.0,1.0,30.0,158.0,C,0.41200000000000003,0.586,2.7,8.1,4.4,0.9,1.2,3.1,3.3,26.5
187,1626158,0.748,0.252,0.388,0.539,0.43,2.61,0.63,1.0,2.04,1.76,5.37,1.8,2.78,3.87,3.09,-0.031,-0.002,-0.011,-0.04,-0.054000000000000006,Richaun Holmes,0.0,0.0,0.0,0.0,0.0,0.0,0.0,0.0,0.0,0.0,0.0,3.0,2.0,0.0,1.0,0.0,2.0,24.0,30.0,148.0,C,0.0,0.654,3.0,5.3,1.0,1.0,1.4,1.3,3.9,12.8
188,1626159,0.634,0.366,0.513,0.414,0.306,3.12,0.97,1.69,2.19,1.76,6.03,3.48,4.88,3.94,2.91,0.015,-0.083,-0.027000000000000003,-0.008,-0.012,Justise Winslow,0.0,1.0,1.0,1.0,3.0,0.0,0.0,1.0,0.0,1.0,0.0,0.0,1.0,0.0,1.0,0.0,1.0,5.0,7.0,26.0,SF,0.222,0.431,1.5,5.2,4.0,0.6,0.5,2.2,3.5,11.3
189,1626161,0.67,0.33,0.464,0.47,0.362,3.49,1.4,1.9,2.7,2.27,7.14,3.52,4.95,5.01,3.86,-0.042,0.039,0.016,-0.041,-0.04,Willie CauleyStein,0.0,0.0,0.0,0.0,0.0,0.0,0.0,0.0,0.0,0.0,0.0,1.0,4.0,0.0,2.0,0.0,4.0,5.0,21.0,138.0,C,0.0,0.581,1.6,4.3,1.3,0.9,1.1,0.7,2.2,7.2
190,1626162,0.5770000000000001,0.423,0.5670000000000001,0.375,0.311,2.73,1.28,1.75,2.05,1.81,4.77,3.49,4.68,3.1,2.57,0.071,0.008,0.006,0.105,0.096,Kelly Oubre Jr,9.0,21.0,27.0,31.0,20.0,0.0,0.0,1.0,4.0,17.0,2.0,3.0,7.0,0.0,1.0,4.0,4.0,23.0,38.0,173.0,SF,0.35200000000000004,0.511,1.2,5.3,1.5,1.3,0.7,1.5,3.4,18.7
191,1626163,0.654,0.34600000000000003,0.514,0.421,0.311,3.35,1.42,2.1,2.36,1.86,6.28,3.32,4.94,4.04,2.99,0.026,0.062,0.048,0.029,0.011,Frank Kaminsky,1.0,2.0,11.0,7.0,18.0,0.0,0.0,2.0,1.0,3.0,0.0,2.0,1.0,0.0,0.0,0.0,1.0,5.0,22.0,54.0,C,0.348,0.527,0.9,4.0,2.2,0.4,0.3,1.0,2.2,11.0
192,1626164,0.5720000000000001,0.428,0.584,0.336,0.257,3.15,1.78,2.41,2.24,1.85,6.15,4.59,6.28,3.61,2.76,0.014,0.028,0.01,0.068,0.07,Devin Booker,10.0,4.0,54.0,30.0,26.0,2.0,0.0,4.0,3.0,31.0,0.0,25.0,27.0,10.0,17.0,1.0,21.0,59.0,38.0,200.0,SG,0.36,0.544,0.4,3.7,6.6,0.7,0.3,3.9,3.0,26.1
193,1626167,0.83,0.17,0.275,0.677,0.556,5.86,0.83,1.45,5.05,4.42,11.51,2.35,3.82,9.38,7.71,-0.014,-0.006999999999999999,0.005,-0.03,-0.045,Myles Turner,5.0,7.0,23.0,14.0,25.0,3.0,0.0,2.0,1.0,15.0,1.0,13.0,6.0,1.0,2.0,0.0,4.0,13.0,24.0,86.0,C,0.336,0.542,1.3,5.3,1.1,0.8,2.2,1.2,2.5,11.8
194,1626168,0.7070000000000001,0.293,0.421,0.524,0.419,3.0,0.85,1.21,2.4,2.15,6.04,2.51,3.6,4.48,3.58,-0.019,-0.005,-0.026,-0.027000000000000003,-0.012,Trey Lyles,10.0,13.0,18.0,14.0,9.0,1.0,0.0,0.0,1.0,7.0,0.0,2.0,2.0,1.0,1.0,0.0,6.0,7.0,8.0,59.0,PF,0.387,0.503,1.1,4.6,1.1,0.4,0.4,0.6,1.6,6.4
195,1626169,0.602,0.398,0.569,0.35700000000000004,0.259,2.45,1.19,1.72,1.67,1.36,4.84,3.2,4.58,2.87,2.09,-0.01,0.012,0.006,0.003,0.025,Stanley Johnson,0.0,0.0,1.0,0.0,1.0,0.0,0.0,0.0,0.0,2.0,0.0,0.0,0.0,0.0,0.0,0.0,0.0,0.0,0.0,5.0,PF,0.154,0.33299999999999996,0.2,1.0,0.4,0.2,0.1,0.4,0.5,1.2
196,1626171,0.691,0.309,0.4320000000000001,0.496,0.417,3.03,0.82,1.22,2.36,2.04,5.33,2.39,3.33,3.83,3.22,0.051,-0.02,-0.008,0.05,0.02,Bobby Portis,12.0,4.0,7.0,24.0,19.0,0.0,0.0,5.0,6.0,7.0,3.0,7.0,7.0,1.0,5.0,2.0,9.0,22.0,36.0,90.0,C,0.358,0.493,1.2,3.9,1.5,0.5,0.3,1.1,1.7,10.1
197,1626172,0.711,0.289,0.465,0.472,0.35,2.32,0.84,1.23,1.74,1.4,5.47,2.23,3.58,3.63,2.69,-0.087,0.023,-0.02,-0.087,-0.092,Kevon Looney,0.0,1.0,0.0,0.0,0.0,0.0,0.0,0.0,1.0,1.0,0.0,0.0,0.0,0.0,0.0,0.0,0.0,1.0,1.0,24.0,C,0.071,0.431,1.4,1.9,1.0,0.6,0.3,0.6,1.7,3.4
198,1626178,0.769,0.231,0.404,0.493,0.363,4.38,0.91,1.71,3.09,2.47,8.39,2.52,4.41,5.38,3.95,0.011,0.0,0.014,0.006,0.005,Rondae HollisJefferson,0.0,0.0,1.0,0.0,1.0,0.0,0.0,0.0,0.0,1.0,0.0,1.0,6.0,1.0,1.0,0.0,0.0,2.0,7.0,119.0,SF,0.11800000000000001,0.493,2.0,2.9,1.7,0.8,0.4,0.9,2.0,7.2
199,1626179,0.578,0.422,0.603,0.29100000000000004,0.206,2.06,1.13,1.61,1.34,1.09,4.4,3.22,4.6,2.22,1.57,-0.025,-0.015,-0.027000000000000003,0.047,0.08,Terry Rozier,23.0,14.0,58.0,56.0,19.0,2.0,0.0,1.0,1.0,37.0,1.0,6.0,5.0,1.0,5.0,2.0,13.0,26.0,34.0,125.0,PG,0.40700000000000003,0.436,0.8,3.6,4.1,1.0,0.2,2.2,2.0,18.0
200,1626181,0.613,0.387,0.565,0.343,0.251,1.26,0.62,0.91,0.88,0.66,2.55,1.62,2.35,1.43,1.05,-0.001,0.019,0.01,0.05,0.016,Norman Powell,22.0,12.0,23.0,20.0,16.0,1.0,0.0,2.0,3.0,11.0,0.0,1.0,0.0,1.0,1.0,0.0,2.0,4.0,17.0,132.0,SG,0.39799999999999996,0.589,0.5,3.1,1.8,1.3,0.4,1.5,2.1,16.4
201,1626188,0.631,0.369,0.5579999999999999,0.335,0.209,2.34,1.03,1.45,1.55,1.24,4.48,2.62,3.97,2.38,1.48,0.035,0.062,0.004,0.111,0.24,Quinn Cook,6.0,1.0,4.0,8.0,6.0,0.0,0.0,0.0,0.0,5.0,0.0,2.0,0.0,3.0,3.0,1.0,4.0,4.0,7.0,22.0,PG,0.379,0.47700000000000004,0.2,0.9,1.1,0.3,0.0,0.7,0.6,4.8
202,1626192,0.635,0.365,0.578,0.32299999999999995,0.187,1.73,0.85,1.3,1.06,0.68,3.98,2.28,3.62,2.02,1.17,-0.065,0.008,-0.018000000000000002,-0.038,-0.045,Pat Connaughton,1.0,5.0,15.0,11.0,11.0,1.0,0.0,0.0,0.0,5.0,0.0,0.0,0.0,0.0,0.0,0.0,0.0,0.0,3.0,72.0,SG,0.321,0.605,0.9,3.3,1.6,0.3,0.5,0.8,1.0,5.1
203,1626196,0.6409999999999999,0.359,0.536,0.374,0.264,3.06,1.63,2.29,2.05,1.68,7.23,4.05,6.05,4.22,2.97,-0.07200000000000001,0.035,0.0,-0.066,-0.042,Josh Richardson,8.0,1.0,25.0,19.0,15.0,2.0,0.0,1.0,2.0,19.0,0.0,0.0,2.0,8.0,13.0,0.0,29.0,24.0,22.0,65.0,SG,0.327,0.489,0.8,2.6,3.1,0.9,0.7,1.9,2.5,13.8
204,1626203,0.606,0.394,0.5579999999999999,0.334,0.233,1.63,0.81,1.12,1.12,0.86,3.25,2.12,3.0,1.8,1.25,0.004,0.022,0.0,0.078,0.098,Treveon Graham,3.0,5.0,10.0,14.0,1.0,0.0,0.0,0.0,0.0,7.0,0.0,1.0,1.0,0.0,0.0,0.0,0.0,2.0,15.0,35.0,SG,0.275,0.44299999999999995,0.9,1.8,0.8,0.4,0.1,0.5,1.9,4.4
205,1626204,0.755,0.245,0.383,0.541,0.406,3.78,0.8,1.34,2.95,2.52,7.11,2.31,3.61,5.09,3.83,0.011,-0.011,0.0,0.008,0.033,Larry Nance Jr,7.0,11.0,17.0,14.0,7.0,0.0,0.0,1.0,1.0,9.0,0.0,1.0,3.0,0.0,1.0,0.0,9.0,6.0,17.0,131.0,C,0.35200000000000004,0.636,1.9,5.4,2.2,1.0,0.4,1.1,1.6,10.1
206,1626209,0.645,0.355,0.532,0.405,0.311,2.9,1.11,1.66,2.14,1.78,5.64,3.11,4.66,3.55,2.73,0.006999999999999999,0.0,-0.014,0.039,0.036000000000000004,Mario Hezonja,1.0,2.0,9.0,8.0,1.0,0.0,0.0,0.0,0.0,3.0,0.0,1.0,1.0,1.0,0.0,0.0,4.0,2.0,12.0,39.0,PF,0.32799999999999996,0.48,0.6,2.9,0.9,0.6,0.2,0.8,2.0,4.8
207,1626220,0.624,0.376,0.561,0.338,0.262,1.67,0.67,1.02,1.14,0.97,3.58,2.16,3.22,1.94,1.5,-0.034,-0.052000000000000005,-0.06,0.03,0.035,Royce ONeale,14.0,17.0,25.0,19.0,7.0,0.0,0.0,0.0,0.0,15.0,1.0,0.0,0.0,1.0,0.0,0.0,1.0,0.0,7.0,49.0,PF,0.389,0.536,0.3,5.0,2.5,0.7,0.4,0.8,2.8,6.3
208,1626224,0.608,0.392,0.547,0.366,0.272,1.42,0.65,0.94,0.98,0.77,2.94,1.9,2.65,1.77,1.31,-0.014,-0.016,-0.013,0.002,-0.014,Cedi Osman,13.0,18.0,41.0,40.0,9.0,2.0,0.0,0.0,0.0,11.0,0.0,3.0,4.0,1.0,2.0,1.0,1.0,7.0,20.0,103.0,SF,0.38299999999999995,0.4970000000000001,0.6,3.0,2.4,0.8,0.2,1.4,2.5,11.0
209,1626246,0.888,0.112,0.382,0.52,0.414,2.0,0.15,0.82,1.21,1.06,4.09,0.52,1.76,2.39,1.91,-0.045,0.005,0.102,-0.073,-0.07,Boban Marjanovic,0.0,1.0,0.0,2.0,1.0,0.0,0.0,0.0,0.0,0.0,0.0,3.0,3.0,1.0,1.0,0.0,1.0,2.0,18.0,63.0,C,0.267,0.5820000000000001,1.4,2.7,0.4,0.2,0.2,0.7,1.3,6.3
210,1626259,0.581,0.419,0.6509999999999999,0.302,0.256,1.25,0.25,0.67,0.75,0.75,2.08,1.5,2.33,1.08,0.92,0.103,-0.183,-0.087,0.122,0.196,Malcolm Miller,3.0,1.0,1.0,1.0,0.0,0.0,0.0,0.0,0.0,1.0,0.0,0.0,0.0,0.0,0.0,0.0,0.0,0.0,1.0,1.0,SF,0.316,0.4,0.0,0.5,0.3,0.2,0.1,0.1,0.5,0.9
211,1627732,0.596,0.404,0.586,0.331,0.222,3.36,1.43,2.36,1.95,1.43,6.89,4.68,6.78,3.83,2.56,-0.02,-0.055,-0.027000000000000003,-0.059,-0.065,Ben Simmons,1.0,1.0,0.0,0.0,0.0,0.0,0.0,0.0,0.0,0.0,0.0,1.0,2.0,0.0,0.0,0.0,1.0,2.0,52.0,301.0,PG,0.33299999999999996,0.588,2.0,5.8,8.2,2.1,0.6,3.6,3.2,16.7
212,1627733,0.672,0.328,0.469,0.47,0.361,4.15,1.53,2.39,2.99,2.48,8.16,3.99,5.7,5.71,4.39,-0.008,0.02,0.046,-0.048,-0.057,Dragan Bender,2.0,3.0,3.0,4.0,3.0,0.0,0.0,0.0,0.0,2.0,0.0,0.0,0.0,0.0,0.0,0.0,0.0,1.0,6.0,19.0,SF,0.349,0.531,1.0,3.6,1.8,0.3,0.6,1.3,2.6,6.7
213,1627734,0.812,0.188,0.305,0.632,0.506,4.38,0.7,1.16,3.58,3.08,8.77,2.03,3.3,6.82,5.46,-0.019,-0.017,-0.024,-0.04,-0.051,Domantas Sabonis,1.0,0.0,9.0,3.0,4.0,0.0,0.0,2.0,0.0,9.0,2.0,2.0,3.0,5.0,2.0,2.0,35.0,15.0,51.0,315.0,C,0.254,0.565,3.0,9.4,5.0,0.8,0.5,2.7,3.1,18.5
214,1627736,0.659,0.341,0.504,0.457,0.341,0.98,0.42,0.63,0.67,0.58,1.98,1.02,1.51,1.37,1.02,-0.003,0.045,0.042,-0.058,-0.024,Malik Beasley,15.0,10.0,33.0,24.0,24.0,1.0,0.0,2.0,1.0,22.0,1.0,5.0,8.0,3.0,2.0,0.0,5.0,11.0,11.0,69.0,SG,0.38799999999999996,0.465,0.3,2.4,1.4,0.7,0.1,1.0,1.4,11.2
215,1627737,0.713,0.287,0.42,0.534,0.412,3.5,1.15,1.63,2.83,2.35,7.13,2.86,4.19,5.33,4.11,-0.022,0.048,0.015,-0.036000000000000004,-0.045,Marquese Chriss,2.0,0.0,3.0,1.0,1.0,1.0,0.0,0.0,1.0,3.0,0.0,0.0,0.0,0.0,0.0,0.0,1.0,5.0,21.0,171.0,PF,0.205,0.584,1.9,4.3,1.9,0.7,1.1,1.3,2.1,9.3
216,1627739,0.561,0.439,0.575,0.354,0.27,3.24,1.84,2.45,2.35,2.02,6.16,4.82,6.31,3.88,2.96,0.03,0.017,0.011,0.052000000000000005,0.07200000000000001,Kris Dunn,4.0,4.0,7.0,10.0,4.0,0.0,0.0,0.0,1.0,5.0,0.0,0.0,0.0,0.0,0.0,1.0,0.0,7.0,21.0,93.0,PG,0.259,0.535,0.5,3.2,3.4,2.0,0.3,1.3,3.1,7.3
217,1627740,0.626,0.374,0.463,0.469,0.34700000000000003,1.8,0.67,0.87,1.47,1.17,3.07,1.83,2.27,2.3,1.7,0.066,0.021,0.025,0.068,0.083,Henry Ellenson,0.0,0.0,0.0,0.0,0.0,0.0,0.0,0.0,0.0,0.0,0.0,0.0,0.0,0.0,0.0,0.0,0.0,0.0,0.0,1.0,PF,0.0,0.33299999999999996,0.4,0.8,0.2,0.0,0.0,0.0,0.2,0.4
218,1627741,0.615,0.385,0.535,0.398,0.304,3.16,1.22,1.84,2.25,1.96,5.63,3.53,4.9,3.65,2.78,0.061,-0.023,0.0,0.06,0.092,Buddy Hield,33.0,21.0,93.0,57.0,39.0,1.0,0.0,5.0,5.0,54.0,0.0,8.0,5.0,12.0,8.0,1.0,19.0,16.0,15.0,107.0,SG,0.395,0.47700000000000004,0.9,3.9,3.1,0.9,0.3,2.3,2.3,19.8
219,1627742,0.5710000000000001,0.429,0.5870000000000001,0.35200000000000004,0.284,3.26,1.46,2.11,2.33,2.05,6.25,4.68,6.42,3.84,3.11,0.015,-0.047,-0.043,0.042,0.046,Brandon Ingram,23.0,18.0,40.0,36.0,19.0,0.0,0.0,5.0,0.0,25.0,0.0,20.0,14.0,6.0,10.0,0.0,17.0,39.0,27.0,186.0,PF,0.387,0.509,0.9,5.4,4.3,1.0,0.7,3.1,2.9,24.3
220,1627745,0.805,0.195,0.293,0.634,0.512,1.23,0.31,0.38,1.0,0.92,2.54,0.62,0.92,2.0,1.62,-0.02,0.14400000000000002,0.032,-0.047,-0.017,Damian Jones,0.0,2.0,0.0,0.0,0.0,0.0,0.0,0.0,0.0,0.0,0.0,0.0,0.0,0.0,0.0,0.0,1.0,0.0,3.0,115.0,C,0.222,0.7040000000000001,1.3,2.4,0.6,0.5,0.7,0.5,2.7,5.6
221,1627747,0.631,0.369,0.585,0.327,0.244,3.15,1.53,2.43,1.91,1.54,6.13,3.59,5.69,3.18,2.37,0.014,0.061,0.044,0.042,0.031,Caris LeVert,8.0,4.0,30.0,13.0,17.0,0.0,0.0,0.0,1.0,19.0,0.0,1.0,3.0,3.0,3.0,0.0,3.0,33.0,31.0,99.0,SG,0.381,0.429,1.0,3.1,4.1,1.1,0.2,2.5,1.8,17.7
222,1627748,0.8340000000000001,0.166,0.27,0.6829999999999999,0.579,3.93,0.58,0.94,3.38,2.94,7.34,1.46,2.38,6.01,5.1,0.014,0.035,0.019,-0.008,-0.042,Thon Maker,5.0,5.0,3.0,8.0,1.0,0.0,0.0,1.0,0.0,3.0,0.0,2.0,1.0,1.0,1.0,0.0,0.0,3.0,11.0,50.0,C,0.344,0.55,0.9,1.9,0.7,0.4,0.7,0.8,1.7,4.7
223,1627749,0.645,0.355,0.495,0.417,0.313,2.97,1.21,1.76,2.09,1.74,5.6,3.08,4.29,3.62,2.72,0.021,0.036000000000000004,0.037000000000000005,0.01,0.02,Dejounte Murray,6.0,6.0,11.0,7.0,4.0,0.0,0.0,3.0,2.0,8.0,0.0,12.0,7.0,10.0,8.0,0.0,20.0,28.0,21.0,105.0,PG,0.37799999999999995,0.494,1.2,4.6,4.1,1.7,0.3,1.9,2.2,10.7
224,1627750,0.618,0.382,0.5329999999999999,0.363,0.278,3.74,1.59,2.29,2.5,2.09,6.5,4.03,5.61,3.83,2.93,0.078,0.032,0.032,0.102,0.109,Jamal Murray,7.0,6.0,46.0,21.0,22.0,2.0,0.0,3.0,0.0,31.0,1.0,13.0,7.0,8.0,10.0,2.0,34.0,34.0,34.0,116.0,PG,0.345,0.517,0.8,3.2,4.8,1.2,0.3,2.3,1.8,18.8
225,1627751,0.848,0.152,0.248,0.684,0.527,4.26,0.6,0.96,3.55,2.91,9.15,1.63,2.67,7.38,5.68,-0.049,0.011,-0.011,-0.081,-0.097,Jakob Poeltl,0.0,0.0,0.0,0.0,0.0,0.0,0.0,0.0,0.0,0.0,0.0,1.0,2.0,0.0,0.0,0.0,0.0,11.0,18.0,103.0,C,0.0,0.619,1.8,3.6,1.8,0.5,1.4,0.8,1.7,5.3
226,1627752,0.627,0.373,0.54,0.375,0.302,3.46,1.26,2.11,2.23,1.94,6.26,3.73,5.4,3.74,3.01,0.034,-0.026,0.016,0.02,0.013,Taurean Prince,20.0,24.0,35.0,38.0,26.0,1.0,0.0,4.0,2.0,21.0,1.0,2.0,3.0,0.0,1.0,0.0,7.0,12.0,20.0,81.0,SF,0.33899999999999997,0.429,0.8,5.2,1.8,0.9,0.4,2.0,2.5,12.1
227,1627756,0.531,0.469,0.601,0.34700000000000003,0.277,2.82,1.57,2.09,2.08,1.75,4.89,4.32,5.54,3.2,2.55,0.065,0.002,0.005,0.075,0.057,Denzel Valentine,4.0,5.0,15.0,9.0,9.0,4.0,0.0,0.0,0.0,9.0,0.0,0.0,3.0,3.0,1.0,0.0,5.0,17.0,13.0,6.0,SF,0.336,0.51,0.3,1.8,1.2,0.7,0.2,0.7,1.4,6.8
228,1627759,0.574,0.426,0.5870000000000001,0.329,0.25,2.45,1.27,1.76,1.67,1.46,5.39,4.0,5.51,3.09,2.34,-0.049,-0.05,-0.056,-0.021,0.006999999999999999,Jaylen Brown,21.0,16.0,34.0,20.0,14.0,1.0,0.0,2.0,3.0,20.0,0.0,4.0,5.0,4.0,5.0,1.0,7.0,26.0,48.0,163.0,SF,0.381,0.552,1.1,5.3,2.2,1.1,0.3,2.3,3.0,20.4
229,1627761,0.611,0.389,0.51,0.382,0.293,2.24,0.88,1.12,1.68,1.32,3.84,2.44,3.2,2.4,1.84,0.087,-0.006999999999999999,-0.027000000000000003,0.145,0.099,DeAndre Bembry,5.0,3.0,3.0,3.0,1.0,0.0,0.0,0.0,0.0,1.0,0.0,0.0,1.0,0.0,0.0,0.0,0.0,5.0,13.0,70.0,SG,0.231,0.546,0.8,2.7,1.9,1.3,0.4,1.4,2.0,5.8
230,1627763,0.652,0.348,0.502,0.415,0.306,3.19,1.3,2.0,2.19,1.96,6.21,3.32,4.79,3.96,2.91,0.022,0.028,0.044,0.001,0.063,Malcolm Brogdon,0.0,4.0,21.0,23.0,11.0,1.0,0.0,2.0,4.0,13.0,1.0,5.0,3.0,10.0,21.0,1.0,24.0,16.0,11.0,118.0,PG,0.313,0.491,0.8,3.9,7.1,0.7,0.2,2.4,1.8,16.3
231,1627767,0.787,0.213,0.303,0.63,0.52,2.59,0.53,0.73,2.22,1.94,4.63,1.25,1.78,3.71,3.06,0.042,0.066,0.041,0.037000000000000005,0.022,Cheick Diallo,0.0,1.0,0.0,0.0,0.0,0.0,0.0,0.0,1.0,0.0,0.0,1.0,1.0,1.0,0.0,0.0,2.0,7.0,6.0,68.0,C,0.5,0.652,0.6,2.3,0.5,0.2,0.3,0.7,1.2,4.8
232,1627774,0.7070000000000001,0.293,0.512,0.439,0.341,0.89,0.21,0.32,0.74,0.58,1.53,0.63,1.11,0.95,0.74,0.065,-0.019,-0.07400000000000001,0.188,0.124,Jake Layman,2.0,3.0,6.0,8.0,5.0,0.0,0.0,1.0,1.0,5.0,0.0,2.0,1.0,1.0,0.0,0.0,1.0,3.0,4.0,41.0,PF,0.33299999999999996,0.5329999999999999,0.7,1.7,0.7,0.7,0.4,1.0,2.0,9.1
233,1627775,0.672,0.328,0.479,0.429,0.28600000000000003,1.75,0.58,0.87,1.25,0.98,3.35,1.63,2.38,2.13,1.42,0.017,-0.011,-0.008,0.019,0.062,Patrick McCaw,4.0,7.0,5.0,5.0,1.0,0.0,0.0,1.0,4.0,4.0,0.0,1.0,2.0,0.0,0.0,0.0,0.0,1.0,4.0,32.0,SF,0.324,0.484,0.5,1.8,2.1,1.1,0.1,0.8,1.6,4.6
234,1627777,0.75,0.25,0.5,0.25,0.125,1.0,0.33,0.67,0.33,0.33,2.0,0.67,1.33,0.67,0.33,0.043,0.099,0.125,0.033,0.451,Georges Niang,20.0,18.0,11.0,18.0,10.0,0.0,0.0,0.0,0.0,5.0,0.0,2.0,0.0,0.0,0.0,0.0,1.0,3.0,10.0,27.0,PF,0.41600000000000004,0.5379999999999999,0.2,1.7,0.6,0.2,0.1,0.4,1.1,5.8
235,1627780,0.7090000000000001,0.29100000000000004,0.453,0.465,0.349,1.8,0.55,0.9,1.15,0.9,3.05,1.25,1.95,2.0,1.5,0.095,0.075,0.08,0.019,-0.006999999999999999,Gary Payton II,5.0,1.0,4.0,2.0,1.0,0.0,0.0,0.0,0.0,3.0,0.0,0.0,0.0,1.0,0.0,0.0,0.0,1.0,0.0,33.0,PG,0.28300000000000003,0.5,0.9,1.9,1.7,1.1,0.2,0.7,1.9,3.9
236,1627783,0.6579999999999999,0.342,0.465,0.47,0.331,2.37,0.95,1.4,1.77,1.35,4.94,2.57,3.49,3.53,2.48,-0.025,0.011,0.029,-0.056,-0.067,Pascal Siakam,13.0,16.0,33.0,33.0,17.0,3.0,0.0,2.0,2.0,25.0,3.0,13.0,2.0,1.0,4.0,1.0,10.0,11.0,62.0,229.0,PF,0.359,0.506,1.1,6.5,3.6,1.0,0.9,2.5,2.8,23.6
237,1627788,0.733,0.267,0.6,0.3670000000000001,0.233,1.27,0.45,0.73,0.91,0.64,2.0,0.73,1.64,1.0,0.64,0.161,0.27,0.103,0.368,0.409,Furkan Korkmaz,16.0,20.0,35.0,43.0,12.0,0.0,0.0,2.0,1.0,24.0,0.0,1.0,3.0,2.0,1.0,0.0,9.0,9.0,18.0,47.0,SG,0.397,0.48700000000000004,0.3,2.1,1.1,0.6,0.2,0.8,1.4,9.7
238,1627812,0.599,0.401,0.578,0.317,0.226,2.96,1.23,1.9,1.82,1.44,5.13,3.44,4.95,2.72,1.94,0.08,0.005,0.018000000000000002,0.109,0.128,Yogi Ferrell,4.0,3.0,5.0,4.0,3.0,0.0,0.0,0.0,2.0,7.0,0.0,0.0,1.0,1.0,6.0,0.0,9.0,11.0,1.0,12.0,PG,0.275,0.48,0.1,1.0,1.3,0.3,0.1,0.6,0.7,4.2
239,1627814,0.5770000000000001,0.423,0.593,0.317,0.252,2.33,1.13,1.4,1.8,1.47,4.73,3.47,4.87,2.6,2.07,-0.016,-0.035,-0.081,0.117,0.083,Damion Lee,11.0,9.0,20.0,31.0,14.0,0.0,0.0,2.0,3.0,15.0,0.0,8.0,4.0,2.0,7.0,0.0,5.0,18.0,18.0,57.0,SG,0.35600000000000004,0.47100000000000003,0.7,4.2,2.7,1.0,0.1,1.4,2.4,12.7
240,1627820,0.61,0.39,0.584,0.338,0.263,3.66,1.24,2.24,2.31,1.93,6.48,4.14,6.21,3.59,2.79,0.055,-0.061,-0.017,0.08199999999999999,0.078,Tyrone Wallace,0.0,0.0,0.0,0.0,1.0,0.0,0.0,0.0,0.0,0.0,0.0,0.0,0.0,0.0,0.0,0.0,0.0,2.0,0.0,11.0,SG,0.067,0.44799999999999995,0.2,1.4,0.9,0.5,0.1,0.7,1.4,2.9
241,1627826,0.785,0.215,0.333,0.589,0.461,2.33,0.44,0.75,1.86,1.56,4.78,1.31,2.03,3.58,2.81,-0.032,-0.029,-0.006999999999999999,-0.051,-0.064,Ivica Zubac,0.0,0.0,0.0,0.0,0.0,0.0,0.0,0.0,0.0,0.0,1.0,0.0,6.0,1.0,0.0,1.0,5.0,5.0,24.0,159.0,C,0.0,0.605,2.6,4.6,1.1,0.2,0.9,0.8,2.3,8.0
242,1627827,0.65,0.35,0.545,0.371,0.266,2.25,1.1,1.55,1.55,1.25,4.65,2.5,3.9,2.65,1.9,-0.032,0.096,0.039,-0.006,0.019,Dorian FinneySmith,31.0,28.0,11.0,24.0,5.0,0.0,0.0,0.0,1.0,6.0,0.0,1.0,0.0,0.0,0.0,0.0,2.0,1.0,7.0,103.0,PF,0.374,0.599,2.0,3.5,1.5,0.7,0.6,1.0,2.4,9.3
243,1627832,0.642,0.358,0.527,0.358,0.22,1.85,0.8,1.2,1.17,0.83,3.85,2.15,3.16,2.15,1.32,-0.011,0.015,0.008,-0.003,0.015,Fred VanVleet,14.0,11.0,38.0,31.0,32.0,5.0,0.0,2.0,0.0,25.0,1.0,1.0,1.0,1.0,0.0,0.0,6.0,7.0,7.0,125.0,PG,0.38799999999999996,0.43,0.4,3.4,6.6,1.9,0.3,2.3,2.5,17.6
244,1627846,0.5660000000000001,0.434,0.547,0.39,0.289,1.24,0.67,0.86,0.95,0.74,2.14,1.64,2.07,1.48,1.1,0.094,0.052000000000000005,0.057,0.097,0.07400000000000001,Abdel Nader,7.0,7.0,13.0,8.0,4.0,0.0,0.0,1.0,0.0,7.0,0.0,0.0,0.0,0.0,0.0,0.0,1.0,2.0,9.0,47.0,SF,0.371,0.53,0.3,1.6,0.7,0.4,0.4,0.8,1.4,6.0
245,1627853,0.439,0.561,0.61,0.305,0.244,0.91,0.52,0.61,0.61,0.61,1.57,2.0,2.17,1.09,0.87,0.097,-0.079,-0.071,0.032,0.125,Ryan Arcidiacono,9.0,10.0,19.0,13.0,3.0,0.0,0.0,0.0,0.0,7.0,0.0,3.0,1.0,0.0,0.0,0.0,2.0,3.0,6.0,21.0,PG,0.391,0.439,0.3,1.6,1.7,0.5,0.1,0.6,1.7,4.5
246,1627854,0.632,0.368,0.5589999999999999,0.324,0.203,2.03,0.72,1.07,1.36,1.04,3.88,2.26,3.43,1.99,1.24,0.025,-0.044,-0.062,0.14,0.232,Bryn Forbes,5.0,10.0,54.0,56.0,23.0,0.0,0.0,0.0,1.0,28.0,1.0,2.0,2.0,1.0,4.0,3.0,21.0,8.0,14.0,29.0,SG,0.38799999999999996,0.47,0.2,1.8,1.7,0.5,0.0,0.9,1.8,11.2
247,1627884,0.696,0.304,0.522,0.337,0.25,1.81,0.75,1.25,1.0,0.81,4.0,1.75,3.0,1.94,1.44,-0.062,0.065,0.046,-0.047,-0.035,Derrick Jones Jr,11.0,5.0,6.0,7.0,4.0,0.0,0.0,0.0,1.0,5.0,0.0,0.0,0.0,1.0,0.0,0.0,0.0,0.0,7.0,123.0,SF,0.27,0.67,1.1,3.1,1.1,1.1,0.7,0.5,2.2,8.9
248,1627885,0.64,0.36,0.6,0.28,0.207,2.18,0.73,1.41,1.18,1.05,4.36,2.45,4.09,1.91,1.41,-0.005,-0.049,-0.024,0.057,0.121,Shaquille Harrison,4.0,2.0,5.0,4.0,0.0,0.0,0.0,0.0,0.0,2.0,0.0,2.0,0.0,0.0,0.0,0.0,0.0,2.0,8.0,49.0,SF,0.381,0.496,0.5,1.5,1.1,0.8,0.4,0.4,1.3,4.9
249,1627936,0.623,0.377,0.503,0.429,0.304,1.69,0.6,0.83,1.31,1.09,3.4,2.06,2.74,2.34,1.66,-0.004,-0.068,-0.067,0.011,0.05,Alex Caruso,5.0,7.0,8.0,10.0,8.0,0.0,0.0,0.0,0.0,3.0,0.0,0.0,1.0,1.0,0.0,0.0,3.0,2.0,2.0,63.0,PG,0.355,0.47100000000000003,0.2,1.7,1.8,1.0,0.3,0.8,1.5,5.4
250,1627982,0.6859999999999999,0.314,0.6,0.257,0.171,2.6,1.6,2.4,1.2,1.0,4.8,2.2,4.2,1.8,1.2,0.043,0.336,0.197,0.107,0.24,Josh Gray,0.0,0.0,0.0,0.0,0.0,0.0,0.0,0.0,0.0,0.0,0.0,0.0,0.0,0.0,0.0,0.0,0.0,0.0,0.0,1.0,PG,0.0,0.5,0.5,0.5,1.0,0.0,0.0,2.5,0.5,1.0
251,1628021,0.5479999999999999,0.452,0.591,0.348,0.259,2.9,1.7,2.33,2.01,1.64,5.0,4.12,5.39,3.17,2.36,0.075,0.048,0.058,0.071,0.078,David Nwaba,3.0,3.0,1.0,5.0,0.0,0.0,0.0,0.0,0.0,1.0,0.0,0.0,0.0,0.0,0.0,0.0,0.0,0.0,4.0,21.0,SF,0.429,0.581,0.4,1.9,0.4,0.6,0.6,0.4,1.6,5.2
252,1628035,0.8,0.2,0.45,0.5,0.35,0.7,0.1,0.1,0.7,0.5,1.6,0.4,0.9,1.0,0.7,-0.056,-0.115,-0.262,0.135,0.087,Alfonzo McKinnie,3.0,5.0,4.0,1.0,1.0,0.0,0.0,0.0,0.0,3.0,0.0,1.0,2.0,1.0,1.0,0.0,0.0,1.0,9.0,44.0,SF,0.215,0.557,0.9,1.9,0.4,0.6,0.2,0.7,1.8,4.6
253,1628365,0.5539999999999999,0.446,0.5539999999999999,0.35600000000000004,0.267,2.0,1.0,1.36,1.36,1.0,4.0,3.21,4.0,2.57,1.93,0.004,-0.05,-0.024,-0.017,-0.08800000000000001,Markelle Fultz,3.0,2.0,12.0,4.0,9.0,0.0,0.0,0.0,0.0,10.0,0.0,9.0,12.0,7.0,8.0,0.0,13.0,26.0,31.0,177.0,PG,0.254,0.52,0.5,2.8,5.2,1.3,0.2,2.0,2.0,12.1
254,1628366,0.63,0.37,0.51,0.41,0.29,3.36,1.44,2.04,2.42,1.92,7.22,4.24,5.84,4.7,3.32,-0.035,-0.024,-0.028,-0.043,-0.04,Lonzo Ball,15.0,17.0,54.0,32.0,19.0,1.0,0.0,3.0,0.0,36.0,0.0,3.0,0.0,3.0,3.0,0.0,4.0,7.0,5.0,89.0,PG,0.38299999999999995,0.45299999999999996,1.1,5.1,7.0,1.4,0.5,3.1,2.0,12.4
255,1628367,0.603,0.397,0.531,0.388,0.327,2.69,1.18,1.68,1.83,1.58,4.91,3.23,4.32,3.16,2.66,0.045,0.001,0.012,0.021,-0.019,Josh Jackson,3.0,5.0,4.0,9.0,2.0,0.0,0.0,1.0,0.0,3.0,0.0,0.0,0.0,1.0,0.0,1.0,0.0,1.0,7.0,34.0,SG,0.319,0.542,0.6,2.6,1.7,1.0,0.5,1.4,2.2,10.4
256,1628368,0.494,0.506,0.635,0.313,0.247,2.44,1.84,2.27,1.77,1.47,4.73,4.85,6.08,3.0,2.37,0.023,0.025,0.003,0.037000000000000005,0.017,DeAaron Fox,3.0,1.0,17.0,12.0,15.0,0.0,0.0,0.0,0.0,7.0,0.0,7.0,1.0,4.0,0.0,1.0,8.0,33.0,49.0,173.0,PG,0.307,0.523,0.7,3.4,6.8,1.4,0.5,3.1,2.9,20.4
257,1628369,0.583,0.417,0.5479999999999999,0.396,0.321,2.31,1.23,1.58,1.71,1.53,4.77,3.4,4.48,3.23,2.62,-0.021,-0.006,-0.025,-0.027000000000000003,-0.026,Jayson Tatum,23.0,7.0,57.0,49.0,30.0,1.0,0.0,6.0,2.0,30.0,2.0,10.0,10.0,6.0,6.0,0.0,13.0,31.0,42.0,197.0,PF,0.39799999999999996,0.479,1.0,6.1,2.9,1.4,0.9,2.2,2.1,23.6
258,1628370,0.628,0.3720000000000001,0.5,0.389,0.301,1.65,0.53,0.78,1.15,0.96,2.58,1.53,2.05,1.6,1.24,0.156,-0.014,0.008,0.172,0.184,Malik Monk,6.0,3.0,22.0,18.0,7.0,2.0,0.0,0.0,0.0,11.0,0.0,1.0,1.0,0.0,1.0,1.0,3.0,10.0,32.0,104.0,SG,0.284,0.542,0.5,2.4,2.1,0.5,0.3,1.4,1.3,10.3
259,1628371,0.728,0.272,0.39,0.5529999999999999,0.461,3.11,0.81,1.04,2.67,2.33,6.15,2.3,3.3,4.67,3.89,0.001,-0.004,-0.054000000000000006,0.009000000000000001,-0.013,Jonathan Isaac,8.0,3.0,10.0,7.0,2.0,0.0,0.0,1.0,4.0,5.0,0.0,5.0,3.0,2.0,0.0,0.0,3.0,10.0,6.0,81.0,SF,0.33,0.515,1.8,5.2,1.4,1.6,2.4,1.5,2.5,12.0
260,1628372,0.5660000000000001,0.434,0.56,0.375,0.274,3.48,1.49,2.14,2.48,2.07,5.94,4.57,5.88,3.94,2.88,0.081,-0.035,-0.011,0.066,0.104,Dennis Smith Jr,1.0,2.0,6.0,2.0,5.0,0.0,0.0,1.0,0.0,7.0,0.0,0.0,0.0,0.0,2.0,0.0,2.0,5.0,5.0,38.0,PG,0.29600000000000004,0.35700000000000004,0.6,1.7,2.9,0.8,0.2,1.7,1.9,5.5
261,1628373,0.644,0.35600000000000004,0.51,0.411,0.312,2.12,0.94,1.29,1.66,1.45,4.74,2.62,3.75,3.03,2.3,-0.051,-0.003,-0.025,-0.004,0.026,Frank Ntilikina,7.0,7.0,15.0,7.0,7.0,1.0,0.0,2.0,0.0,10.0,3.0,0.0,3.0,2.0,4.0,3.0,13.0,7.0,7.0,38.0,PG,0.321,0.444,0.4,1.7,3.0,0.9,0.3,1.2,2.5,6.3
262,1628374,0.733,0.267,0.438,0.499,0.381,4.06,1.19,1.96,2.96,2.49,7.85,2.87,4.69,5.35,4.09,0.006,0.043,0.037000000000000005,-0.021,-0.02,Lauri Markkanen,12.0,8.0,29.0,21.0,38.0,0.0,0.0,0.0,2.0,7.0,0.0,2.0,2.0,0.0,0.0,0.0,0.0,0.0,24.0,112.0,PF,0.344,0.518,1.2,5.1,1.5,0.8,0.5,1.6,1.9,14.7
263,1628378,0.597,0.403,0.583,0.322,0.237,2.75,1.32,1.97,1.77,1.43,5.78,3.9,5.65,3.11,2.29,-0.029,-0.025,-0.024,0.001,0.006,Donovan Mitchell,8.0,17.0,42.0,51.0,36.0,2.0,0.0,1.0,5.0,20.0,2.0,9.0,8.0,22.0,13.0,1.0,22.0,60.0,84.0,162.0,SG,0.364,0.501,0.7,3.7,4.2,1.0,0.2,2.7,2.4,24.2
264,1628379,0.584,0.416,0.529,0.381,0.268,2.11,0.96,1.35,1.44,1.18,3.77,2.69,3.42,2.46,1.73,0.063,-0.005,0.023,0.033,0.086,Luke Kennard,6.0,7.0,26.0,24.0,9.0,0.0,0.0,3.0,1.0,10.0,0.0,1.0,2.0,3.0,2.0,0.0,10.0,9.0,13.0,33.0,SG,0.39899999999999997,0.491,0.3,3.2,4.1,0.4,0.2,1.5,2.3,15.8
265,1628380,0.715,0.285,0.447,0.48,0.359,2.16,0.81,1.34,1.45,1.15,4.85,1.94,3.03,3.26,2.44,-0.058,0.052000000000000005,0.069,-0.106,-0.131,Zach Collins,0.0,0.0,1.0,0.0,2.0,0.0,0.0,0.0,0.0,1.0,0.0,1.0,0.0,0.0,0.0,0.0,0.0,0.0,0.0,5.0,PF,0.429,0.5,1.3,2.7,2.0,0.0,0.7,2.0,3.7,9.0
266,1628381,0.758,0.243,0.335,0.611,0.479,4.01,0.97,1.3,3.45,2.97,8.3,2.66,3.67,6.7,5.25,-0.04,0.009000000000000001,-0.017,-0.055,-0.054000000000000006,John Collins,4.0,3.0,9.0,19.0,23.0,1.0,0.0,3.0,1.0,2.0,0.0,1.0,3.0,1.0,1.0,1.0,3.0,9.0,32.0,237.0,PF,0.401,0.642,2.8,7.3,1.5,0.8,1.6,1.8,3.4,21.6
267,1628382,0.585,0.415,0.5660000000000001,0.36,0.289,1.93,0.94,1.37,1.34,1.13,3.63,2.57,3.51,2.24,1.79,0.026,0.002,0.017,0.037000000000000005,0.026,Justin Jackson,4.0,5.0,12.0,18.0,5.0,0.0,1.0,0.0,0.0,8.0,0.0,2.0,2.0,0.0,1.0,0.0,1.0,10.0,22.0,41.0,PF,0.298,0.494,0.5,2.0,0.8,0.2,0.2,0.2,1.0,5.7
268,1628384,0.608,0.392,0.564,0.34,0.25,2.23,1.01,1.52,1.41,1.16,4.34,2.79,4.03,2.42,1.78,0.006999999999999999,0.001,0.002,0.011,0.03,OG Anunoby,20.0,22.0,17.0,15.0,7.0,1.0,0.0,0.0,1.0,8.0,0.0,1.0,0.0,0.0,0.0,0.0,2.0,2.0,8.0,171.0,SF,0.381,0.593,1.2,4.2,1.6,1.4,0.7,1.2,2.5,10.7
269,1628386,0.8590000000000001,0.141,0.281,0.619,0.496,4.2,0.5,1.01,3.26,2.66,8.73,1.43,2.86,6.29,5.04,-0.04,-0.01,-0.016,-0.054000000000000006,-0.097,Jarrett Allen,0.0,0.0,0.0,0.0,0.0,0.0,0.0,0.0,0.0,0.0,0.0,0.0,1.0,0.0,0.0,0.0,0.0,1.0,16.0,249.0,C,0.0,0.654,3.0,6.4,1.3,0.6,1.3,1.1,2.3,10.6
270,1628388,0.619,0.381,0.464,0.464,0.369,1.28,0.5,0.63,1.07,0.89,2.26,1.39,1.7,1.7,1.35,0.067,-0.006999999999999999,0.005,0.069,0.051,TJ Leaf,1.0,1.0,0.0,1.0,2.0,0.0,0.0,0.0,0.0,0.0,0.0,0.0,1.0,0.0,0.0,0.0,0.0,0.0,3.0,21.0,PF,0.35700000000000004,0.455,0.8,1.7,0.2,0.3,0.1,0.3,0.7,2.9
271,1628389,0.73,0.27,0.423,0.498,0.382,2.3,0.64,1.1,1.61,1.39,5.07,1.88,2.94,3.46,2.66,-0.069,-0.013,0.002,-0.1,-0.093,Bam Adebayo,0.0,1.0,0.0,0.0,0.0,0.0,0.0,0.0,1.0,0.0,0.0,3.0,5.0,0.0,2.0,0.0,4.0,43.0,63.0,284.0,PF,0.077,0.5760000000000001,2.5,8.0,5.1,1.2,1.3,2.8,2.5,16.2
272,1628390,0.623,0.377,0.552,0.381,0.285,1.42,0.62,0.92,0.98,0.81,2.81,1.7,2.49,1.72,1.28,0.006999999999999999,0.004,-0.001,0.019,0.023,Terrance Ferguson,11.0,11.0,7.0,10.0,5.0,1.0,0.0,0.0,1.0,4.0,0.0,0.0,1.0,0.0,0.0,2.0,3.0,1.0,0.0,20.0,SF,0.297,0.636,0.5,1.0,0.9,0.5,0.3,0.6,2.9,4.2
273,1628391,0.742,0.258,0.355,0.613,0.516,1.36,0.27,0.36,1.27,1.0,2.09,0.73,1.0,1.73,1.45,0.156,0.002,-0.016,0.187,0.104,DJ Wilson,5.0,4.0,0.0,2.0,3.0,0.0,0.0,1.0,0.0,0.0,0.0,1.0,1.0,0.0,1.0,0.0,0.0,1.0,1.0,19.0,PF,0.255,0.565,0.3,1.9,0.7,0.1,0.2,0.5,0.8,3.2
274,1628395,0.7140000000000001,0.28600000000000003,0.384,0.5589999999999999,0.452,2.88,0.86,1.26,2.28,1.84,5.65,2.26,3.04,4.42,3.58,-0.004,0.02,0.05,-0.043,-0.095,Jordan Bell,0.0,4.0,0.0,0.0,0.0,0.0,0.0,0.0,0.0,0.0,0.0,0.0,0.0,0.0,0.0,0.0,0.0,0.0,3.0,28.0,PF,0.33299999999999996,0.564,1.0,1.8,0.6,0.1,0.3,0.7,0.7,3.2
275,1628396,0.294,0.706,0.706,0.17600000000000002,0.17600000000000002,0.25,0.88,0.88,0.13,0.13,0.63,1.5,1.5,0.38,0.38,-0.113,0.225,0.218,-0.222,-0.259,Tony Bradley,0.0,0.0,0.0,0.0,1.0,0.0,0.0,0.0,0.0,0.0,0.0,0.0,0.0,0.0,0.0,0.0,0.0,1.0,11.0,90.0,C,1.0,0.662,1.8,2.5,0.3,0.2,0.5,0.5,2.0,4.7
276,1628398,0.669,0.331,0.465,0.47,0.35700000000000004,3.59,1.28,1.76,2.81,2.35,7.27,3.6,5.05,5.11,3.88,-0.017,-0.004,-0.021,-0.018000000000000002,-0.014,Kyle Kuzma,10.0,16.0,12.0,23.0,7.0,1.0,1.0,2.0,2.0,9.0,2.0,4.0,3.0,0.0,4.0,0.0,9.0,11.0,41.0,102.0,PF,0.297,0.523,0.9,3.6,1.3,0.4,0.4,1.6,2.0,12.5
277,1628400,0.634,0.366,0.506,0.404,0.266,1.89,0.68,0.92,1.38,1.02,3.83,2.21,3.06,2.44,1.61,-0.011,-0.049,-0.069,0.006,0.021,Semi Ojeleye,11.0,9.0,6.0,8.0,2.0,0.0,0.0,4.0,0.0,2.0,0.0,0.0,0.0,0.0,0.0,0.0,0.0,0.0,6.0,17.0,PF,0.3670000000000001,0.475,0.4,1.6,0.5,0.3,0.1,0.2,1.0,3.1
278,1628401,0.581,0.419,0.516,0.452,0.435,1.31,0.38,0.46,1.23,1.23,2.77,2.0,2.46,2.15,2.08,-0.025,-0.149,-0.16,0.005,-0.014,Derrick White,5.0,6.0,12.0,16.0,18.0,0.0,0.0,0.0,1.0,5.0,0.0,1.0,3.0,3.0,2.0,1.0,7.0,19.0,33.0,85.0,SG,0.35600000000000004,0.513,0.5,2.7,3.4,0.6,0.9,1.2,2.2,10.4
279,1628403,0.657,0.343,0.493,0.463,0.343,1.0,0.41,0.59,0.77,0.64,2.0,1.05,1.5,1.41,1.05,-0.005,0.037000000000000005,0.042,-0.003,0.0,Caleb Swanigan,0.0,0.0,0.0,0.0,0.0,0.0,0.0,0.0,0.0,0.0,0.0,0.0,0.0,0.0,0.0,0.0,1.0,2.0,4.0,21.0,PF,0.0,0.622,1.0,2.7,1.1,0.1,0.3,1.4,2.3,2.4
280,1628404,0.648,0.35200000000000004,0.496,0.42,0.313,3.35,1.21,1.74,2.52,2.03,6.47,3.52,4.95,4.19,3.13,0.011,-0.017,-0.022,0.032,0.03,Josh Hart,17.0,21.0,37.0,24.0,10.0,1.0,0.0,0.0,1.0,27.0,0.0,0.0,0.0,0.0,0.0,0.0,1.0,4.0,6.0,78.0,SF,0.342,0.5710000000000001,0.9,5.5,1.6,1.0,0.4,1.1,2.5,10.2
281,1628405,0.7759999999999999,0.224,0.379,0.586,0.397,2.3,0.5,0.8,1.9,1.2,4.5,1.3,2.2,3.4,2.3,-0.006,0.077,0.029,-0.009000000000000001,-0.1,Johnathan Motley,0.0,0.0,1.0,0.0,0.0,0.0,0.0,0.0,0.0,1.0,0.0,0.0,0.0,0.0,0.0,0.0,0.0,0.0,0.0,10.0,PF,1.0,0.7140000000000001,0.2,0.5,0.6,0.2,0.0,0.4,0.5,2.2
282,1628407,0.575,0.425,0.593,0.321,0.25,1.77,0.93,1.34,1.14,1.0,3.5,2.59,3.61,1.95,1.52,0.006,0.0,-0.001,0.021,0.047,Dwayne Bacon,2.0,1.0,9.0,5.0,2.0,0.0,0.0,0.0,1.0,7.0,0.0,1.0,0.0,1.0,1.0,0.0,2.0,7.0,13.0,40.0,SG,0.284,0.373,0.4,2.2,1.3,0.6,0.1,0.9,1.3,5.7
283,1628408,1.0,0.0,0.25,0.75,0.75,1.0,0.0,0.0,1.0,1.0,2.0,0.0,0.5,1.5,1.5,-0.049,0.0,-0.381,0.038,-0.046,PJ Dozier,0.0,0.0,3.0,3.0,1.0,0.0,0.0,0.0,0.0,0.0,0.0,1.0,2.0,1.0,0.0,0.0,2.0,5.0,4.0,13.0,PG,0.25,0.46,0.2,1.2,1.4,0.3,0.2,0.5,1.3,4.1
284,1628410,0.0,1.0,1.0,0.0,0.0,0.0,1.0,1.0,0.0,0.0,0.0,1.0,1.0,0.0,0.0,0.0,0.6579999999999999,0.675,0.0,0.0,Edmond Sumner,3.0,3.0,2.0,2.0,0.0,0.0,0.0,0.0,0.0,2.0,0.0,0.0,0.0,0.0,0.0,0.0,1.0,0.0,3.0,33.0,PG,0.263,0.507,0.4,1.1,1.6,0.6,0.3,0.8,1.4,4.6
285,1628415,0.562,0.438,0.595,0.32,0.254,3.25,1.85,2.53,2.3,2.02,5.94,4.63,6.28,3.38,2.68,0.044,0.034,0.026,0.115,0.142,Dillon Brooks,5.0,8.0,45.0,51.0,23.0,0.0,0.0,1.0,0.0,30.0,0.0,7.0,7.0,7.0,16.0,1.0,14.0,44.0,35.0,93.0,SG,0.369,0.423,0.9,2.3,2.0,0.9,0.4,1.7,3.8,15.7
286,1628418,0.8440000000000001,0.156,0.281,0.7190000000000001,0.625,1.46,0.08,0.15,1.38,1.15,2.08,0.38,0.69,1.77,1.54,0.16399999999999998,-0.155,-0.08,0.182,0.083,Thomas Bryant,1.0,1.0,4.0,6.0,10.0,0.0,0.0,3.0,1.0,3.0,0.0,4.0,6.0,2.0,2.0,0.0,9.0,5.0,10.0,116.0,C,0.40700000000000003,0.64,2.0,4.9,1.9,0.4,0.9,1.3,2.2,12.1
287,1628420,0.667,0.333,0.667,0.222,0.111,1.0,0.0,0.33,0.33,0.0,2.0,1.0,2.0,0.67,0.33,0.012,-0.364,-0.223,0.229,0.0,Monte Morris,13.0,9.0,11.0,12.0,9.0,0.0,0.0,2.0,4.0,6.0,2.0,2.0,5.0,5.0,9.0,1.0,11.0,25.0,17.0,74.0,PG,0.375,0.494,0.3,1.4,3.5,0.8,0.2,0.7,1.0,8.4
288,1628422,0.597,0.403,0.56,0.35200000000000004,0.264,1.28,0.48,0.68,0.95,0.83,2.38,1.6,2.23,1.4,1.05,0.017,-0.053,-0.06,0.105,0.152,Damyean Dotson,2.0,7.0,17.0,22.0,9.0,2.0,0.0,2.0,4.0,15.0,0.0,1.0,2.0,0.0,2.0,2.0,10.0,4.0,3.0,25.0,SG,0.36200000000000004,0.48,0.2,1.7,1.2,0.5,0.1,0.4,0.9,6.7
289,1628425,0.586,0.414,0.5429999999999999,0.406,0.342,1.79,0.83,1.1,1.44,1.38,3.13,2.21,2.9,2.17,1.83,0.056,0.011,0.006999999999999999,0.092,0.138,Sterling Brown,11.0,5.0,11.0,6.0,3.0,0.0,0.0,0.0,0.0,7.0,0.0,1.0,2.0,0.0,1.0,0.0,0.0,3.0,5.0,32.0,SF,0.316,0.423,0.6,3.0,1.0,0.5,0.2,0.8,1.0,5.0
290,1628436,0.846,0.154,0.262,0.6709999999999999,0.53,3.25,0.55,0.75,2.7,2.35,6.3,1.15,1.95,5.0,3.95,-0.012,0.103,0.012,-0.043,-0.044,Luke Kornet,2.0,2.0,8.0,13.0,6.0,0.0,0.0,0.0,0.0,1.0,0.0,2.0,0.0,0.0,0.0,0.0,0.0,0.0,7.0,42.0,C,0.287,0.6459999999999999,0.6,1.7,0.9,0.3,0.7,0.4,1.5,6.0
291,1628443,0.542,0.458,0.458,0.458,0.458,1.33,0.5,0.5,1.17,1.17,2.17,1.83,1.83,1.83,1.83,0.094,-0.092,-0.085,0.07400000000000001,0.019,Kadeem Allen,1.0,1.0,1.0,1.0,1.0,0.0,0.0,0.0,0.0,1.0,0.0,2.0,1.0,0.0,0.0,0.0,0.0,5.0,1.0,4.0,SG,0.313,0.5,0.2,0.7,2.1,0.5,0.2,0.8,0.7,5.0
292,1628464,0.802,0.198,0.349,0.59,0.462,2.96,0.61,1.05,2.41,2.04,6.36,1.57,2.77,4.68,3.66,-0.047,0.03,0.006999999999999999,-0.05,-0.059,Daniel Theis,2.0,1.0,6.0,5.0,12.0,0.0,0.0,0.0,0.0,1.0,0.0,3.0,4.0,1.0,0.0,0.0,4.0,9.0,23.0,145.0,C,0.321,0.631,2.2,4.3,1.6,0.6,1.3,0.8,3.5,9.3
293,1628467,0.7190000000000001,0.281,0.4320000000000001,0.491,0.374,3.32,0.88,1.52,2.35,1.97,5.97,2.33,3.59,4.08,3.11,0.043,0.017,0.051,0.006,0.012,Maxi Kleber,17.0,23.0,18.0,26.0,22.0,1.0,0.0,1.0,0.0,3.0,0.0,3.0,0.0,0.0,0.0,0.0,0.0,3.0,6.0,94.0,C,0.374,0.594,1.5,3.9,1.2,0.3,1.2,0.7,2.3,9.2
294,1628470,0.6459999999999999,0.354,0.528,0.394,0.276,2.03,0.82,1.15,1.49,1.18,4.21,2.31,3.44,2.56,1.79,-0.023,-0.005,-0.04,0.014,0.042,Torrey Craig,9.0,4.0,12.0,7.0,4.0,0.0,0.0,1.0,0.0,9.0,1.0,0.0,0.0,0.0,0.0,1.0,0.0,1.0,2.0,54.0,SF,0.33,0.606,1.0,2.2,0.7,0.4,0.6,0.4,2.2,5.0
295,1628499,0.55,0.45,0.525,0.4,0.3,1.0,0.64,0.79,0.86,0.71,1.57,1.29,1.5,1.14,0.86,0.132,0.124,0.123,0.204,0.25,Antonius Cleveland,0.0,0.0,0.0,0.0,0.0,0.0,0.0,0.0,0.0,0.0,0.0,0.0,0.0,0.0,0.0,0.0,0.0,0.0,0.0,2.0,SG,0.0,0.4,0.0,0.5,0.0,0.2,0.2,0.2,0.3,0.8
