,Player,PLAYER_ID,left_corner_3,right_corner_3,left_wing_3,right_wing_3,center_3,deep_3,heave,left_baseline_deep_2,right_baseline_deep_2,left_wing_deep_2,right_wing_deep_2,left_baseline_short_2,right_baseline_short_2,left_wing_short_2,right_wing_short_2,deep_center_2,short_center_2,floater_range,in_the_paint,restricted_area,Pos,3P%,2P%,ORB,DRB,AST,STL,BLK,TOV,PF,PTS
0,Aaron Gordon,203932,10.0,5.0,16.0,23.0,14.0,0.0,0.0,0.0,4.0,12.0,0.0,9.0,5.0,4.0,1.0,1.0,5.0,21.0,21.0,173.0,PF,0.301,0.4920000000000001,1.8,5.8,3.7,0.9,0.6,1.6,2.0,14.4
1,Aaron Holiday,1628988,5.0,10.0,24.0,22.0,18.0,1.0,0.0,0.0,0.0,18.0,1.0,3.0,1.0,3.0,1.0,0.0,12.0,7.0,20.0,68.0,PG,0.394,0.416,0.4,1.9,3.3,0.8,0.2,1.3,1.8,9.4
2,Abdel Nader,1627846,7.0,7.0,13.0,8.0,4.0,0.0,0.0,1.0,0.0,7.0,0.0,0.0,0.0,0.0,0.0,0.0,1.0,2.0,9.0,47.0,SF,0.371,0.53,0.3,1.6,0.7,0.4,0.4,0.8,1.4,6.0
3,Adam Mokoka,1629690,1.0,2.0,3.0,0.0,0.0,0.0,0.0,0.0,0.0,2.0,0.0,0.0,0.0,0.0,0.0,0.0,0.0,0.0,0.0,6.0,SG,0.4,0.462,0.6,0.3,0.4,0.4,0.0,0.2,1.5,2.9
4,Admiral Schofield,1629678,3.0,3.0,3.0,2.0,3.0,0.0,0.0,0.0,0.0,1.0,0.0,3.0,0.0,0.0,1.0,0.0,0.0,0.0,3.0,9.0,SF,0.298,0.5710000000000001,0.2,1.0,0.5,0.3,0.1,0.3,1.5,3.1
5,Al Horford,201143,4.0,5.0,20.0,23.0,37.0,0.0,0.0,7.0,3.0,13.0,0.0,8.0,17.0,0.0,4.0,1.0,21.0,9.0,29.0,97.0,C,0.337,0.513,1.5,5.3,4.1,0.9,0.9,1.1,2.1,12.0
6,AlFarouq Aminu,202329,2.0,1.0,1.0,2.0,3.0,0.0,0.0,0.0,0.0,0.0,0.0,0.0,0.0,0.0,0.0,0.0,1.0,1.0,4.0,10.0,PF,0.25,0.32,1.3,3.5,1.2,1.0,0.4,0.9,1.5,4.3
7,Alec Burks,202692,14.0,8.0,27.0,28.0,21.0,2.0,0.0,2.0,4.0,19.0,2.0,6.0,9.0,4.0,4.0,1.0,10.0,18.0,23.0,89.0,SG,0.366,0.428,0.7,3.7,2.9,1.0,0.3,1.4,2.0,15.1
8,Alen Smailagic,1629346,1.0,0.0,0.0,1.0,1.0,0.0,0.0,0.0,0.0,0.0,0.0,0.0,0.0,0.0,0.0,0.0,1.0,0.0,2.0,14.0,PF,0.231,0.63,0.7,1.2,0.9,0.2,0.3,0.8,1.0,4.2
9,Alex Caruso,1627936,5.0,7.0,8.0,10.0,8.0,0.0,0.0,0.0,0.0,3.0,0.0,0.0,1.0,1.0,0.0,0.0,3.0,2.0,2.0,63.0,PG,0.355,0.471,0.2,1.7,1.8,1.0,0.3,0.8,1.5,5.4
10,Alex Len,203458,5.0,4.0,0.0,1.0,4.0,0.0,0.0,0.0,0.0,0.0,0.0,0.0,0.0,0.0,0.0,0.0,0.0,5.0,26.0,122.0,C,0.25,0.626,1.9,4.1,1.0,0.4,0.9,1.0,2.3,8.3
11,Alfonzo McKinnie,1628035,3.0,5.0,4.0,1.0,1.0,0.0,0.0,0.0,0.0,3.0,0.0,1.0,2.0,1.0,1.0,0.0,0.0,1.0,9.0,44.0,SF,0.215,0.557,0.9,1.9,0.4,0.6,0.2,0.7,1.8,4.6
12,Alize Johnson,1628993,0.0,0.0,0.0,0.0,0.0,0.0,0.0,0.0,0.0,0.0,0.0,0.0,0.0,0.0,0.0,0.0,0.0,0.0,1.0,6.0,SF,0.0,0.467,0.5,0.8,0.2,0.0,0.0,0.2,0.5,1.4
13,Allen Crabbe,203459,5.0,8.0,11.0,9.0,3.0,0.0,0.0,0.0,0.0,7.0,0.0,1.0,1.0,1.0,0.0,1.0,1.0,7.0,1.0,12.0,SG,0.303,0.466,0.3,1.8,0.9,0.4,0.1,0.5,1.3,4.6
14,Allonzo Trier,1629019,0.0,3.0,4.0,8.0,4.0,0.0,0.0,1.0,0.0,5.0,0.0,2.0,2.0,3.0,1.0,0.0,3.0,3.0,0.0,15.0,PG,0.358,0.604,0.3,1.0,1.2,0.1,0.2,0.9,1.2,6.5
15,Amile Jefferson,1628518,0.0,0.0,0.0,0.0,0.0,0.0,0.0,0.0,0.0,0.0,0.0,0.0,0.0,0.0,0.0,0.0,0.0,1.0,2.0,2.0,PF,0.0,0.35700000000000004,0.6,0.7,0.2,0.1,0.2,0.2,0.4,0.8
16,Amir Coffey,1629599,0.0,0.0,0.0,1.0,0.0,0.0,0.0,0.0,0.0,0.0,0.0,0.0,1.0,1.0,0.0,0.0,0.0,4.0,1.0,5.0,SG,0.14300000000000002,0.462,0.3,0.8,0.7,0.1,0.1,0.2,0.9,2.2
17,Andre Drummond,203083,1.0,2.0,0.0,0.0,2.0,0.0,0.0,0.0,0.0,0.0,0.0,1.0,4.0,0.0,0.0,0.0,0.0,4.0,65.0,339.0,C,0.14300000000000002,0.551,4.4,10.8,2.7,1.9,1.6,3.6,3.5,17.7
18,Andre Iguodala,2738,0.0,4.0,3.0,2.0,0.0,0.0,0.0,0.0,0.0,0.0,0.0,0.0,0.0,1.0,0.0,0.0,2.0,0.0,0.0,12.0,SG,0.375,0.593,0.7,3.1,2.0,0.6,1.1,1.2,2.0,4.4
19,Andrew Wiggins,203952,13.0,3.0,41.0,26.0,24.0,4.0,0.0,1.0,3.0,28.0,1.0,5.0,2.0,5.0,2.0,3.0,8.0,28.0,55.0,201.0,SF,0.332,0.506,1.2,3.9,3.7,0.8,1.0,2.4,2.4,21.8
20,Anfernee Simons,1629014,10.0,4.0,29.0,20.0,10.0,1.0,0.0,0.0,4.0,17.0,1.0,4.0,4.0,4.0,6.0,1.0,8.0,12.0,18.0,68.0,SG,0.338,0.448,0.4,1.9,1.5,0.4,0.2,0.9,2.0,8.8
21,Anthony Davis,203076,15.0,2.0,18.0,15.0,15.0,0.0,0.0,6.0,1.0,16.0,2.0,23.0,10.0,16.0,1.0,2.0,14.0,28.0,51.0,280.0,PF,0.335,0.5539999999999999,2.3,7.1,3.1,1.5,2.4,2.5,2.5,26.7
22,Anthony Tolliver,201229,5.0,9.0,6.0,11.0,7.0,1.0,0.0,0.0,1.0,4.0,1.0,1.0,0.0,0.0,0.0,0.0,0.0,1.0,2.0,9.0,PF,0.322,0.441,0.6,2.2,0.7,0.3,0.2,0.6,1.4,3.5
23,Antonius Cleveland,1628499,0.0,0.0,0.0,0.0,0.0,0.0,0.0,0.0,0.0,0.0,0.0,0.0,0.0,0.0,0.0,0.0,0.0,0.0,0.0,2.0,SG,0.0,0.4,0.0,0.5,0.0,0.2,0.2,0.2,0.3,0.8
24,Aron Baynes,203382,2.0,4.0,12.0,7.0,33.0,1.0,0.0,0.0,0.0,2.0,0.0,3.0,1.0,0.0,0.0,0.0,1.0,3.0,29.0,87.0,C,0.35100000000000003,0.5820000000000001,1.7,4.0,1.6,0.2,0.5,1.2,3.4,11.5
25,Austin Rivers,203085,18.0,7.0,31.0,20.0,6.0,0.0,0.0,0.0,1.0,20.0,0.0,0.0,1.0,0.0,1.0,0.0,1.0,3.0,17.0,76.0,SG,0.358,0.495,0.4,2.0,1.6,0.7,0.2,0.6,1.9,8.5
26,Avery Bradley,202340,21.0,9.0,16.0,13.0,4.0,0.0,0.0,1.0,2.0,14.0,1.0,3.0,2.0,4.0,5.0,1.0,17.0,10.0,7.0,47.0,SG,0.364,0.51,0.4,2.0,1.3,0.9,0.1,1.0,2.2,8.6
27,BJ Johnson,1629168,0.0,1.0,0.0,0.0,0.0,0.0,0.0,0.0,0.0,0.0,0.0,0.0,1.0,0.0,0.0,0.0,0.0,0.0,0.0,3.0,SF,0.16699999999999998,0.333,0.1,0.6,0.3,0.3,0.0,0.4,0.0,1.6
28,Bam Adebayo,1628389,0.0,1.0,0.0,0.0,0.0,0.0,0.0,0.0,1.0,0.0,0.0,3.0,5.0,0.0,2.0,0.0,4.0,43.0,63.0,284.0,PF,0.077,0.5760000000000001,2.5,8.0,5.1,1.2,1.3,2.8,2.5,16.2
29,Ben McLemore,203463,21.0,33.0,52.0,37.0,10.0,1.0,0.0,0.0,0.0,29.0,0.0,0.0,0.0,0.0,0.0,0.0,0.0,1.0,1.0,53.0,SG,0.395,0.688,0.3,1.9,0.9,0.6,0.2,0.7,2.1,9.8
30,Ben Simmons,1627732,1.0,1.0,0.0,0.0,0.0,0.0,0.0,0.0,0.0,0.0,0.0,1.0,2.0,0.0,0.0,0.0,1.0,2.0,52.0,301.0,PG,0.333,0.588,2.0,5.8,8.2,2.1,0.6,3.6,3.2,16.7
31,Bismack Biyombo,202687,0.0,0.0,0.0,0.0,0.0,0.0,0.0,0.0,0.0,0.0,0.0,0.0,2.0,0.0,0.0,0.0,0.0,3.0,18.0,128.0,C,0.0,0.5429999999999999,2.3,3.5,0.9,0.2,0.9,0.9,2.2,7.4
32,Blake Griffin,201933,3.0,1.0,8.0,4.0,10.0,1.0,0.0,0.0,0.0,4.0,0.0,2.0,0.0,1.0,0.0,0.0,0.0,0.0,8.0,50.0,PF,0.243,0.439,0.9,3.7,3.3,0.4,0.4,2.2,1.5,15.5
33,Boban Marjanovic,1626246,0.0,1.0,0.0,2.0,1.0,0.0,0.0,0.0,0.0,0.0,0.0,3.0,3.0,1.0,1.0,0.0,1.0,2.0,18.0,63.0,C,0.267,0.5820000000000001,1.4,2.7,0.4,0.2,0.2,0.7,1.3,6.3
34,Bobby Portis,1626171,12.0,4.0,7.0,24.0,19.0,0.0,0.0,5.0,6.0,7.0,3.0,7.0,7.0,1.0,5.0,2.0,9.0,22.0,36.0,90.0,C,0.358,0.493,1.2,3.9,1.5,0.5,0.3,1.1,1.7,10.1
35,Bogdan Bogdanovic,203992,13.0,12.0,60.0,33.0,18.0,1.0,0.0,2.0,1.0,36.0,1.0,2.0,4.0,0.0,12.0,3.0,12.0,18.0,23.0,56.0,SG,0.361,0.541,0.3,2.9,3.2,1.0,0.3,1.7,2.2,14.5
36,Bojan Bogdanovic,202711,29.0,39.0,45.0,46.0,28.0,1.0,0.0,2.0,2.0,16.0,0.0,2.0,6.0,1.0,1.0,0.0,3.0,22.0,49.0,141.0,SF,0.414,0.479,0.6,3.5,2.1,0.5,0.1,2.5,1.7,20.2
37,Brad Wanamaker,202954,1.0,1.0,16.0,7.0,8.0,0.0,0.0,0.0,0.0,7.0,0.0,2.0,2.0,1.0,2.0,1.0,3.0,9.0,11.0,69.0,PG,0.3670000000000001,0.452,0.3,1.7,2.5,0.8,0.2,1.1,1.9,6.6
38,Bradley Beal,203078,14.0,5.0,66.0,51.0,33.0,1.0,0.0,6.0,4.0,42.0,1.0,12.0,17.0,12.0,8.0,1.0,35.0,42.0,44.0,236.0,SG,0.353,0.515,0.9,3.3,6.1,1.2,0.4,3.4,2.2,30.5
39,Brandon Clarke,1629634,4.0,4.0,4.0,3.0,6.0,0.0,0.0,0.0,0.0,4.0,0.0,0.0,2.0,0.0,0.0,0.0,2.0,39.0,28.0,160.0,PF,0.404,0.654,1.6,4.3,1.4,0.5,0.8,0.9,1.6,12.0
40,Brandon Goodwin,1629164,2.0,0.0,8.0,11.0,5.0,0.0,0.0,0.0,0.0,6.0,0.0,1.0,1.0,0.0,2.0,1.0,1.0,6.0,10.0,27.0,PG,0.299,0.485,0.3,1.8,1.5,0.4,0.1,0.9,1.3,6.1
41,Brandon Ingram,1627742,23.0,18.0,40.0,36.0,19.0,0.0,0.0,5.0,0.0,25.0,0.0,20.0,14.0,6.0,10.0,0.0,17.0,39.0,27.0,186.0,PF,0.387,0.509,0.9,5.4,4.3,1.0,0.7,3.1,2.9,24.3
42,Brandon Knight,202688,3.0,2.0,16.0,11.0,13.0,0.0,0.0,0.0,0.0,7.0,0.0,0.0,1.0,0.0,1.0,0.0,0.0,4.0,4.0,4.0,PG,0.344,0.389,0.2,1.5,2.8,0.4,0.1,1.5,1.6,7.3
43,Brook Lopez,201572,11.0,7.0,21.0,30.0,15.0,0.0,0.0,1.0,0.0,7.0,0.0,2.0,11.0,1.0,1.0,0.0,3.0,14.0,33.0,94.0,C,0.29600000000000004,0.557,0.7,3.8,1.6,0.7,2.4,1.0,2.4,11.0
44,Bruce Brown,1628971,11.0,14.0,3.0,5.0,0.0,0.0,0.0,1.0,0.0,1.0,0.0,2.0,1.0,0.0,0.0,0.0,0.0,3.0,41.0,117.0,SG,0.344,0.47,1.1,3.7,4.0,1.1,0.5,1.7,2.8,8.9
45,Bruno Caboclo,203998,1.0,2.0,0.0,0.0,0.0,0.0,0.0,1.0,0.0,0.0,1.0,0.0,0.0,1.0,0.0,0.0,0.0,1.0,4.0,21.0,SF,0.14300000000000002,0.5710000000000001,0.8,1.1,0.4,0.4,0.6,0.3,0.9,2.7
46,Bruno Fernando,1628981,0.0,1.0,2.0,2.0,0.0,0.0,0.0,0.0,0.0,1.0,0.0,1.0,2.0,0.0,0.0,0.0,0.0,3.0,7.0,85.0,C,0.135,0.605,1.2,2.3,0.9,0.3,0.3,0.8,1.9,4.3
47,Bryn Forbes,1627854,5.0,10.0,54.0,56.0,23.0,0.0,0.0,0.0,1.0,28.0,1.0,2.0,2.0,1.0,4.0,3.0,21.0,8.0,14.0,29.0,SG,0.388,0.47,0.2,1.8,1.7,0.5,0.0,0.9,1.8,11.2
48,Buddy Hield,1627741,33.0,21.0,93.0,57.0,39.0,1.0,0.0,5.0,5.0,54.0,0.0,8.0,5.0,12.0,8.0,1.0,19.0,16.0,15.0,107.0,SG,0.395,0.477,0.9,3.9,3.1,0.9,0.3,2.3,2.3,19.8
49,CJ McCollum,203468,21.0,19.0,55.0,47.0,31.0,1.0,0.0,5.0,8.0,37.0,2.0,16.0,15.0,10.0,19.0,1.0,32.0,54.0,59.0,134.0,SG,0.38,0.4970000000000001,0.7,3.4,4.3,0.7,0.6,1.9,2.6,22.5
50,CJ Miles,101139,0.0,2.0,2.0,4.0,3.0,0.0,0.0,0.0,0.0,3.0,0.0,0.0,0.0,0.0,0.0,0.0,0.0,0.0,1.0,6.0,SG,0.314,0.333,0.4,0.8,1.2,1.0,0.4,0.4,1.4,6.4
51,Caleb Martin,1628997,1.0,3.0,10.0,3.0,3.0,0.0,0.0,0.0,1.0,4.0,0.0,0.0,0.0,0.0,0.0,0.0,1.0,0.0,1.0,14.0,SF,0.541,0.362,0.6,1.6,1.3,0.7,0.4,0.8,1.8,6.2
52,Caleb Swanigan,1628403,0.0,0.0,0.0,0.0,0.0,0.0,0.0,0.0,0.0,0.0,0.0,0.0,0.0,0.0,0.0,0.0,1.0,2.0,4.0,21.0,PF,0.0,0.622,1.0,2.7,1.1,0.1,0.3,1.4,2.3,2.4
53,Cam Reddish,1629629,13.0,13.0,24.0,19.0,13.0,1.0,0.0,0.0,1.0,14.0,3.0,1.0,3.0,3.0,4.0,0.0,7.0,10.0,20.0,74.0,SF,0.332,0.428,0.6,3.1,1.5,1.1,0.5,1.7,2.3,10.5
54,Cameron Johnson,1629661,19.0,21.0,24.0,21.0,6.0,0.0,0.0,0.0,0.0,12.0,2.0,0.0,5.0,1.0,0.0,1.0,2.0,1.0,0.0,32.0,PF,0.397,0.469,0.8,2.1,1.1,0.6,0.3,0.6,1.5,8.1
55,Caris LeVert,1627747,8.0,4.0,30.0,13.0,17.0,0.0,0.0,0.0,1.0,19.0,0.0,1.0,3.0,3.0,3.0,0.0,3.0,33.0,31.0,99.0,SG,0.381,0.429,1.0,3.1,4.1,1.1,0.2,2.5,1.8,17.7
56,Carmelo Anthony,2546,5.0,14.0,24.0,22.0,7.0,0.0,0.0,2.0,11.0,23.0,5.0,16.0,33.0,8.0,6.0,0.0,7.0,18.0,15.0,81.0,PF,0.371,0.447,1.2,5.0,1.6,0.8,0.5,1.7,2.8,15.3
57,Carsen Edwards,1629035,0.0,1.0,9.0,6.0,5.0,0.0,0.0,0.0,0.0,6.0,0.0,1.0,0.0,3.0,0.0,1.0,4.0,0.0,0.0,5.0,SG,0.309,0.35600000000000004,0.2,1.1,0.6,0.3,0.1,0.4,0.9,3.0
58,Cedi Osman,1626224,13.0,18.0,41.0,40.0,9.0,2.0,0.0,0.0,0.0,11.0,0.0,3.0,4.0,1.0,2.0,1.0,1.0,7.0,20.0,103.0,SF,0.383,0.4970000000000001,0.6,3.0,2.4,0.8,0.2,1.4,2.5,11.0
59,Chandler Hutchison,1628990,5.0,3.0,2.0,2.0,0.0,0.0,0.0,0.0,0.0,1.0,0.0,1.0,0.0,0.0,0.0,0.0,0.0,2.0,9.0,56.0,SF,0.316,0.496,0.6,3.2,0.9,1.0,0.3,1.0,1.7,7.8
60,Chandler Parsons,202718,0.0,1.0,0.0,1.0,1.0,1.0,0.0,0.0,0.0,0.0,0.0,0.0,0.0,0.0,0.0,0.0,0.0,0.0,0.0,1.0,SF,0.28600000000000003,0.25,0.2,1.2,0.6,0.8,0.2,0.6,0.6,2.8
61,Cheick Diallo,1627767,0.0,1.0,0.0,0.0,0.0,0.0,0.0,0.0,1.0,0.0,0.0,1.0,1.0,1.0,0.0,0.0,2.0,7.0,6.0,68.0,C,0.5,0.652,0.6,2.3,0.5,0.2,0.3,0.7,1.2,4.8
62,Chimezie Metu,1629002,0.0,0.0,0.0,0.0,0.0,0.0,0.0,1.0,0.0,0.0,0.0,1.0,1.0,0.0,0.0,0.0,3.0,0.0,4.0,10.0,PF,0.0,0.588,0.6,1.0,0.4,0.1,0.3,0.3,0.3,2.9
63,Chris Boucher,1628449,1.0,2.0,4.0,14.0,7.0,0.0,0.0,0.0,0.0,3.0,0.0,0.0,1.0,0.0,1.0,0.0,0.0,0.0,7.0,81.0,PF,0.28300000000000003,0.565,1.7,2.7,0.4,0.4,1.0,0.4,1.9,6.3
64,Chris Chiozza,1629185,1.0,1.0,7.0,4.0,5.0,0.0,0.0,0.0,0.0,5.0,0.0,0.0,0.0,0.0,0.0,0.0,0.0,0.0,3.0,10.0,PG,0.439,0.368,0.3,1.4,2.3,0.7,0.1,0.8,1.1,4.0
65,Chris Clemons,1629598,0.0,1.0,10.0,11.0,10.0,1.0,0.0,0.0,0.0,3.0,0.0,0.0,1.0,0.0,0.0,0.0,0.0,0.0,1.0,15.0,SG,0.35100000000000003,0.563,0.1,0.7,0.8,0.2,0.2,0.6,0.7,4.9
66,Chris Paul,101108,6.0,2.0,34.0,21.0,35.0,2.0,1.0,2.0,2.0,16.0,0.0,11.0,20.0,17.0,26.0,1.0,28.0,83.0,39.0,54.0,PG,0.362,0.557,0.3,4.6,6.8,1.6,0.1,2.2,2.2,17.7
67,Chris Silva,1629735,0.0,0.0,0.0,0.0,0.0,0.0,0.0,0.0,1.0,0.0,0.0,0.0,1.0,0.0,0.0,0.0,0.0,1.0,4.0,36.0,PF,0.0,0.642,1.3,1.3,0.5,0.2,0.4,0.8,2.0,2.9
68,Christian Wood,1626174,4.0,11.0,14.0,17.0,8.0,0.0,0.0,0.0,4.0,4.0,0.0,1.0,3.0,1.0,1.0,0.0,2.0,4.0,28.0,188.0,PF,0.386,0.636,1.7,4.6,1.0,0.5,0.9,1.4,1.6,13.1
69,Clint Capela,203991,0.0,0.0,0.0,0.0,0.0,0.0,0.0,1.0,0.0,0.0,0.0,0.0,0.0,0.0,0.0,0.0,0.0,0.0,24.0,219.0,C,0.0,0.629,4.3,9.5,1.2,0.8,1.8,1.6,2.6,13.9
70,Coby White,1629632,13.0,7.0,42.0,43.0,27.0,1.0,0.0,0.0,0.0,23.0,1.0,0.0,4.0,0.0,4.0,3.0,10.0,8.0,23.0,113.0,SG,0.354,0.43,0.4,3.1,2.7,0.8,0.1,1.7,1.8,13.2
71,Cody Martin,1628998,4.0,2.0,5.0,5.0,2.0,0.0,0.0,0.0,0.0,5.0,0.0,0.0,0.0,0.0,0.0,2.0,1.0,0.0,3.0,64.0,SF,0.234,0.546,0.8,2.5,2.0,0.8,0.2,0.9,1.6,5.0
72,Cody Zeller,203469,1.0,1.0,3.0,5.0,8.0,0.0,0.0,0.0,0.0,0.0,1.0,0.0,1.0,0.0,0.0,0.0,1.0,3.0,26.0,201.0,C,0.24,0.5770000000000001,2.8,4.3,1.5,0.7,0.4,1.3,2.4,11.1
73,Collin Sexton,1629012,9.0,7.0,18.0,37.0,23.0,2.0,0.0,3.0,2.0,13.0,1.0,10.0,9.0,6.0,15.0,0.0,10.0,58.0,70.0,229.0,SG,0.38,0.501,0.9,2.2,3.0,1.0,0.1,2.4,2.2,20.8
74,Cory Joseph,202709,10.0,4.0,17.0,11.0,5.0,0.0,0.0,0.0,0.0,14.0,0.0,3.0,3.0,4.0,0.0,0.0,10.0,13.0,23.0,44.0,PG,0.35100000000000003,0.46,0.6,2.0,3.4,0.7,0.3,1.0,1.9,6.3
75,Courtney Lee,201584,6.0,3.0,5.0,3.0,4.0,0.0,0.0,0.0,1.0,2.0,0.0,1.0,0.0,0.0,0.0,0.0,2.0,0.0,4.0,11.0,SG,0.447,0.5429999999999999,0.3,1.0,0.5,0.8,0.3,0.5,1.4,4.5
76,DAngelo Russell,1626156,6.0,9.0,55.0,44.0,31.0,13.0,0.0,2.0,7.0,38.0,0.0,5.0,8.0,9.0,10.0,1.0,23.0,39.0,30.0,54.0,PG,0.3670000000000001,0.487,0.4,3.6,6.3,1.1,0.3,3.3,1.9,23.1
77,DJ Augustin,201571,6.0,2.0,20.0,20.0,12.0,0.0,0.0,1.0,0.0,12.0,0.0,3.0,2.0,5.0,4.0,0.0,4.0,15.0,8.0,52.0,PG,0.345,0.43,0.4,1.9,4.6,0.6,0.0,1.4,1.1,10.4
78,DJ Wilson,1628391,5.0,4.0,0.0,2.0,3.0,0.0,0.0,1.0,0.0,0.0,0.0,1.0,1.0,0.0,1.0,0.0,0.0,1.0,1.0,19.0,PF,0.255,0.565,0.3,1.9,0.7,0.1,0.2,0.5,0.8,3.2
79,DaQuan Jeffries,1629610,0.0,0.0,0.0,0.0,1.0,0.0,0.0,0.0,0.0,0.0,0.0,0.0,0.0,0.0,0.0,0.0,0.0,0.0,0.0,2.0,SG,0.25,0.667,0.2,0.0,0.2,0.2,0.0,0.0,0.5,1.2
80,Damian Jones,1627745,0.0,2.0,0.0,0.0,0.0,0.0,0.0,0.0,0.0,0.0,0.0,0.0,0.0,0.0,0.0,0.0,1.0,0.0,3.0,115.0,C,0.222,0.7040000000000001,1.3,2.4,0.6,0.5,0.7,0.5,2.7,5.6
81,Damian Lillard,203081,3.0,6.0,73.0,67.0,30.0,44.0,3.0,6.0,7.0,41.0,2.0,9.0,5.0,2.0,8.0,0.0,6.0,12.0,18.0,218.0,PG,0.394,0.518,0.5,3.8,7.8,1.0,0.4,2.9,1.7,28.9
82,Damion Lee,1627814,11.0,9.0,20.0,31.0,14.0,0.0,0.0,2.0,3.0,15.0,0.0,8.0,4.0,2.0,7.0,0.0,5.0,18.0,18.0,57.0,SG,0.35600000000000004,0.471,0.7,4.2,2.7,1.0,0.1,1.4,2.4,12.7
83,Damyean Dotson,1628422,2.0,7.0,17.0,22.0,9.0,2.0,0.0,2.0,4.0,15.0,0.0,1.0,2.0,0.0,2.0,2.0,10.0,4.0,3.0,25.0,SG,0.362,0.48,0.2,1.7,1.2,0.5,0.1,0.4,0.9,6.7
84,Daniel Gafford,1629655,0.0,0.0,0.0,0.0,0.0,0.0,0.0,0.0,0.0,0.0,0.0,0.0,0.0,0.0,0.0,0.0,0.0,0.0,3.0,91.0,C,0.0,0.701,1.2,1.3,0.5,0.3,1.3,0.7,2.3,5.1
85,Daniel Theis,1628464,2.0,1.0,6.0,5.0,12.0,0.0,0.0,0.0,0.0,1.0,0.0,3.0,4.0,1.0,0.0,0.0,4.0,9.0,23.0,145.0,C,0.321,0.631,2.2,4.3,1.6,0.6,1.3,0.8,3.5,9.3
86,Danilo Gallinari,201568,6.0,11.0,58.0,47.0,38.0,5.0,0.0,9.0,7.0,36.0,4.0,10.0,6.0,7.0,2.0,3.0,8.0,10.0,11.0,77.0,PF,0.409,0.474,0.6,4.9,2.1,0.7,0.1,1.3,1.2,19.2
87,Danny Green,201980,27.0,24.0,19.0,35.0,6.0,1.0,0.0,2.0,3.0,13.0,0.0,1.0,3.0,0.0,1.0,0.0,1.0,5.0,9.0,41.0,SG,0.378,0.516,0.7,2.7,1.4,1.2,0.5,0.9,2.1,8.2
88,Dante Exum,203957,2.0,1.0,3.0,7.0,2.0,0.0,0.0,0.0,0.0,1.0,0.0,1.0,2.0,0.0,0.0,0.0,0.0,0.0,6.0,32.0,SG,0.349,0.539,0.3,1.6,1.1,0.4,0.2,0.9,1.1,4.5
89,Darius Bazley,1629647,9.0,6.0,5.0,8.0,1.0,0.0,0.0,0.0,2.0,4.0,0.0,0.0,1.0,0.0,0.0,1.0,0.0,1.0,10.0,44.0,PF,0.3,0.446,0.4,3.3,0.5,0.4,0.7,0.8,0.8,4.5
90,Darius Garland,1629636,14.0,10.0,23.0,33.0,21.0,4.0,0.0,2.0,0.0,13.0,1.0,10.0,19.0,5.0,7.0,1.0,5.0,21.0,34.0,64.0,PG,0.355,0.434,0.5,1.4,3.9,0.7,0.1,2.6,1.6,12.3
91,Daryl Macon,1629133,1.0,0.0,0.0,0.0,0.0,0.0,0.0,0.0,0.0,0.0,0.0,0.0,0.0,0.0,0.0,0.0,0.0,0.0,0.0,0.0,SG,0.5,0.0,0.0,0.0,0.3,0.0,0.0,0.5,0.3,0.8
92,David Nwaba,1628021,3.0,3.0,1.0,5.0,0.0,0.0,0.0,0.0,0.0,1.0,0.0,0.0,0.0,0.0,0.0,0.0,0.0,0.0,4.0,21.0,SF,0.429,0.581,0.4,1.9,0.4,0.6,0.6,0.4,1.6,5.2
93,DeAaron Fox,1628368,3.0,1.0,17.0,12.0,15.0,0.0,0.0,0.0,0.0,7.0,0.0,7.0,1.0,4.0,0.0,1.0,8.0,33.0,49.0,173.0,PG,0.307,0.523,0.7,3.4,6.8,1.4,0.5,3.1,2.9,20.4
94,DeAndre Hunter,1629631,21.0,18.0,26.0,27.0,16.0,0.0,0.0,2.0,0.0,25.0,0.0,4.0,7.0,3.0,4.0,1.0,10.0,16.0,15.0,97.0,SF,0.355,0.454,0.7,3.8,1.8,0.7,0.3,1.6,2.9,12.3
95,DeAnthony Melton,1629001,6.0,5.0,13.0,8.0,5.0,0.0,0.0,1.0,2.0,3.0,0.0,0.0,1.0,0.0,1.0,0.0,4.0,9.0,19.0,68.0,PG,0.316,0.47,0.7,3.0,3.0,1.3,0.3,1.5,1.8,8.1
96,DeAndre Jordan,201599,0.0,0.0,0.0,0.0,0.0,0.0,0.0,0.0,0.0,0.0,0.0,0.0,0.0,0.0,0.0,0.0,1.0,0.0,8.0,182.0,C,0.0,0.6659999999999999,2.5,7.5,1.9,0.3,0.9,1.3,2.0,8.3
97,DeAndre Bembry,1627761,5.0,3.0,3.0,3.0,1.0,0.0,0.0,0.0,0.0,1.0,0.0,0.0,1.0,0.0,0.0,0.0,0.0,5.0,13.0,70.0,SG,0.231,0.546,0.8,2.7,1.9,1.3,0.4,1.4,2.0,5.8
98,DeMar DeRozan,201942,4.0,0.0,3.0,1.0,0.0,0.0,0.0,8.0,4.0,8.0,2.0,30.0,15.0,16.0,13.0,1.0,37.0,60.0,94.0,203.0,SF,0.267,0.535,0.6,5.0,5.6,1.0,0.2,2.4,2.7,22.2
99,DeMarre Carroll,201960,2.0,3.0,1.0,0.0,1.0,0.0,0.0,0.0,0.0,1.0,0.0,0.0,0.0,1.0,0.0,0.0,0.0,1.0,4.0,8.0,SF,0.259,0.519,0.5,1.7,0.9,0.2,0.2,0.8,1.3,3.5
100,Dean Wade,1629731,0.0,1.0,1.0,0.0,0.0,0.0,0.0,0.0,0.0,1.0,0.0,0.0,0.0,0.0,0.0,0.0,0.0,0.0,0.0,7.0,PF,0.5,0.778,0.3,1.3,0.2,0.2,0.3,0.3,0.7,1.7
101,Deandre Ayton,1629028,0.0,0.0,0.0,0.0,0.0,0.0,0.0,0.0,2.0,1.0,0.0,16.0,5.0,0.0,2.0,0.0,13.0,16.0,38.0,162.0,C,0.0,0.552,4.1,7.9,1.9,0.7,1.7,2.4,3.2,19.0
102,Dejounte Murray,1627749,6.0,6.0,11.0,7.0,4.0,0.0,0.0,3.0,2.0,8.0,0.0,12.0,7.0,10.0,8.0,0.0,20.0,28.0,21.0,105.0,PG,0.378,0.494,1.2,4.6,4.1,1.7,0.3,1.9,2.2,10.7
103,Delon Wright,1626153,6.0,8.0,14.0,13.0,4.0,0.0,0.0,1.0,0.0,4.0,0.0,2.0,1.0,0.0,0.0,0.0,0.0,3.0,22.0,104.0,SG,0.385,0.508,1.0,3.0,3.4,1.2,0.3,1.0,1.3,7.3
104,Dennis Smith Jr,1628372,1.0,2.0,6.0,2.0,5.0,0.0,0.0,1.0,0.0,7.0,0.0,0.0,0.0,0.0,2.0,0.0,2.0,5.0,5.0,38.0,PG,0.29600000000000004,0.35700000000000004,0.6,1.7,2.9,0.8,0.2,1.7,1.9,5.5
105,Denzel Valentine,1627756,4.0,5.0,15.0,9.0,9.0,4.0,0.0,0.0,0.0,9.0,0.0,0.0,3.0,3.0,1.0,0.0,5.0,17.0,13.0,6.0,SF,0.336,0.51,0.3,1.8,1.2,0.7,0.2,0.7,1.4,6.8
106,Deonte Burton,1629126,1.0,1.0,3.0,2.0,2.0,1.0,0.0,0.0,0.0,3.0,0.0,0.0,0.0,0.0,0.0,0.0,0.0,0.0,1.0,26.0,SG,0.217,0.4920000000000001,0.2,1.2,0.3,0.1,0.3,0.4,0.8,2.8
107,Derrick Favors,202324,1.0,0.0,0.0,0.0,0.0,0.0,0.0,0.0,0.0,0.0,0.0,2.0,1.0,0.0,1.0,0.0,4.0,7.0,10.0,163.0,C,0.14300000000000002,0.631,3.3,6.6,1.7,0.6,1.0,1.1,2.2,9.2
108,Derrick Jones Jr,1627884,11.0,5.0,6.0,7.0,4.0,0.0,0.0,0.0,1.0,5.0,0.0,0.0,0.0,1.0,0.0,0.0,0.0,0.0,7.0,123.0,SF,0.27,0.67,1.1,3.1,1.1,1.1,0.7,0.5,2.2,8.9
109,Derrick Rose,201565,3.0,6.0,20.0,9.0,7.0,0.0,0.0,1.0,0.0,14.0,0.0,11.0,14.0,2.0,8.0,2.0,16.0,26.0,62.0,174.0,PG,0.306,0.535,0.5,1.9,5.6,0.8,0.3,2.5,1.0,18.1
110,Derrick White,1628401,5.0,6.0,12.0,16.0,18.0,0.0,0.0,0.0,1.0,5.0,0.0,1.0,3.0,3.0,2.0,1.0,7.0,19.0,33.0,85.0,SG,0.35600000000000004,0.513,0.5,2.7,3.4,0.6,0.9,1.2,2.2,10.4
111,Devin Booker,1626164,10.0,4.0,54.0,30.0,26.0,2.0,0.0,4.0,3.0,31.0,0.0,25.0,27.0,10.0,17.0,1.0,21.0,59.0,38.0,200.0,SG,0.36,0.544,0.4,3.7,6.6,0.7,0.3,3.9,3.0,26.1
112,Devon Hall,1628985,0.0,0.0,0.0,0.0,0.0,0.0,0.0,0.0,0.0,0.0,0.0,0.0,0.0,0.0,0.0,0.0,0.0,0.0,0.0,1.0,SG,0.0,0.333,0.0,0.2,0.6,0.0,0.0,0.2,0.2,1.0
113,Devonte Graham,1628984,7.0,10.0,63.0,73.0,50.0,13.0,1.0,2.0,2.0,25.0,0.0,4.0,3.0,2.0,4.0,1.0,11.0,19.0,22.0,75.0,PG,0.373,0.397,0.7,2.7,7.5,1.0,0.2,2.9,1.8,18.2
114,Dewan Hernandez,1629608,0.0,0.0,0.0,0.0,0.0,0.0,0.0,0.0,0.0,0.0,0.0,0.0,0.0,0.0,0.0,0.0,0.0,0.0,0.0,1.0,C,0.0,0.25,0.5,1.3,0.0,0.3,0.0,0.3,1.5,1.0
115,Dewayne Dedmon,203473,1.0,2.0,2.0,7.0,10.0,0.0,0.0,1.0,2.0,1.0,0.0,0.0,2.0,0.0,1.0,0.0,2.0,2.0,9.0,61.0,C,0.206,0.541,1.4,4.3,0.5,0.6,0.9,1.3,3.0,5.8
116,Dillon Brooks,1628415,5.0,8.0,45.0,51.0,23.0,0.0,0.0,1.0,0.0,30.0,0.0,7.0,7.0,7.0,16.0,1.0,14.0,44.0,35.0,93.0,SG,0.369,0.423,0.9,2.3,2.0,0.9,0.4,1.7,3.8,15.7
117,Dion Waiters,203079,1.0,0.0,1.0,4.0,2.0,0.0,0.0,1.0,0.0,0.0,0.0,0.0,0.0,0.0,0.0,0.0,0.0,0.0,0.0,1.0,SG,0.471,0.222,0.0,3.7,1.0,0.0,0.7,1.0,1.7,9.3
118,Domantas Sabonis,1627734,1.0,0.0,9.0,3.0,4.0,0.0,0.0,2.0,0.0,9.0,2.0,2.0,3.0,5.0,2.0,2.0,35.0,15.0,51.0,315.0,C,0.254,0.565,3.0,9.4,5.0,0.8,0.5,2.7,3.1,18.5
119,Donovan Mitchell,1628378,8.0,17.0,42.0,51.0,36.0,2.0,0.0,1.0,5.0,20.0,2.0,9.0,8.0,22.0,13.0,1.0,22.0,60.0,84.0,162.0,SG,0.364,0.501,0.7,3.7,4.2,1.0,0.2,2.7,2.4,24.2
120,Donta Hall,1629743,0.0,0.0,0.0,0.0,0.0,0.0,0.0,0.0,0.0,0.0,0.0,0.0,0.0,0.0,0.0,0.0,0.0,0.0,0.0,1.0,PF,0.0,0.25,1.5,2.3,0.5,0.3,0.3,0.5,2.3,1.5
121,Donte DiVincenzo,1628978,4.0,6.0,23.0,27.0,15.0,0.0,0.0,1.0,0.0,15.0,0.0,2.0,1.0,1.0,3.0,0.0,3.0,6.0,5.0,109.0,SG,0.344,0.5760000000000001,1.0,3.9,2.3,1.4,0.3,1.2,1.6,9.4
122,Dorian FinneySmith,1627827,31.0,28.0,11.0,24.0,5.0,0.0,0.0,0.0,1.0,6.0,0.0,1.0,0.0,0.0,0.0,0.0,2.0,1.0,7.0,103.0,PF,0.374,0.599,2.0,3.5,1.5,0.7,0.6,1.0,2.4,9.3
123,Doug McDermott,203926,24.0,5.0,34.0,11.0,43.0,2.0,0.0,0.0,0.0,19.0,0.0,1.0,1.0,1.0,1.0,1.0,7.0,2.0,11.0,94.0,PF,0.445,0.544,0.4,2.1,1.1,0.1,0.1,0.6,1.7,10.4
124,Dragan Bender,1627733,2.0,3.0,3.0,4.0,3.0,0.0,0.0,0.0,0.0,2.0,0.0,0.0,0.0,0.0,0.0,0.0,0.0,1.0,6.0,19.0,SF,0.349,0.531,1.0,3.6,1.8,0.3,0.6,1.3,2.6,6.7
125,Draymond Green,203110,1.0,3.0,8.0,11.0,13.0,0.0,0.0,0.0,1.0,2.0,0.0,0.0,1.0,1.0,2.0,0.0,5.0,10.0,11.0,55.0,PF,0.279,0.465,0.5,5.7,6.2,1.4,0.8,2.3,2.6,8.0
126,Drew Eubanks,1629234,0.0,1.0,0.0,0.0,0.0,0.0,0.0,0.0,0.0,0.0,0.0,2.0,0.0,0.0,0.0,0.0,1.0,0.0,6.0,11.0,PF,1.0,0.741,0.6,1.9,0.4,0.1,0.4,0.7,1.5,3.6
127,Duncan Robinson,1629130,36.0,34.0,76.0,57.0,32.0,8.0,0.0,0.0,1.0,39.0,0.0,0.0,2.0,0.0,0.0,0.0,1.0,0.0,3.0,36.0,SF,0.448,0.614,0.1,3.1,1.4,0.5,0.2,0.9,2.8,13.3
128,Dusty Hannahs,1628605,0.0,0.0,0.0,0.0,0.0,2.0,0.0,0.0,0.0,0.0,0.0,0.0,0.0,0.0,0.0,0.0,0.0,0.0,1.0,1.0,SG,0.667,0.333,0.0,0.5,0.0,0.0,0.0,0.0,0.5,6.0
129,Dwayne Bacon,1628407,2.0,1.0,9.0,5.0,2.0,0.0,0.0,0.0,1.0,7.0,0.0,1.0,0.0,1.0,1.0,0.0,2.0,7.0,13.0,40.0,SG,0.284,0.373,0.4,2.2,1.3,0.6,0.1,0.9,1.3,5.7
130,Dwight Howard,2730,1.0,0.0,1.0,0.0,1.0,0.0,0.0,0.0,0.0,0.0,0.0,1.0,0.0,0.0,0.0,0.0,0.0,0.0,10.0,173.0,C,0.6,0.7340000000000001,2.5,4.9,0.7,0.4,1.2,1.2,3.2,7.5
131,Dwight Powell,203939,1.0,3.0,3.0,2.0,1.0,0.0,0.0,0.0,0.0,1.0,0.0,0.0,0.0,0.0,0.0,0.0,0.0,0.0,6.0,130.0,C,0.256,0.716,1.9,3.8,1.5,0.9,0.6,0.9,2.6,9.4
132,ETwaun Moore,202734,10.0,10.0,25.0,12.0,3.0,0.0,0.0,1.0,1.0,14.0,0.0,4.0,2.0,0.0,2.0,0.0,3.0,9.0,41.0,46.0,SG,0.375,0.456,0.6,1.8,1.4,0.5,0.2,0.7,1.5,8.6
133,Ed Davis,202334,0.0,0.0,0.0,0.0,0.0,0.0,0.0,0.0,0.0,0.0,0.0,0.0,0.0,0.0,0.0,0.0,1.0,0.0,1.0,12.0,C,0.0,0.412,1.2,2.6,0.3,0.4,0.4,0.5,2.2,1.3
134,Edmond Sumner,1628410,3.0,3.0,2.0,2.0,0.0,0.0,0.0,0.0,0.0,2.0,0.0,0.0,0.0,0.0,0.0,0.0,1.0,0.0,3.0,33.0,PG,0.263,0.507,0.4,1.1,1.6,0.6,0.3,0.8,1.4,4.6
135,Elfrid Payton,203901,0.0,3.0,4.0,4.0,3.0,0.0,0.0,1.0,1.0,4.0,0.0,1.0,2.0,2.0,1.0,0.0,6.0,16.0,33.0,113.0,PG,0.203,0.482,1.2,3.6,7.2,1.6,0.4,2.1,2.0,10.0
136,Elie Okobo,1629059,5.0,1.0,5.0,8.0,5.0,1.0,0.0,0.0,0.0,3.0,0.0,2.0,1.0,2.0,0.0,0.0,0.0,3.0,3.0,36.0,PG,0.35200000000000004,0.4270000000000001,0.3,1.3,2.1,0.4,0.1,0.7,1.0,4.0
137,Emmanuel Mudiay,1626144,4.0,3.0,12.0,5.0,3.0,0.0,0.0,0.0,1.0,8.0,0.0,2.0,3.0,4.0,2.0,0.0,5.0,29.0,13.0,50.0,PG,0.355,0.512,0.4,2.0,2.2,0.4,0.2,1.4,1.3,7.3
138,Enes Kanter,202683,0.0,0.0,0.0,0.0,1.0,0.0,0.0,0.0,0.0,1.0,0.0,1.0,1.0,0.0,1.0,0.0,2.0,0.0,22.0,146.0,C,0.14300000000000002,0.5760000000000001,2.8,5.0,1.0,0.4,0.7,1.0,1.7,8.2
139,Eric Bledsoe,202339,2.0,5.0,16.0,36.0,11.0,0.0,0.0,0.0,1.0,7.0,1.0,2.0,4.0,4.0,3.0,2.0,5.0,21.0,27.0,176.0,PG,0.348,0.54,0.7,3.9,5.4,0.9,0.4,2.5,2.1,15.4
140,Eric Gordon,201569,5.0,0.0,31.0,39.0,15.0,2.0,0.0,0.0,0.0,14.0,0.0,0.0,1.0,0.0,0.0,0.0,0.0,2.0,8.0,59.0,SG,0.319,0.467,0.2,1.7,1.5,0.6,0.4,1.1,2.0,14.5
141,Eric Mika,1628450,0.0,0.0,0.0,0.0,0.0,0.0,0.0,0.0,0.0,0.0,0.0,0.0,0.0,0.0,0.0,0.0,0.0,1.0,0.0,1.0,PF,0.0,0.667,2.0,5.0,0.0,0.0,0.0,0.0,5.0,6.0
142,Eric Paschall,1629672,5.0,5.0,14.0,10.0,2.0,1.0,0.0,2.0,7.0,17.0,1.0,1.0,6.0,14.0,4.0,0.0,5.0,18.0,41.0,168.0,PF,0.287,0.55,1.4,3.2,2.1,0.5,0.2,1.6,2.1,14.0
143,Evan Fournier,203095,28.0,5.0,48.0,33.0,51.0,1.0,0.0,5.0,3.0,27.0,1.0,7.0,4.0,4.0,8.0,4.0,15.0,30.0,32.0,121.0,SG,0.406,0.525,0.3,2.3,3.2,1.1,0.2,2.0,2.4,18.8
144,Evan Turner,202323,0.0,0.0,0.0,0.0,0.0,0.0,0.0,0.0,0.0,0.0,0.0,1.0,3.0,1.0,1.0,0.0,2.0,3.0,3.0,11.0,PG,0.0,0.403,0.4,1.6,2.0,0.5,0.4,1.4,1.1,3.3
145,Frank Jackson,1628402,9.0,9.0,7.0,8.0,6.0,0.0,0.0,1.0,0.0,6.0,0.0,5.0,2.0,0.0,0.0,0.0,4.0,6.0,11.0,30.0,PG,0.325,0.438,0.4,1.0,0.8,0.3,0.1,0.8,1.3,5.6
146,Frank Kaminsky,1626163,1.0,2.0,11.0,7.0,18.0,0.0,0.0,2.0,1.0,3.0,0.0,2.0,1.0,0.0,0.0,0.0,1.0,5.0,22.0,54.0,C,0.348,0.527,0.9,4.0,2.2,0.4,0.3,1.0,2.2,11.0
147,Frank Ntilikina,1628373,7.0,7.0,15.0,7.0,7.0,1.0,0.0,2.0,0.0,10.0,3.0,0.0,3.0,2.0,4.0,3.0,13.0,7.0,7.0,38.0,PG,0.321,0.444,0.4,1.7,3.0,0.9,0.3,1.2,2.5,6.3
148,Fred VanVleet,1627832,14.0,11.0,38.0,31.0,32.0,5.0,0.0,2.0,0.0,25.0,1.0,1.0,1.0,1.0,0.0,0.0,6.0,7.0,7.0,125.0,PG,0.388,0.43,0.4,3.4,6.6,1.9,0.3,2.3,2.5,17.6
149,Furkan Korkmaz,1627788,16.0,20.0,35.0,43.0,12.0,0.0,0.0,2.0,1.0,24.0,0.0,1.0,3.0,2.0,1.0,0.0,9.0,9.0,18.0,47.0,SG,0.397,0.487,0.3,2.1,1.1,0.6,0.2,0.8,1.4,9.7
150,Gabe Vincent,1629216,0.0,0.0,2.0,0.0,2.0,0.0,0.0,0.0,0.0,2.0,0.0,0.0,0.0,0.0,0.0,0.0,0.0,0.0,0.0,0.0,PG,0.25,0.0,0.0,0.5,0.5,0.2,0.0,0.0,0.3,2.0
151,Garrett Temple,202066,25.0,15.0,32.0,29.0,10.0,1.0,0.0,0.0,1.0,19.0,1.0,2.0,1.0,1.0,1.0,1.0,4.0,7.0,6.0,59.0,SG,0.324,0.483,0.5,2.9,2.6,0.8,0.5,1.0,1.7,10.3
152,Garrison Mathews,1629726,3.0,2.0,7.0,5.0,1.0,1.0,0.0,1.0,0.0,4.0,0.0,0.0,0.0,0.0,0.0,0.0,1.0,0.0,1.0,1.0,SG,0.413,0.5,0.3,1.0,0.6,0.4,0.1,0.4,1.8,5.4
153,Gary Clark,1629109,7.0,5.0,7.0,4.0,5.0,0.0,0.0,0.0,0.0,4.0,0.0,0.0,0.0,0.0,0.0,0.0,0.0,0.0,0.0,10.0,PF,0.326,0.667,0.8,1.7,0.4,0.1,0.4,0.1,0.9,3.2
154,Gary Harris,203914,22.0,10.0,17.0,13.0,8.0,0.0,0.0,1.0,2.0,13.0,1.0,3.0,0.0,3.0,0.0,1.0,6.0,14.0,8.0,103.0,SG,0.333,0.479,0.5,2.4,2.1,1.4,0.3,1.1,2.1,10.4
155,Gary Payton II,1627780,5.0,1.0,4.0,2.0,1.0,0.0,0.0,0.0,0.0,3.0,0.0,0.0,0.0,1.0,0.0,0.0,0.0,1.0,0.0,33.0,PG,0.28300000000000003,0.5,0.9,1.9,1.7,1.1,0.2,0.7,1.9,3.9
156,Gary Trent Jr,1629018,12.0,9.0,24.0,22.0,11.0,0.0,0.0,0.0,0.0,15.0,2.0,5.0,1.0,2.0,3.0,1.0,10.0,10.0,6.0,28.0,SG,0.388,0.477,0.4,1.3,0.9,0.7,0.2,0.4,1.3,7.7
157,George Hill,201588,12.0,8.0,16.0,30.0,6.0,1.0,0.0,1.0,0.0,8.0,0.0,1.0,0.0,1.0,1.0,1.0,5.0,7.0,5.0,81.0,PG,0.48,0.5710000000000001,0.9,2.1,2.9,0.8,0.1,0.9,1.4,9.6
158,Georges Niang,1627777,20.0,18.0,11.0,18.0,10.0,0.0,0.0,0.0,0.0,5.0,0.0,2.0,0.0,0.0,0.0,0.0,1.0,3.0,10.0,27.0,PF,0.416,0.5379999999999999,0.2,1.7,0.6,0.2,0.1,0.4,1.1,5.8
159,Giannis Antetokounmpo,203507,5.0,0.0,17.0,9.0,47.0,5.0,0.0,3.0,0.0,7.0,1.0,12.0,2.0,2.0,0.0,1.0,16.0,30.0,39.0,434.0,PF,0.306,0.622,2.3,11.5,5.8,1.0,1.0,3.7,3.0,29.6
160,Glenn Robinson III,203922,12.0,19.0,19.0,19.0,5.0,0.0,0.0,5.0,5.0,15.0,2.0,6.0,9.0,8.0,6.0,0.0,14.0,17.0,29.0,98.0,SF,0.387,0.535,1.3,3.0,1.6,0.9,0.3,0.9,1.6,11.8
161,Goga Bitadze,1629048,2.0,0.0,1.0,0.0,2.0,1.0,0.0,0.0,1.0,2.0,0.0,1.0,3.0,1.0,1.0,0.0,7.0,3.0,10.0,26.0,C,0.16699999999999998,0.591,0.4,1.5,0.4,0.1,0.7,0.5,1.2,3.1
162,Goran Dragic,201609,17.0,8.0,27.0,39.0,26.0,1.0,0.0,1.0,4.0,12.0,2.0,0.0,4.0,5.0,2.0,1.0,12.0,22.0,22.0,93.0,PG,0.377,0.491,0.5,2.6,5.1,0.6,0.1,2.5,1.9,16.1
163,Gordon Hayward,202330,8.0,9.0,21.0,18.0,18.0,0.0,0.0,0.0,1.0,17.0,2.0,11.0,10.0,5.0,6.0,1.0,16.0,31.0,29.0,111.0,SF,0.392,0.5529999999999999,1.0,5.5,4.1,0.8,0.4,1.8,1.8,17.3
164,Gorgui Dieng,203476,8.0,8.0,18.0,4.0,12.0,1.0,0.0,4.0,1.0,13.0,0.0,6.0,0.0,0.0,1.0,1.0,4.0,6.0,11.0,68.0,C,0.359,0.532,1.5,4.3,1.2,0.8,1.0,0.9,1.9,7.4
165,Grant Williams,1629684,9.0,2.0,4.0,3.0,3.0,0.0,0.0,0.0,0.0,4.0,0.0,1.0,2.0,0.0,0.0,0.0,1.0,1.0,12.0,42.0,PF,0.247,0.551,0.9,1.7,1.0,0.5,0.5,0.7,2.4,3.5
166,Grayson Allen,1628960,12.0,0.0,11.0,7.0,3.0,0.0,0.0,0.0,0.0,6.0,0.0,0.0,1.0,0.0,0.0,0.0,0.0,7.0,11.0,27.0,SG,0.363,0.541,0.2,2.0,1.4,0.2,0.0,0.8,1.2,7.4
167,Hamidou Diallo,1628977,5.0,2.0,0.0,0.0,0.0,0.0,0.0,0.0,1.0,0.0,0.0,2.0,1.0,0.0,0.0,1.0,3.0,3.0,8.0,73.0,SF,0.2,0.5,0.8,2.4,0.6,0.7,0.2,1.0,2.2,6.1
168,Harrison Barnes,203084,19.0,14.0,25.0,15.0,19.0,0.0,1.0,0.0,0.0,16.0,0.0,4.0,4.0,1.0,2.0,0.0,3.0,6.0,52.0,159.0,PF,0.383,0.498,1.0,3.8,2.4,0.6,0.2,1.3,1.3,14.7
169,Hassan Whiteside,202355,0.0,0.0,0.0,0.0,4.0,0.0,0.0,0.0,2.0,0.0,0.0,8.0,6.0,0.0,5.0,1.0,9.0,17.0,67.0,297.0,C,0.5710000000000001,0.619,4.0,10.2,1.2,0.4,3.1,1.9,2.9,16.3
170,Henry Ellenson,1627740,0.0,0.0,0.0,0.0,0.0,0.0,0.0,0.0,0.0,0.0,0.0,0.0,0.0,0.0,0.0,0.0,0.0,0.0,0.0,1.0,PF,0.0,0.333,0.4,0.8,0.2,0.0,0.0,0.0,0.2,0.4
171,Ian Mahinmi,101133,1.0,0.0,4.0,0.0,0.0,0.0,0.0,0.0,0.0,1.0,1.0,0.0,0.0,0.0,0.0,1.0,0.0,3.0,19.0,75.0,C,0.192,0.5379999999999999,2.1,3.7,1.3,0.8,1.2,1.2,3.0,7.4
172,Ignas Brazdeikis,1629649,0.0,0.0,1.0,0.0,0.0,0.0,0.0,0.0,0.0,0.0,0.0,0.0,0.0,0.0,0.0,0.0,0.0,0.0,0.0,5.0,SF,0.111,0.385,0.2,0.3,0.4,0.0,0.1,0.2,0.3,1.9
173,Iman Shumpert,202697,0.0,3.0,4.0,1.0,0.0,0.0,0.0,0.0,0.0,2.0,0.0,0.0,0.0,0.0,1.0,1.0,2.0,2.0,0.0,7.0,SG,0.242,0.419,0.7,1.9,0.9,0.9,0.2,0.8,1.6,4.2
174,Isaac Bonga,1629067,7.0,4.0,5.0,6.0,0.0,0.0,0.0,0.0,1.0,4.0,0.0,0.0,1.0,0.0,0.0,0.0,0.0,0.0,12.0,60.0,SF,0.4,0.574,1.1,2.1,1.1,0.6,0.4,0.7,2.3,4.6
175,Isaiah Hartenstein,1628392,0.0,0.0,0.0,0.0,0.0,0.0,0.0,0.0,0.0,0.0,0.0,0.0,1.0,0.0,0.0,0.0,0.0,0.0,4.0,39.0,C,0.0,0.71,1.3,2.7,0.8,0.4,0.5,0.7,1.8,4.7
176,Isaiah Thomas,202738,3.0,5.0,19.0,36.0,14.0,1.0,0.0,2.0,5.0,10.0,1.0,4.0,3.0,3.0,12.0,0.0,11.0,19.0,15.0,20.0,PG,0.413,0.405,0.3,1.4,3.7,0.3,0.2,1.9,1.9,12.2
177,Ish Smith,202397,5.0,11.0,11.0,20.0,8.0,0.0,0.0,1.0,3.0,12.0,1.0,3.0,9.0,6.0,11.0,0.0,16.0,27.0,23.0,99.0,PG,0.3670000000000001,0.48,0.5,2.7,4.8,0.9,0.4,1.3,1.4,10.5
178,Ivica Zubac,1627826,0.0,0.0,0.0,0.0,0.0,0.0,0.0,0.0,0.0,0.0,1.0,0.0,6.0,1.0,0.0,1.0,5.0,5.0,24.0,159.0,C,0.0,0.605,2.6,4.6,1.1,0.2,0.9,0.8,2.3,8.0
179,JJ Barea,200826,3.0,1.0,10.0,10.0,3.0,2.0,0.0,0.0,0.0,7.0,0.0,1.0,0.0,0.0,1.0,0.0,3.0,3.0,7.0,28.0,PG,0.382,0.4370000000000001,0.4,1.5,3.8,0.2,0.1,1.3,1.0,7.5
180,JJ Redick,200755,7.0,23.0,43.0,52.0,30.0,1.0,0.0,4.0,6.0,33.0,6.0,3.0,3.0,1.0,5.0,4.0,12.0,6.0,3.0,26.0,SG,0.452,0.446,0.2,2.4,2.0,0.4,0.2,1.2,1.6,14.9
181,Ja Morant,1629630,3.0,4.0,10.0,16.0,18.0,0.0,0.0,0.0,0.0,6.0,0.0,6.0,3.0,1.0,2.0,1.0,7.0,46.0,53.0,218.0,PG,0.3670000000000001,0.517,0.7,2.8,6.9,0.9,0.3,3.2,1.5,17.6
182,JaKarr Sampson,203960,0.0,1.0,1.0,0.0,0.0,0.0,0.0,1.0,0.0,1.0,0.0,2.0,0.0,0.0,0.0,0.0,1.0,1.0,4.0,37.0,SF,0.154,0.6759999999999999,0.6,1.7,0.3,0.3,0.3,0.3,1.7,4.2
183,JaMychal Green,203210,12.0,7.0,22.0,18.0,15.0,0.0,0.0,0.0,0.0,11.0,0.0,0.0,1.0,0.0,0.0,0.0,2.0,1.0,6.0,41.0,PF,0.363,0.52,1.4,5.0,0.8,0.5,0.4,0.8,2.7,6.5
184,JaVale McGee,201580,0.0,0.0,0.0,0.0,2.0,1.0,0.0,0.0,0.0,0.0,0.0,1.0,1.0,0.0,0.0,0.0,1.0,5.0,15.0,155.0,C,0.5,0.643,1.8,4.0,0.6,0.5,1.5,0.8,2.4,6.8
185,Jabari Parker,203953,7.0,6.0,5.0,6.0,7.0,0.0,0.0,0.0,0.0,2.0,0.0,2.0,1.0,1.0,1.0,0.0,1.0,6.0,22.0,132.0,PF,0.267,0.594,1.6,4.3,1.8,1.3,0.5,1.8,2.8,14.7
186,Jacob Evans,1628980,1.0,2.0,6.0,4.0,0.0,0.0,0.0,0.0,1.0,5.0,0.0,1.0,0.0,3.0,2.0,0.0,4.0,8.0,2.0,7.0,SG,0.333,0.337,0.3,1.1,1.1,0.4,0.4,0.9,1.4,4.4
187,Jae Crowder,203109,14.0,13.0,31.0,26.0,29.0,0.0,0.0,2.0,2.0,12.0,1.0,0.0,1.0,0.0,2.0,0.0,3.0,2.0,3.0,67.0,SF,0.318,0.532,0.8,5.3,2.6,1.2,0.4,1.1,2.2,10.4
188,Jahlil Okafor,1626143,0.0,0.0,1.0,0.0,0.0,0.0,0.0,0.0,0.0,1.0,0.0,1.0,0.0,0.0,0.0,0.0,0.0,4.0,15.0,67.0,C,0.5,0.613,1.6,2.6,1.3,0.3,0.7,1.3,2.3,7.6
189,Jake Layman,1627774,2.0,3.0,6.0,8.0,5.0,0.0,0.0,1.0,1.0,5.0,0.0,2.0,1.0,1.0,0.0,0.0,1.0,3.0,4.0,41.0,PF,0.333,0.5329999999999999,0.7,1.7,0.7,0.7,0.4,1.0,2.0,9.1
190,Jakob Poeltl,1627751,0.0,0.0,0.0,0.0,0.0,0.0,0.0,0.0,0.0,0.0,0.0,1.0,2.0,0.0,0.0,0.0,0.0,11.0,18.0,103.0,C,0.0,0.619,1.8,3.6,1.8,0.5,1.4,0.8,1.7,5.3
191,Jalen Brunson,1628973,4.0,6.0,11.0,15.0,7.0,0.0,0.0,0.0,0.0,9.0,0.0,2.0,4.0,6.0,7.0,2.0,8.0,18.0,32.0,56.0,PG,0.358,0.515,0.4,2.0,3.3,0.4,0.1,1.2,1.3,8.2
192,Jalen Lecque,1629665,0.0,0.0,0.0,0.0,0.0,0.0,0.0,0.0,0.0,0.0,0.0,1.0,0.0,0.0,0.0,0.0,0.0,0.0,0.0,3.0,PG,0.0,0.667,0.0,0.0,0.5,0.0,0.0,0.3,0.5,2.5
193,Jalen McDaniels,1629667,2.0,4.0,2.0,1.0,0.0,0.0,0.0,0.0,0.0,2.0,0.0,0.0,1.0,0.0,0.0,0.0,0.0,2.0,5.0,16.0,PF,0.375,0.522,0.9,3.1,0.8,0.5,0.2,0.7,2.3,5.6
194,Jamal Murray,1627750,7.0,6.0,46.0,21.0,22.0,2.0,0.0,3.0,0.0,31.0,1.0,13.0,7.0,8.0,10.0,2.0,34.0,34.0,34.0,116.0,PG,0.345,0.517,0.8,3.2,4.8,1.2,0.3,2.3,1.8,18.8
195,James Harden,201935,7.0,6.0,66.0,101.0,78.0,13.0,0.0,0.0,0.0,27.0,0.0,1.0,0.0,2.0,4.0,0.0,1.0,12.0,70.0,242.0,SG,0.35200000000000004,0.5379999999999999,1.0,5.3,7.4,1.7,0.9,4.5,3.4,34.4
196,James Johnson,201949,4.0,1.0,7.0,10.0,11.0,0.0,0.0,0.0,0.0,3.0,0.0,1.0,1.0,0.0,0.0,0.0,1.0,0.0,5.0,62.0,PF,0.363,0.565,0.8,2.9,2.3,0.8,1.0,1.5,2.5,8.4
197,Jared Dudley,201162,2.0,4.0,2.0,4.0,4.0,0.0,0.0,1.0,0.0,0.0,0.0,0.0,0.0,0.0,0.0,0.0,0.0,0.0,1.0,2.0,SF,0.471,0.25,0.1,1.0,0.5,0.3,0.1,0.2,0.9,1.5
198,Jared Harper,1629607,0.0,0.0,0.0,0.0,0.0,0.0,0.0,0.0,0.0,0.0,0.0,0.0,0.0,0.0,0.0,0.0,0.0,0.0,1.0,0.0,PG,0.0,0.5,0.0,0.0,0.0,0.0,0.0,0.0,0.0,0.7
199,Jaren Jackson Jr,1628991,11.0,18.0,43.0,25.0,36.0,2.0,0.0,0.0,0.0,14.0,0.0,0.0,2.0,0.0,1.0,1.0,2.0,7.0,51.0,129.0,C,0.397,0.535,1.0,3.7,1.4,0.7,1.6,1.7,4.1,16.9
200,Jarred Vanderbilt,1629020,0.0,0.0,0.0,0.0,0.0,0.0,0.0,0.0,0.0,0.0,0.0,0.0,0.0,0.0,0.0,0.0,0.0,0.0,0.0,5.0,PF,0.0,0.7140000000000001,0.3,0.5,0.2,0.3,0.1,0.6,0.5,1.1
201,Jarrett Allen,1628386,0.0,0.0,0.0,0.0,0.0,0.0,0.0,0.0,0.0,0.0,0.0,0.0,1.0,0.0,0.0,0.0,0.0,1.0,16.0,249.0,C,0.0,0.654,3.0,6.4,1.3,0.6,1.3,1.1,2.3,10.6
202,Jarrett Culver,1629633,4.0,6.0,18.0,22.0,15.0,1.0,0.0,1.0,0.0,9.0,0.0,1.0,4.0,0.0,2.0,0.0,1.0,1.0,16.0,138.0,SG,0.299,0.471,1.1,2.3,1.7,0.9,0.6,1.3,2.0,9.2
203,Jarrod Uthoff,1627784,0.0,0.0,0.0,0.0,0.0,0.0,0.0,0.0,0.0,0.0,0.0,0.0,0.0,0.0,0.0,0.0,0.0,1.0,0.0,0.0,SF,0.0,0.333,0.3,0.0,0.0,0.3,0.0,0.0,0.3,1.0
204,Javonte Green,1629750,1.0,2.0,0.0,3.0,0.0,0.0,0.0,0.0,0.0,0.0,0.0,0.0,1.0,0.0,0.0,0.0,1.0,1.0,6.0,34.0,SF,0.261,0.573,0.4,1.4,0.5,0.5,0.2,0.4,0.8,2.9
205,Jaxson Hayes,1629637,1.0,0.0,0.0,0.0,0.0,0.0,0.0,0.0,0.0,0.0,0.0,1.0,0.0,0.0,0.0,0.0,0.0,1.0,3.0,149.0,C,0.25,0.667,1.5,2.5,0.9,0.4,0.9,0.7,2.5,7.5
206,Jaylen Brown,1627759,21.0,16.0,34.0,20.0,14.0,1.0,0.0,2.0,3.0,20.0,0.0,4.0,5.0,4.0,5.0,1.0,7.0,26.0,48.0,163.0,SF,0.381,0.552,1.1,5.3,2.2,1.1,0.3,2.3,3.0,20.4
207,Jaylen Hoard,1629658,0.0,0.0,0.0,0.0,0.0,0.0,0.0,0.0,0.0,0.0,0.0,0.0,0.0,0.0,0.0,0.0,0.0,0.0,0.0,15.0,SF,0.0,0.517,1.1,1.4,0.3,0.4,0.0,0.3,0.9,2.9
208,Jaylen Nowell,1629669,1.0,0.0,0.0,2.0,0.0,0.0,0.0,0.0,0.0,0.0,0.0,1.0,1.0,0.0,1.0,0.0,0.0,0.0,4.0,9.0,SG,0.115,0.593,0.2,0.7,1.3,0.2,0.1,0.2,0.7,3.8
209,Jayson Tatum,1628369,23.0,7.0,57.0,49.0,30.0,1.0,0.0,6.0,2.0,30.0,2.0,10.0,10.0,6.0,6.0,0.0,13.0,31.0,42.0,197.0,PF,0.398,0.479,1.0,6.1,2.9,1.4,0.9,2.2,2.1,23.6
210,Jeff Green,201145,11.0,10.0,6.0,15.0,5.0,1.0,0.0,0.0,0.0,2.0,1.0,1.0,2.0,0.0,0.0,0.0,0.0,1.0,12.0,51.0,PF,0.348,0.5529999999999999,0.6,2.3,0.8,0.5,0.4,0.9,1.6,8.4
211,Jeff Teague,201952,1.0,4.0,17.0,6.0,15.0,0.0,0.0,0.0,0.0,12.0,0.0,2.0,4.0,1.0,1.0,0.0,2.0,16.0,47.0,94.0,PG,0.368,0.457,0.5,1.9,5.2,0.7,0.3,2.0,1.8,10.9
212,Jerami Grant,203924,5.0,19.0,23.0,25.0,15.0,0.0,0.0,2.0,3.0,12.0,1.0,2.0,6.0,1.0,2.0,1.0,7.0,1.0,19.0,131.0,PF,0.4,0.518,0.8,2.7,1.2,0.7,0.8,0.9,2.2,11.6
213,Jeremiah Martin,1629725,0.0,0.0,0.0,0.0,0.0,0.0,0.0,0.0,0.0,0.0,0.0,0.0,0.0,0.0,0.0,0.0,0.0,0.0,0.0,1.0,PG,0.0,0.25,0.0,0.7,0.7,0.3,0.3,0.0,0.0,0.7
214,Jeremy Lamb,203087,4.0,6.0,21.0,16.0,6.0,0.0,0.0,2.0,1.0,14.0,1.0,15.0,8.0,10.0,3.0,0.0,10.0,18.0,20.0,64.0,SG,0.335,0.508,0.5,3.8,2.1,1.2,0.5,1.1,2.3,12.5
215,Jeremy Pargo,202951,0.0,0.0,2.0,0.0,1.0,0.0,0.0,0.0,0.0,1.0,0.0,0.0,0.0,0.0,0.0,0.0,0.0,1.0,1.0,5.0,PG,0.429,0.5329999999999999,0.3,0.7,2.7,0.3,0.0,1.3,2.7,8.3
216,Jerome Robinson,1629010,5.0,3.0,17.0,4.0,2.0,0.0,0.0,2.0,0.0,14.0,2.0,5.0,4.0,2.0,1.0,0.0,0.0,2.0,3.0,20.0,SG,0.298,0.393,0.2,1.8,1.2,0.4,0.3,0.6,1.5,3.7
217,Jevon Carter,1628975,5.0,9.0,12.0,13.0,6.0,1.0,0.0,0.0,0.0,7.0,0.0,0.0,3.0,2.0,0.0,0.0,5.0,2.0,1.0,18.0,PG,0.393,0.409,0.5,1.5,1.3,0.8,0.3,0.6,1.5,4.6
218,Jimmy Butler,202710,2.0,4.0,7.0,15.0,1.0,0.0,0.0,3.0,6.0,6.0,1.0,7.0,16.0,2.0,4.0,0.0,6.0,17.0,60.0,174.0,SF,0.248,0.494,1.8,4.8,6.1,1.7,0.5,2.2,1.4,20.2
219,Joe Harris,203925,23.0,10.0,43.0,45.0,30.0,1.0,0.0,0.0,2.0,22.0,2.0,0.0,1.0,1.0,0.0,1.0,4.0,9.0,15.0,141.0,SF,0.412,0.536,1.0,3.4,2.1,0.6,0.3,1.5,2.2,13.9
220,Joe Ingles,204060,10.0,13.0,28.0,48.0,22.0,1.0,0.0,1.0,0.0,9.0,1.0,2.0,4.0,0.0,1.0,1.0,0.0,9.0,17.0,60.0,SF,0.397,0.516,0.4,3.6,5.2,0.9,0.1,1.9,2.1,9.8
221,Joel Embiid,203954,2.0,0.0,16.0,8.0,30.0,0.0,0.0,2.0,0.0,18.0,0.0,27.0,11.0,13.0,7.0,0.0,16.0,14.0,38.0,140.0,C,0.348,0.511,2.8,9.0,3.1,0.9,1.3,3.1,3.4,23.4
222,John Collins,1628381,4.0,3.0,9.0,19.0,23.0,1.0,0.0,3.0,1.0,2.0,0.0,1.0,3.0,1.0,1.0,1.0,3.0,9.0,32.0,237.0,PF,0.401,0.642,2.8,7.3,1.5,0.8,1.6,1.8,3.4,21.6
223,John Henson,203089,3.0,1.0,3.0,0.0,1.0,0.0,0.0,0.0,0.0,1.0,0.0,1.0,0.0,0.0,0.0,0.0,0.0,1.0,20.0,65.0,PF,0.222,0.644,1.2,2.9,1.4,0.6,1.1,0.9,2.0,5.5
224,John Konchar,1629723,0.0,0.0,2.0,1.0,1.0,0.0,0.0,0.0,0.0,2.0,0.0,0.0,1.0,0.0,0.0,0.0,0.0,0.0,2.0,16.0,SG,0.444,0.731,1.2,1.9,1.4,0.5,0.2,0.4,0.5,3.4
225,Johnathan Motley,1628405,0.0,0.0,1.0,0.0,0.0,0.0,0.0,0.0,0.0,1.0,0.0,0.0,0.0,0.0,0.0,0.0,0.0,0.0,0.0,10.0,PF,1.0,0.7140000000000001,0.2,0.5,0.6,0.2,0.0,0.4,0.5,2.2
226,Johnathan Williams,1629140,0.0,0.0,0.0,0.0,0.0,0.0,0.0,0.0,0.0,0.0,0.0,0.0,0.0,0.0,0.0,0.0,2.0,1.0,2.0,11.0,C,0.0,0.696,1.4,2.5,0.5,0.1,0.5,0.4,1.0,3.2
227,Jonah Bolden,1628413,0.0,0.0,0.0,0.0,0.0,0.0,0.0,0.0,0.0,0.0,0.0,0.0,0.0,0.0,0.0,0.0,0.0,0.0,0.0,4.0,PF,0.0,0.5710000000000001,0.4,0.9,0.0,0.4,0.3,0.3,1.4,1.4
228,Jonathan Isaac,1628371,8.0,3.0,10.0,7.0,2.0,0.0,0.0,1.0,4.0,5.0,0.0,5.0,3.0,2.0,0.0,0.0,3.0,10.0,6.0,81.0,SF,0.33,0.515,1.8,5.2,1.4,1.6,2.4,1.5,2.5,12.0
229,Jordan Bell,1628395,0.0,4.0,0.0,0.0,0.0,0.0,0.0,0.0,0.0,0.0,0.0,0.0,0.0,0.0,0.0,0.0,0.0,0.0,3.0,28.0,PF,0.333,0.564,1.0,1.8,0.6,0.1,0.3,0.7,0.7,3.2
230,Jordan Bone,1629648,0.0,0.0,2.0,0.0,0.0,0.0,0.0,0.0,0.0,2.0,0.0,1.0,0.0,0.0,0.0,0.0,0.0,0.0,1.0,1.0,PG,0.2,0.3,0.0,0.4,0.8,0.1,0.0,0.2,0.6,1.2
231,Jordan Clarkson,203903,26.0,13.0,34.0,29.0,28.0,0.0,0.0,2.0,1.0,22.0,0.0,3.0,6.0,0.0,1.0,0.0,0.0,20.0,60.0,124.0,SG,0.368,0.55,0.7,1.9,2.0,0.7,0.2,1.3,1.5,15.1
232,Jordan McLaughlin,1629162,2.0,2.0,12.0,11.0,2.0,0.0,0.0,0.0,0.0,8.0,0.0,1.0,0.0,0.0,1.0,0.0,0.0,1.0,5.0,50.0,PG,0.382,0.569,0.2,1.4,4.2,1.1,0.1,1.0,1.0,7.6
233,Jordan McRae,203895,10.0,1.0,8.0,20.0,5.0,1.0,0.0,0.0,0.0,7.0,2.0,7.0,2.0,2.0,6.0,1.0,8.0,9.0,13.0,51.0,SG,0.35700000000000004,0.433,0.5,2.9,2.5,0.6,0.4,1.2,2.0,11.5
234,Jordan Poole,1629673,6.0,6.0,18.0,35.0,8.0,1.0,0.0,1.0,1.0,16.0,0.0,4.0,1.0,5.0,5.0,0.0,9.0,8.0,14.0,39.0,SG,0.279,0.392,0.2,1.9,2.4,0.6,0.2,1.3,1.6,8.8
235,Josh Gray,1627982,0.0,0.0,0.0,0.0,0.0,0.0,0.0,0.0,0.0,0.0,0.0,0.0,0.0,0.0,0.0,0.0,0.0,0.0,0.0,1.0,PG,0.0,0.5,0.5,0.5,1.0,0.0,0.0,2.5,0.5,1.0
236,Josh Hart,1628404,17.0,21.0,37.0,24.0,10.0,1.0,0.0,0.0,1.0,27.0,0.0,0.0,0.0,0.0,0.0,0.0,1.0,4.0,6.0,78.0,SF,0.342,0.5710000000000001,0.9,5.5,1.6,1.0,0.4,1.1,2.5,10.2
237,Josh Jackson,1628367,3.0,5.0,4.0,9.0,2.0,0.0,0.0,1.0,0.0,3.0,0.0,0.0,0.0,1.0,0.0,1.0,0.0,1.0,7.0,34.0,SG,0.319,0.542,0.6,2.6,1.7,1.0,0.5,1.4,2.2,10.4
238,Josh Magette,203705,0.0,0.0,1.0,0.0,0.0,0.0,0.0,0.0,0.0,0.0,0.0,0.0,0.0,0.0,0.0,0.0,0.0,1.0,1.0,2.0,PG,0.25,0.364,0.1,0.6,0.6,0.4,0.1,0.6,0.5,1.5
239,Josh Okogie,1629006,8.0,8.0,11.0,12.0,2.0,0.0,0.0,0.0,0.0,9.0,0.0,0.0,1.0,0.0,0.0,0.0,0.0,3.0,14.0,111.0,SG,0.266,0.529,1.4,2.9,1.6,1.1,0.4,1.4,2.2,8.6
240,Josh Richardson,1626196,8.0,1.0,25.0,19.0,15.0,2.0,0.0,1.0,2.0,19.0,0.0,0.0,2.0,8.0,13.0,0.0,29.0,24.0,22.0,65.0,SG,0.327,0.489,0.8,2.6,3.1,0.9,0.7,1.9,2.5,13.8
241,Jrue Holiday,201950,11.0,9.0,40.0,33.0,19.0,2.0,1.0,2.0,0.0,22.0,0.0,7.0,4.0,0.0,3.0,0.0,1.0,19.0,51.0,216.0,SG,0.35700000000000004,0.502,1.3,3.6,6.9,1.7,0.8,2.9,2.3,19.6
242,Juan ToscanoAnderson,1629308,3.0,0.0,2.0,2.0,1.0,0.0,0.0,0.0,0.0,2.0,0.0,0.0,0.0,0.0,0.0,0.0,0.0,0.0,1.0,20.0,SF,0.348,0.525,0.7,3.3,2.0,1.0,0.4,1.2,2.3,5.3
243,Julius Randle,203944,8.0,7.0,22.0,18.0,8.0,0.0,0.0,0.0,3.0,12.0,0.0,5.0,11.0,8.0,3.0,0.0,18.0,29.0,68.0,248.0,PF,0.277,0.515,2.4,7.4,3.1,0.8,0.3,3.0,2.8,19.5
244,Justin Anderson,1626147,0.0,0.0,0.0,0.0,0.0,0.0,0.0,0.0,0.0,0.0,0.0,0.0,0.0,0.0,0.0,0.0,0.0,0.0,0.0,1.0,SF,0.0,0.333,0.0,0.7,0.0,0.0,0.3,0.0,0.7,1.0
245,Justin Holiday,203200,20.0,29.0,39.0,21.0,11.0,1.0,0.0,2.0,2.0,23.0,0.0,1.0,3.0,0.0,0.0,0.0,6.0,2.0,2.0,49.0,SG,0.424,0.472,0.5,2.7,1.3,1.2,0.6,0.6,1.8,8.4
246,Justin Jackson,1628382,4.0,5.0,12.0,18.0,5.0,0.0,1.0,0.0,0.0,8.0,0.0,2.0,2.0,0.0,1.0,0.0,1.0,10.0,22.0,41.0,PF,0.298,0.494,0.5,2.0,0.8,0.2,0.2,0.2,1.0,5.7
247,Justin James,1629713,2.0,2.0,0.0,3.0,1.0,0.0,1.0,0.0,1.0,0.0,0.0,1.0,0.0,0.0,0.0,0.0,1.0,4.0,4.0,13.0,SG,0.34600000000000003,0.462,0.2,0.7,0.5,0.2,0.3,0.2,0.5,2.5
248,Justin Patton,1628383,0.0,0.0,0.0,0.0,1.0,0.0,0.0,0.0,0.0,0.0,0.0,0.0,0.0,0.0,0.0,0.0,0.0,0.0,2.0,1.0,C,0.25,0.5,0.2,0.8,0.4,0.0,0.0,0.4,0.8,1.8
249,Justin Robinson,1629620,0.0,0.0,2.0,1.0,0.0,0.0,0.0,0.0,0.0,2.0,0.0,0.0,0.0,0.0,0.0,0.0,1.0,0.0,1.0,0.0,PG,0.6,0.28600000000000003,0.1,0.4,0.8,0.0,0.1,0.3,0.2,1.4
250,Justise Winslow,1626159,0.0,1.0,1.0,1.0,3.0,0.0,0.0,1.0,0.0,1.0,0.0,0.0,1.0,0.0,1.0,0.0,1.0,5.0,7.0,26.0,SF,0.222,0.431,1.5,5.2,4.0,0.6,0.5,2.2,3.5,11.3
251,Juwan Morgan,1629752,0.0,0.0,0.0,1.0,0.0,0.0,0.0,0.0,0.0,0.0,0.0,0.0,0.0,0.0,0.0,0.0,0.0,0.0,1.0,7.0,PF,0.2,0.667,0.3,0.9,0.1,0.0,0.1,0.2,0.4,1.2
252,KZ Okpala,1629644,0.0,0.0,0.0,0.0,0.0,0.0,0.0,0.0,0.0,0.0,0.0,0.0,0.0,0.0,0.0,0.0,0.0,0.0,0.0,3.0,SF,0.0,0.75,0.2,0.8,0.2,0.4,0.2,0.2,0.4,1.4
253,Kadeem Allen,1628443,1.0,1.0,1.0,1.0,1.0,0.0,0.0,0.0,0.0,1.0,0.0,2.0,1.0,0.0,0.0,0.0,0.0,5.0,1.0,4.0,SG,0.313,0.5,0.2,0.7,2.1,0.5,0.2,0.8,0.7,5.0
254,KarlAnthony Towns,1626157,8.0,5.0,37.0,16.0,47.0,1.0,0.0,1.0,0.0,14.0,0.0,3.0,2.0,2.0,0.0,0.0,0.0,1.0,30.0,158.0,C,0.412,0.586,2.7,8.1,4.4,0.9,1.2,3.1,3.3,26.5
255,Kawhi Leonard,202695,5.0,4.0,23.0,39.0,33.0,2.0,0.0,3.0,10.0,13.0,1.0,17.0,24.0,14.0,18.0,2.0,21.0,70.0,52.0,129.0,SF,0.366,0.51,1.0,6.3,5.0,1.8,0.6,2.7,1.9,26.9
256,Keita BatesDiop,1628966,9.0,7.0,10.0,1.0,4.0,0.0,0.0,0.0,0.0,7.0,0.0,0.0,0.0,0.0,0.0,0.0,0.0,2.0,3.0,52.0,SF,0.33,0.509,0.5,2.3,0.8,0.4,0.5,0.4,1.0,6.6
257,Kelan Martin,1629103,6.0,6.0,8.0,2.0,2.0,0.0,1.0,0.0,0.0,1.0,0.0,2.0,3.0,1.0,0.0,0.0,0.0,6.0,9.0,25.0,SF,0.26,0.541,0.4,2.7,0.7,0.2,0.3,0.6,1.6,6.4
258,Keldon Johnson,1629640,1.0,0.0,1.0,0.0,0.0,0.0,0.0,0.0,0.0,2.0,0.0,0.0,0.0,0.0,0.0,0.0,0.0,0.0,3.0,10.0,SF,0.4,0.5379999999999999,0.6,1.3,0.7,0.6,0.1,0.3,1.0,4.6
259,Kelly Olynyk,203482,5.0,6.0,28.0,26.0,13.0,2.0,0.0,1.0,1.0,17.0,0.0,1.0,3.0,0.0,0.0,0.0,1.0,4.0,8.0,50.0,C,0.4320000000000001,0.5379999999999999,0.6,3.8,1.6,0.6,0.3,1.1,2.4,7.7
260,Kelly Oubre Jr,1626162,9.0,21.0,27.0,31.0,20.0,0.0,0.0,1.0,4.0,17.0,2.0,3.0,7.0,0.0,1.0,4.0,4.0,23.0,38.0,173.0,SF,0.35200000000000004,0.511,1.2,5.3,1.5,1.3,0.7,1.5,3.4,18.7
261,Kemba Walker,202689,4.0,2.0,46.0,59.0,53.0,1.0,0.0,0.0,0.0,16.0,1.0,3.0,6.0,0.0,13.0,2.0,12.0,14.0,16.0,111.0,PG,0.377,0.47,0.7,3.4,4.9,0.9,0.5,2.1,1.5,21.2
262,Kendrick Nunn,1629134,19.0,11.0,31.0,37.0,31.0,2.0,0.0,13.0,5.0,19.0,0.0,14.0,2.0,7.0,3.0,1.0,18.0,24.0,33.0,119.0,SG,0.362,0.512,0.3,2.4,3.4,0.8,0.2,1.6,2.3,15.6
263,Kenrich Williams,1629026,8.0,8.0,9.0,0.0,0.0,0.0,0.0,0.0,0.0,6.0,0.0,0.0,0.0,0.0,0.0,0.0,0.0,1.0,2.0,20.0,PF,0.26,0.511,1.4,3.7,1.5,0.7,0.6,0.6,2.3,3.8
264,Kent Bazemore,203145,14.0,17.0,21.0,19.0,6.0,0.0,0.0,1.0,0.0,14.0,0.0,0.0,4.0,0.0,3.0,0.0,5.0,6.0,12.0,73.0,SF,0.342,0.401,0.4,4.0,1.3,1.1,0.6,1.3,2.8,8.7
265,Kentavious CaldwellPope,203484,19.0,17.0,18.0,29.0,3.0,0.0,0.0,3.0,3.0,13.0,0.0,3.0,7.0,1.0,5.0,1.0,12.0,6.0,6.0,85.0,SG,0.394,0.5429999999999999,0.6,1.5,1.7,0.8,0.2,0.9,1.9,9.5
266,Kevin Hervey,1628987,0.0,0.0,0.0,0.0,0.0,0.0,0.0,0.0,0.0,0.0,0.0,0.0,0.0,0.0,0.0,0.0,0.0,0.0,0.0,1.0,PF,0.0,0.333,0.0,0.3,0.1,0.0,0.0,0.0,0.1,0.3
267,Kevin Huerter,1628989,16.0,11.0,35.0,50.0,14.0,1.0,0.0,1.0,0.0,18.0,0.0,3.0,0.0,4.0,5.0,0.0,7.0,28.0,19.0,55.0,SG,0.38,0.453,0.6,3.4,3.8,0.9,0.5,1.6,2.5,12.2
268,Kevin Love,201567,20.0,8.0,52.0,36.0,24.0,6.0,0.0,11.0,4.0,31.0,2.0,25.0,13.0,7.0,2.0,0.0,6.0,6.0,28.0,69.0,PF,0.374,0.537,1.0,8.8,3.2,0.6,0.3,2.5,1.6,17.6
269,Kevin Porter Jr,1629645,5.0,9.0,14.0,18.0,7.0,0.0,0.0,1.0,2.0,8.0,2.0,0.0,2.0,3.0,1.0,1.0,5.0,7.0,14.0,92.0,SF,0.335,0.506,0.4,2.8,2.2,0.9,0.3,1.9,2.7,10.0
270,Kevon Looney,1626172,0.0,1.0,0.0,0.0,0.0,0.0,0.0,0.0,1.0,1.0,0.0,0.0,0.0,0.0,0.0,0.0,0.0,1.0,1.0,24.0,C,0.071,0.431,1.4,1.9,1.0,0.6,0.3,0.6,1.7,3.4
271,Khem Birch,203920,0.0,0.0,0.0,0.0,0.0,0.0,0.0,0.0,0.0,0.0,0.0,0.0,1.0,0.0,0.0,0.0,0.0,3.0,12.0,40.0,C,0.0,0.491,1.8,2.8,0.9,0.4,0.5,0.6,1.8,3.8
272,Khris Middleton,203114,13.0,13.0,41.0,27.0,38.0,1.0,0.0,9.0,9.0,25.0,2.0,24.0,20.0,7.0,13.0,0.0,29.0,49.0,36.0,78.0,SF,0.418,0.547,0.7,5.5,4.1,0.9,0.1,2.1,2.2,21.1
273,Khyri Thomas,1629017,0.0,1.0,2.0,1.0,0.0,0.0,0.0,1.0,0.0,2.0,0.0,0.0,0.0,0.0,0.0,0.0,0.0,0.0,0.0,0.0,SG,0.35700000000000004,0.0,0.1,0.0,0.4,0.4,0.0,0.4,1.1,2.1
274,Kris Dunn,1627739,4.0,4.0,7.0,10.0,4.0,0.0,0.0,0.0,1.0,5.0,0.0,0.0,0.0,0.0,0.0,1.0,0.0,7.0,21.0,93.0,PG,0.259,0.535,0.5,3.2,3.4,2.0,0.3,1.3,3.1,7.3
275,Ky Bowman,1629065,10.0,2.0,5.0,7.0,9.0,0.0,0.0,1.0,1.0,2.0,0.0,3.0,10.0,1.0,7.0,0.0,7.0,10.0,11.0,49.0,PG,0.308,0.472,0.5,2.2,2.9,1.0,0.2,1.6,2.3,7.4
276,Kyle Anderson,203937,9.0,1.0,4.0,1.0,1.0,0.0,0.0,1.0,2.0,3.0,0.0,5.0,2.0,3.0,4.0,0.0,2.0,14.0,28.0,57.0,PF,0.258,0.56,0.9,3.4,2.2,0.8,0.5,0.9,1.4,5.7
277,Kyle Guy,1629657,0.0,0.0,0.0,0.0,0.0,0.0,0.0,0.0,0.0,0.0,0.0,0.0,0.0,0.0,0.0,0.0,0.0,0.0,0.0,0.0,SG,0.0,1.0,0.0,0.0,0.0,0.0,0.0,0.0,0.0,1.0
278,Kyle Korver,2594,12.0,10.0,24.0,16.0,22.0,1.0,0.0,0.0,1.0,13.0,0.0,0.0,2.0,2.0,0.0,2.0,6.0,3.0,1.0,4.0,SF,0.415,0.481,0.3,1.8,1.2,0.4,0.2,0.8,1.4,6.7
279,Kyle Kuzma,1628398,10.0,16.0,12.0,23.0,7.0,1.0,1.0,2.0,2.0,9.0,2.0,4.0,3.0,0.0,4.0,0.0,9.0,11.0,41.0,102.0,PF,0.297,0.523,0.9,3.6,1.3,0.4,0.4,1.6,2.0,12.5
280,Kyle Lowry,200768,10.0,2.0,52.0,38.0,42.0,9.0,0.0,1.0,1.0,31.0,0.0,1.0,3.0,2.0,0.0,3.0,12.0,10.0,16.0,103.0,PG,0.354,0.505,0.6,4.3,7.7,1.3,0.4,3.0,3.2,19.7
281,Kyle OQuinn,203124,0.0,0.0,1.0,1.0,5.0,0.0,0.0,0.0,0.0,1.0,0.0,0.0,1.0,1.0,0.0,1.0,3.0,1.0,1.0,19.0,C,0.304,0.5710000000000001,1.2,2.5,1.3,0.2,0.8,0.7,1.3,3.3
282,Kyrie Irving,202681,3.0,5.0,12.0,22.0,13.0,1.0,0.0,0.0,2.0,7.0,0.0,6.0,5.0,2.0,6.0,0.0,9.0,25.0,21.0,62.0,PG,0.394,0.522,1.1,4.1,6.4,1.4,0.5,2.6,2.7,27.4
283,LaMarcus Aldridge,200746,10.0,1.0,17.0,14.0,19.0,0.0,0.0,13.0,7.0,19.0,0.0,43.0,14.0,20.0,6.0,1.0,36.0,17.0,29.0,128.0,C,0.389,0.519,1.9,5.5,2.4,0.7,1.6,1.4,2.4,18.9
284,Landry Shamet,1629013,14.0,17.0,27.0,25.0,22.0,0.0,0.0,0.0,0.0,20.0,1.0,0.0,1.0,0.0,0.0,0.0,0.0,6.0,3.0,29.0,SG,0.392,0.494,0.1,1.8,1.9,0.4,0.2,0.8,2.8,9.7
285,Langston Galloway,204038,38.0,31.0,27.0,26.0,9.0,1.0,0.0,2.0,5.0,19.0,0.0,2.0,6.0,1.0,5.0,0.0,2.0,11.0,21.0,47.0,SG,0.399,0.493,0.5,1.8,1.5,0.7,0.2,0.6,1.5,10.3
286,Larry Nance Jr,1626204,7.0,11.0,17.0,14.0,7.0,0.0,0.0,1.0,1.0,9.0,0.0,1.0,3.0,0.0,1.0,0.0,9.0,6.0,17.0,131.0,C,0.35200000000000004,0.636,1.9,5.4,2.2,1.0,0.4,1.1,1.6,10.1
287,Lauri Markkanen,1628374,12.0,8.0,29.0,21.0,38.0,0.0,0.0,0.0,2.0,7.0,0.0,2.0,2.0,0.0,0.0,0.0,0.0,0.0,24.0,112.0,PF,0.344,0.518,1.2,5.1,1.5,0.8,0.5,1.6,1.9,14.7
288,LeBron James,2544,5.0,4.0,53.0,30.0,36.0,4.0,2.0,3.0,1.0,34.0,2.0,12.0,4.0,10.0,5.0,3.0,10.0,11.0,31.0,345.0,PG,0.349,0.57,1.0,6.9,10.6,1.2,0.5,4.0,1.8,25.7
289,Lonzo Ball,1628366,15.0,17.0,54.0,32.0,19.0,1.0,0.0,3.0,0.0,36.0,0.0,3.0,0.0,3.0,3.0,0.0,4.0,7.0,5.0,89.0,PG,0.383,0.453,1.1,5.1,7.0,1.4,0.5,3.1,2.0,12.4
290,Lou Williams,101150,13.0,11.0,38.0,19.0,21.0,4.0,0.0,15.0,2.0,33.0,0.0,20.0,6.0,10.0,6.0,1.0,14.0,18.0,45.0,111.0,SG,0.363,0.442,0.5,2.6,5.7,0.7,0.2,2.9,1.3,18.7
291,Louis King,1629663,2.0,1.0,0.0,1.0,0.0,0.0,0.0,0.0,0.0,0.0,0.0,0.0,1.0,0.0,0.0,0.0,0.0,0.0,1.0,2.0,SF,0.364,0.4,0.1,0.9,0.5,0.2,0.0,0.2,1.0,2.0
292,Luguentz Dort,1629652,5.0,6.0,4.0,5.0,2.0,0.0,0.0,0.0,0.0,1.0,0.0,0.0,0.0,0.0,0.0,0.0,0.0,2.0,3.0,38.0,SG,0.301,0.512,0.5,1.3,0.7,0.8,0.1,0.5,2.7,6.2
293,Luka Doncic,1629029,3.0,0.0,69.0,38.0,37.0,9.0,0.0,0.0,3.0,40.0,0.0,3.0,5.0,2.0,1.0,0.0,2.0,23.0,81.0,236.0,PG,0.318,0.574,1.3,8.0,8.7,1.1,0.2,4.2,2.5,28.7
294,Luke Kennard,1628379,6.0,7.0,26.0,24.0,9.0,0.0,0.0,3.0,1.0,10.0,0.0,1.0,2.0,3.0,2.0,0.0,10.0,9.0,13.0,33.0,SG,0.399,0.491,0.3,3.2,4.1,0.4,0.2,1.5,2.3,15.8
295,Luke Kornet,1628436,2.0,2.0,8.0,13.0,6.0,0.0,0.0,0.0,0.0,1.0,0.0,2.0,0.0,0.0,0.0,0.0,0.0,0.0,7.0,42.0,C,0.287,0.6459999999999999,0.6,1.7,0.9,0.3,0.7,0.4,1.5,6.0
296,Malcolm Brogdon,1627763,0.0,4.0,21.0,23.0,11.0,1.0,0.0,2.0,4.0,13.0,1.0,5.0,3.0,10.0,21.0,1.0,24.0,16.0,11.0,118.0,PG,0.313,0.491,0.8,3.9,7.1,0.7,0.2,2.4,1.8,16.3
297,Malcolm Miller,1626259,3.0,1.0,1.0,1.0,0.0,0.0,0.0,0.0,0.0,1.0,0.0,0.0,0.0,0.0,0.0,0.0,0.0,0.0,1.0,1.0,SF,0.316,0.4,0.0,0.5,0.3,0.2,0.1,0.1,0.5,0.9
298,Malik Beasley,1627736,15.0,10.0,33.0,24.0,24.0,1.0,0.0,2.0,1.0,22.0,1.0,5.0,8.0,3.0,2.0,0.0,5.0,11.0,11.0,69.0,SG,0.388,0.465,0.3,2.4,1.4,0.7,0.1,1.0,1.4,11.2
299,Malik Monk,1628370,6.0,3.0,22.0,18.0,7.0,2.0,0.0,0.0,0.0,11.0,0.0,1.0,1.0,0.0,1.0,1.0,3.0,10.0,32.0,104.0,SG,0.284,0.542,0.5,2.4,2.1,0.5,0.3,1.4,1.3,10.3
300,Marc Gasol,201188,3.0,3.0,11.0,5.0,28.0,1.0,0.0,1.0,0.0,7.0,0.0,2.0,0.0,1.0,0.0,0.0,0.0,6.0,14.0,24.0,C,0.402,0.44,0.8,5.5,3.4,0.8,0.9,1.2,2.8,7.6
301,Marco Belinelli,201158,4.0,9.0,13.0,11.0,20.0,0.0,0.0,3.0,0.0,12.0,2.0,1.0,1.0,1.0,2.0,0.0,13.0,2.0,2.0,14.0,SG,0.368,0.422,0.1,1.7,1.2,0.2,0.0,0.3,0.8,5.8
302,Marcus Smart,203935,15.0,5.0,54.0,30.0,24.0,0.0,0.0,0.0,0.0,28.0,0.0,1.0,2.0,0.0,1.0,1.0,4.0,29.0,32.0,39.0,SG,0.348,0.424,0.8,3.1,4.8,1.6,0.5,1.7,2.7,13.5
303,Marial Shayok,1629621,0.0,0.0,1.0,0.0,0.0,0.0,0.0,0.0,0.0,0.0,0.0,0.0,0.0,0.0,0.0,0.0,0.0,0.0,0.0,0.0,SG,0.333,0.0,0.0,1.5,0.5,0.0,0.0,0.5,0.0,1.5
304,Mario Hezonja,1626209,1.0,2.0,9.0,8.0,1.0,0.0,0.0,0.0,0.0,3.0,0.0,1.0,1.0,1.0,0.0,0.0,4.0,2.0,12.0,39.0,PF,0.328,0.48,0.6,2.9,0.9,0.6,0.2,0.8,2.0,4.8
305,Markelle Fultz,1628365,3.0,2.0,12.0,4.0,9.0,0.0,0.0,0.0,0.0,10.0,0.0,9.0,12.0,7.0,8.0,0.0,13.0,26.0,31.0,177.0,PG,0.254,0.52,0.5,2.8,5.2,1.3,0.2,2.0,2.0,12.1
306,Markieff Morris,202693,15.0,9.0,25.0,23.0,8.0,0.0,0.0,4.0,3.0,13.0,0.0,6.0,6.0,0.0,5.0,0.0,1.0,2.0,19.0,63.0,PF,0.386,0.502,0.7,3.2,1.4,0.5,0.3,1.4,2.3,10.1
307,Marko Guduric,1629741,4.0,5.0,1.0,11.0,4.0,0.0,0.0,1.0,0.0,0.0,0.0,1.0,0.0,1.0,1.0,0.0,1.0,0.0,4.0,26.0,SG,0.309,0.493,0.3,1.4,1.1,0.3,0.2,0.9,0.8,4.0
308,Marquese Chriss,1627737,2.0,0.0,3.0,1.0,1.0,1.0,0.0,0.0,1.0,3.0,0.0,0.0,0.0,0.0,0.0,0.0,1.0,5.0,21.0,171.0,PF,0.205,0.584,1.9,4.3,1.9,0.7,1.1,1.3,2.1,9.3
309,Marvin Bagley III,1628963,0.0,0.0,0.0,2.0,2.0,0.0,0.0,0.0,0.0,1.0,0.0,1.0,0.0,0.0,0.0,0.0,7.0,1.0,13.0,51.0,PF,0.182,0.51,2.2,5.2,0.8,0.5,0.9,1.4,3.3,14.2
310,Marvin Williams,101107,14.0,10.0,11.0,11.0,6.0,0.0,0.0,0.0,0.0,7.0,0.0,0.0,2.0,1.0,0.0,1.0,0.0,1.0,21.0,32.0,PF,0.361,0.552,0.4,2.5,1.1,0.7,0.5,0.5,1.8,6.1
311,Mason Plumlee,203486,0.0,0.0,0.0,0.0,0.0,0.0,0.0,0.0,0.0,0.0,0.0,1.0,1.0,0.0,0.0,0.0,0.0,1.0,10.0,140.0,C,0.0,0.627,1.7,3.6,2.4,0.5,0.6,1.4,2.4,7.2
312,Matisse Thybulle,1629680,12.0,9.0,10.0,16.0,3.0,0.0,0.0,0.0,0.0,4.0,0.0,0.0,1.0,0.0,0.0,0.0,0.0,1.0,3.0,41.0,SG,0.35200000000000004,0.5,0.6,0.9,1.2,1.4,0.7,0.8,2.1,4.7
313,Matt Mooney,1629760,0.0,0.0,0.0,0.0,0.0,0.0,0.0,0.0,0.0,0.0,0.0,1.0,0.0,0.0,0.0,0.0,0.0,0.0,0.0,0.0,SG,0.0,0.5,0.0,0.8,0.3,0.5,0.3,0.0,0.3,0.5
314,Matt Thomas,1629744,8.0,5.0,7.0,8.0,6.0,0.0,0.0,2.0,0.0,4.0,0.0,1.0,1.0,1.0,1.0,0.0,4.0,2.0,3.0,3.0,SG,0.467,0.528,0.2,1.2,0.5,0.2,0.0,0.4,0.9,4.5
315,Matthew Dellavedova,203521,4.0,1.0,5.0,7.0,3.0,1.0,0.0,0.0,0.0,1.0,0.0,0.0,2.0,0.0,0.0,0.0,1.0,10.0,15.0,13.0,PG,0.231,0.488,0.3,1.0,3.2,0.4,0.0,1.0,1.4,3.1
316,Maurice Harkless,203090,13.0,7.0,4.0,5.0,4.0,0.0,0.0,0.0,1.0,3.0,0.0,0.0,0.0,0.0,2.0,0.0,1.0,0.0,2.0,102.0,SF,0.34700000000000003,0.584,0.9,3.0,1.1,0.9,0.5,0.9,2.4,5.8
317,Max Strus,1629622,0.0,0.0,0.0,0.0,0.0,0.0,0.0,0.0,0.0,0.0,0.0,0.0,0.0,0.0,0.0,0.0,0.0,0.0,0.0,2.0,SG,0.0,1.0,0.5,0.0,0.0,0.0,0.0,0.0,0.5,2.5
318,Maxi Kleber,1628467,17.0,23.0,18.0,26.0,22.0,1.0,0.0,1.0,0.0,3.0,0.0,3.0,0.0,0.0,0.0,0.0,0.0,3.0,6.0,94.0,C,0.374,0.594,1.5,3.9,1.2,0.3,1.2,0.7,2.3,9.2
319,Meyers Leonard,203086,4.0,4.0,12.0,10.0,18.0,3.0,0.0,0.0,0.0,7.0,0.0,0.0,0.0,0.0,0.0,0.0,0.0,4.0,10.0,49.0,C,0.429,0.625,0.6,4.5,1.1,0.3,0.3,0.7,2.1,6.1
320,Mfiondu Kabengele,1629662,3.0,0.0,2.0,1.0,3.0,0.0,0.0,0.0,0.0,1.0,0.0,0.0,0.0,0.0,0.0,0.0,0.0,0.0,0.0,5.0,C,0.45,0.417,0.1,0.8,0.2,0.2,0.2,0.2,0.8,3.5
321,Michael CarterWilliams,203487,5.0,1.0,9.0,1.0,4.0,0.0,0.0,0.0,0.0,6.0,0.0,3.0,2.0,0.0,0.0,0.0,0.0,4.0,17.0,59.0,SG,0.294,0.489,1.0,2.3,2.4,1.1,0.5,1.1,1.9,7.2
322,Michael Frazier,1626187,0.0,1.0,0.0,1.0,0.0,0.0,0.0,0.0,0.0,0.0,0.0,0.0,0.0,0.0,0.0,0.0,0.0,0.0,0.0,2.0,SG,0.25,0.667,0.1,0.3,0.1,0.3,0.0,0.3,1.6,1.8
323,Michael KiddGilchrist,203077,1.0,2.0,2.0,0.0,0.0,0.0,0.0,0.0,0.0,0.0,0.0,0.0,0.0,0.0,0.0,0.0,0.0,1.0,6.0,7.0,SF,0.25,0.35,0.6,2.0,0.6,0.1,0.2,0.6,1.5,2.5
324,Michael Porter Jr,1629008,10.0,2.0,13.0,11.0,7.0,0.0,0.0,5.0,1.0,15.0,1.0,1.0,0.0,0.0,0.0,0.0,3.0,3.0,9.0,71.0,PF,0.422,0.536,1.1,3.0,0.7,0.4,0.4,0.7,1.6,7.5
325,Mikal Bridges,1628969,12.0,19.0,11.0,9.0,5.0,0.0,0.0,0.0,0.0,9.0,0.0,2.0,2.0,1.0,0.0,1.0,3.0,8.0,9.0,126.0,SF,0.35200000000000004,0.621,0.9,3.1,1.8,1.4,0.6,1.0,2.2,8.7
326,Mike Conley,201144,9.0,13.0,17.0,27.0,12.0,1.0,1.0,0.0,0.0,14.0,0.0,0.0,4.0,3.0,2.0,1.0,3.0,21.0,27.0,48.0,PG,0.376,0.429,0.7,2.6,4.3,0.8,0.1,1.9,2.2,13.8
327,Mike Muscala,203488,4.0,3.0,7.0,20.0,8.0,1.0,0.0,2.0,0.0,4.0,0.0,0.0,1.0,0.0,0.0,0.0,1.0,1.0,0.0,16.0,C,0.358,0.5379999999999999,0.3,2.0,0.8,0.2,0.3,0.3,1.2,4.6
328,Mike Scott,203118,8.0,7.0,20.0,23.0,15.0,0.0,0.0,0.0,0.0,12.0,1.0,2.0,2.0,1.0,1.0,0.0,2.0,4.0,9.0,35.0,PF,0.358,0.496,0.9,2.7,0.8,0.3,0.1,0.4,1.3,5.7
329,Miles Bridges,1628970,20.0,21.0,17.0,21.0,20.0,0.0,0.0,1.0,1.0,4.0,1.0,1.0,5.0,0.0,1.0,0.0,3.0,6.0,35.0,165.0,SF,0.33,0.486,1.4,4.2,1.8,0.6,0.7,1.5,2.0,13.0
330,Mitchell Robinson,1629011,0.0,0.0,0.0,0.0,0.0,0.0,0.0,0.0,0.0,0.0,0.0,1.0,0.0,0.0,0.0,0.0,0.0,0.0,4.0,248.0,C,0.0,0.742,3.0,4.0,0.6,0.9,2.0,0.6,3.2,9.7
331,Mo Bamba,1628964,1.0,2.0,7.0,13.0,14.0,0.0,0.0,0.0,0.0,4.0,0.0,1.0,1.0,0.0,1.0,0.0,3.0,2.0,4.0,82.0,C,0.35600000000000004,0.534,1.6,3.4,0.7,0.4,1.4,0.7,1.9,5.5
332,Monte Morris,1628420,13.0,9.0,11.0,12.0,9.0,0.0,0.0,2.0,4.0,6.0,2.0,2.0,5.0,5.0,9.0,1.0,11.0,25.0,17.0,74.0,PG,0.375,0.494,0.3,1.4,3.5,0.8,0.2,0.7,1.0,8.4
333,Montrezl Harrell,1626149,0.0,0.0,0.0,0.0,0.0,0.0,0.0,0.0,1.0,1.0,0.0,0.0,1.0,0.0,0.0,0.0,1.0,9.0,65.0,393.0,C,0.0,0.593,2.6,4.5,1.7,0.6,1.1,1.7,2.3,18.6
334,Moritz Wagner,1629021,3.0,1.0,7.0,6.0,6.0,0.0,0.0,0.0,0.0,4.0,0.0,0.0,0.0,0.0,0.0,0.0,0.0,1.0,7.0,100.0,C,0.343,0.6709999999999999,1.4,3.8,1.3,0.6,0.5,1.5,3.6,9.5
335,Moses Brown,1629650,0.0,0.0,0.0,0.0,0.0,0.0,0.0,0.0,0.0,0.0,0.0,0.0,0.0,0.0,0.0,0.0,0.0,0.0,1.0,3.0,C,0.0,0.4,0.3,1.2,0.1,0.1,0.1,0.3,0.8,1.2
336,Mychal Mulder,1628539,6.0,3.0,5.0,1.0,1.0,0.0,0.0,0.0,0.0,5.0,0.0,0.0,0.0,0.0,0.0,0.0,2.0,0.0,3.0,5.0,SG,0.308,0.667,0.4,2.9,1.1,0.3,0.1,0.7,2.9,11.0
337,Myles Turner,1626167,5.0,7.0,23.0,14.0,25.0,3.0,0.0,2.0,1.0,15.0,1.0,13.0,6.0,1.0,2.0,0.0,4.0,13.0,24.0,86.0,C,0.336,0.542,1.3,5.3,1.1,0.8,2.2,1.2,2.5,11.8
338,Nassir Little,1629642,3.0,1.0,5.0,4.0,1.0,0.0,0.0,0.0,0.0,2.0,0.0,0.0,1.0,0.0,0.0,0.0,0.0,1.0,5.0,44.0,PF,0.237,0.5539999999999999,0.6,1.6,0.5,0.3,0.3,0.3,1.5,3.6
339,Naz MitrouLong,1628513,0.0,1.0,1.0,0.0,0.0,0.0,0.0,0.0,0.0,0.0,0.0,0.0,0.0,0.0,0.0,0.0,0.0,3.0,0.0,1.0,SG,0.182,0.8,0.0,2.0,2.3,0.3,0.3,0.7,0.3,4.7
340,Naz Reid,1629675,5.0,2.0,9.0,8.0,8.0,0.0,0.0,0.0,0.0,2.0,0.0,0.0,0.0,0.0,0.0,0.0,0.0,1.0,9.0,58.0,C,0.33,0.466,1.1,3.0,1.2,0.6,0.7,0.7,2.8,9.0
341,Nemanja Bjelica,202357,13.0,13.0,45.0,27.0,20.0,7.0,0.0,2.0,0.0,30.0,0.0,1.0,1.0,0.0,0.0,0.0,0.0,7.0,40.0,107.0,PF,0.424,0.524,1.7,4.8,2.8,0.8,0.5,1.4,3.0,11.9
342,Nerlens Noel,203457,1.0,0.0,0.0,0.0,0.0,0.0,0.0,0.0,0.0,0.0,0.0,1.0,0.0,0.0,0.0,1.0,5.0,7.0,19.0,140.0,C,0.333,0.6890000000000001,1.5,3.4,1.0,1.0,1.5,1.0,2.6,7.7
343,Nickeil AlexanderWalker,1629638,3.0,5.0,9.0,15.0,8.0,0.0,0.0,0.0,0.0,5.0,0.0,0.0,1.0,0.0,1.0,0.0,1.0,2.0,7.0,24.0,SG,0.342,0.336,0.2,1.8,1.8,0.3,0.2,1.0,1.1,5.1
344,Nicolas Batum,201587,3.0,3.0,3.0,4.0,1.0,0.0,0.0,0.0,0.0,2.0,0.0,0.0,0.0,0.0,0.0,0.0,1.0,1.0,1.0,11.0,SF,0.28600000000000003,0.438,1.1,3.4,3.0,0.8,0.4,1.0,1.9,3.6
345,Nicolas Claxton,1629651,0.0,0.0,0.0,1.0,0.0,0.0,0.0,0.0,0.0,0.0,0.0,0.0,1.0,0.0,0.0,0.0,0.0,0.0,4.0,21.0,PF,0.14300000000000002,0.634,1.3,1.7,1.1,0.1,0.5,0.6,0.9,4.4
346,Nigel WilliamsGoss,1628430,0.0,0.0,0.0,0.0,0.0,0.0,0.0,0.0,0.0,0.0,0.0,0.0,1.0,0.0,0.0,0.0,0.0,0.0,0.0,0.0,PG,0.0,0.2,0.2,0.3,0.6,0.1,0.1,0.2,0.2,0.4
347,Nikola Jokic,203999,3.0,1.0,21.0,14.0,30.0,1.0,0.0,7.0,7.0,14.0,1.0,25.0,13.0,5.0,6.0,0.0,16.0,29.0,131.0,193.0,C,0.314,0.594,2.4,7.8,6.9,1.2,0.7,3.1,3.1,20.2
348,Nikola Vucevic,202696,3.0,3.0,29.0,12.0,35.0,0.0,0.0,2.0,4.0,16.0,4.0,11.0,10.0,4.0,4.0,0.0,10.0,32.0,86.0,174.0,C,0.329,0.523,2.4,8.6,3.7,0.9,0.9,1.4,2.2,19.5
349,Noah Vonleh,203943,0.0,1.0,0.0,1.0,1.0,0.0,0.0,0.0,0.0,0.0,0.0,0.0,1.0,0.0,0.0,0.0,0.0,0.0,9.0,37.0,PF,0.2,0.635,1.1,2.6,0.8,0.3,0.2,0.6,1.2,3.8
350,Norman Powell,1626181,22.0,12.0,23.0,20.0,16.0,1.0,0.0,2.0,3.0,11.0,0.0,1.0,0.0,1.0,1.0,0.0,2.0,4.0,17.0,132.0,SG,0.398,0.589,0.5,3.1,1.8,1.3,0.4,1.5,2.1,16.4
351,Norvel Pelle,203658,0.0,0.0,0.0,0.0,0.0,0.0,0.0,0.0,0.0,0.0,0.0,0.0,0.0,0.0,0.0,0.0,0.0,0.0,1.0,17.0,C,0.0,0.514,0.8,2.2,0.4,0.1,1.3,0.7,2.0,2.1
352,OG Anunoby,1628384,20.0,22.0,17.0,15.0,7.0,1.0,0.0,0.0,1.0,8.0,0.0,1.0,0.0,0.0,0.0,0.0,2.0,2.0,8.0,171.0,SF,0.381,0.593,1.2,4.2,1.6,1.4,0.7,1.2,2.5,10.7
353,Omari Spellman,1629016,8.0,3.0,17.0,8.0,7.0,0.0,0.0,3.0,4.0,11.0,0.0,0.0,4.0,2.0,3.0,0.0,0.0,6.0,7.0,52.0,PF,0.391,0.454,1.6,2.9,1.0,0.7,0.5,1.1,1.3,7.6
354,Oshae Brissett,1629052,1.0,1.0,1.0,0.0,0.0,0.0,0.0,0.0,0.0,0.0,0.0,0.0,0.0,0.0,0.0,0.0,0.0,0.0,0.0,10.0,SF,0.2,0.476,0.5,0.9,0.4,0.2,0.1,0.4,0.9,1.9
355,PJ Tucker,200782,41.0,39.0,6.0,4.0,5.0,0.0,0.0,2.0,1.0,8.0,0.0,2.0,1.0,0.0,0.0,0.0,0.0,4.0,12.0,42.0,PF,0.37,0.573,1.6,5.3,1.6,1.1,0.5,1.0,3.3,7.1
356,PJ Washington,1629023,21.0,11.0,24.0,12.0,18.0,0.0,0.0,0.0,2.0,9.0,0.0,1.0,0.0,0.0,0.0,1.0,0.0,2.0,40.0,135.0,PF,0.374,0.507,1.0,4.4,2.1,0.9,0.8,1.6,2.7,12.2
357,PJ Dozier,1628408,0.0,0.0,3.0,3.0,1.0,0.0,0.0,0.0,0.0,0.0,0.0,1.0,2.0,1.0,0.0,0.0,2.0,5.0,4.0,13.0,PG,0.25,0.46,0.2,1.2,1.4,0.3,0.2,0.5,1.3,4.1
358,Pascal Siakam,1627783,13.0,16.0,33.0,33.0,17.0,3.0,0.0,2.0,2.0,25.0,3.0,13.0,2.0,1.0,4.0,1.0,10.0,11.0,62.0,229.0,PF,0.359,0.506,1.1,6.5,3.6,1.0,0.9,2.5,2.8,23.6
359,Pat Connaughton,1626192,1.0,5.0,15.0,11.0,11.0,1.0,0.0,0.0,0.0,5.0,0.0,0.0,0.0,0.0,0.0,0.0,0.0,0.0,3.0,72.0,SG,0.321,0.605,0.9,3.3,1.6,0.3,0.5,0.8,1.0,5.1
360,Patrick Beverley,201976,14.0,13.0,23.0,20.0,5.0,0.0,0.0,0.0,0.0,14.0,0.0,0.0,1.0,0.0,0.0,0.0,1.0,2.0,19.0,41.0,PG,0.379,0.504,1.2,4.2,3.7,1.1,0.5,1.3,3.1,7.9
361,Patrick McCaw,1627775,4.0,7.0,5.0,5.0,1.0,0.0,0.0,1.0,4.0,4.0,0.0,1.0,2.0,0.0,0.0,0.0,0.0,1.0,4.0,32.0,SF,0.324,0.484,0.5,1.8,2.1,1.1,0.1,0.8,1.6,4.6
362,Patrick Patterson,202335,12.0,11.0,8.0,17.0,7.0,0.0,0.0,0.0,0.0,3.0,0.0,0.0,1.0,0.0,0.0,0.0,1.0,1.0,5.0,12.0,PF,0.387,0.457,0.6,1.8,0.6,0.1,0.1,0.4,0.8,4.6
363,Patty Mills,201988,25.0,12.0,43.0,33.0,35.0,0.0,0.0,1.0,2.0,25.0,0.0,4.0,1.0,0.0,3.0,1.0,19.0,5.0,4.0,53.0,PG,0.38,0.529,0.3,1.3,1.8,0.8,0.1,0.8,1.6,11.7
364,Paul George,202331,16.0,16.0,30.0,42.0,29.0,0.0,0.0,3.0,2.0,18.0,1.0,3.0,10.0,1.0,8.0,0.0,16.0,11.0,24.0,71.0,SF,0.399,0.463,0.5,5.2,3.9,1.3,0.5,2.7,2.4,21.0
365,Paul Millsap,200794,5.0,8.0,13.0,11.0,10.0,0.0,0.0,1.0,3.0,7.0,1.0,7.0,6.0,0.0,0.0,0.0,0.0,6.0,22.0,95.0,PF,0.44,0.504,2.0,3.9,1.6,0.9,0.6,1.4,2.9,12.0
366,Quinn Cook,1626188,6.0,1.0,4.0,8.0,6.0,0.0,0.0,0.0,0.0,5.0,0.0,2.0,0.0,3.0,3.0,1.0,4.0,4.0,7.0,22.0,PG,0.379,0.477,0.2,0.9,1.1,0.3,0.0,0.7,0.6,4.8
367,RJ Barrett,1629628,15.0,9.0,12.0,16.0,11.0,0.0,0.0,1.0,2.0,7.0,0.0,3.0,0.0,2.0,4.0,0.0,7.0,8.0,27.0,172.0,SG,0.32,0.4320000000000001,0.9,4.1,2.6,1.0,0.3,2.2,2.2,14.3
368,Rajon Rondo,200765,3.0,6.0,18.0,7.0,6.0,1.0,0.0,0.0,0.0,12.0,0.0,3.0,0.0,0.0,1.0,0.0,6.0,6.0,9.0,69.0,PG,0.328,0.473,0.5,2.5,5.0,0.8,0.0,1.9,1.2,7.1
369,Raul Neto,203526,3.0,1.0,13.0,7.0,4.0,0.0,0.0,0.0,0.0,8.0,0.0,0.0,0.0,1.0,1.0,0.0,3.0,3.0,6.0,36.0,PG,0.394,0.49,0.2,0.8,1.6,0.4,0.1,0.9,0.9,4.3
370,Rayjon Tucker,1629730,0.0,0.0,0.0,0.0,0.0,0.0,0.0,0.0,0.0,0.0,0.0,0.0,1.0,0.0,0.0,0.0,0.0,1.0,1.0,5.0,SG,0.0,0.615,0.1,0.8,0.1,0.1,0.0,0.2,0.5,1.4
371,Reggie Bullock,203493,4.0,5.0,7.0,16.0,5.0,0.0,0.0,0.0,1.0,5.0,0.0,0.0,0.0,0.0,3.0,2.0,7.0,7.0,2.0,25.0,SG,0.333,0.469,0.4,1.9,1.4,0.9,0.1,0.7,1.9,8.1
372,Reggie Jackson,202704,5.0,3.0,14.0,15.0,6.0,2.0,0.0,0.0,0.0,4.0,0.0,2.0,0.0,2.0,0.0,0.0,1.0,7.0,18.0,32.0,PG,0.398,0.431,0.7,2.3,4.4,0.4,0.2,1.7,1.7,12.8
373,Richaun Holmes,1626158,0.0,0.0,0.0,0.0,0.0,0.0,0.0,0.0,0.0,0.0,0.0,3.0,2.0,0.0,1.0,0.0,2.0,24.0,30.0,148.0,C,0.0,0.654,3.0,5.3,1.0,1.0,1.4,1.3,3.9,12.8
374,Ricky Rubio,201937,18.0,4.0,25.0,10.0,8.0,0.0,0.0,5.0,1.0,15.0,1.0,17.0,4.0,15.0,6.0,1.0,14.0,13.0,18.0,85.0,PG,0.35100000000000003,0.44,0.7,3.9,8.9,1.5,0.2,2.7,2.5,13.1
375,Robert Covington,203496,8.0,13.0,34.0,50.0,39.0,4.0,0.0,0.0,0.0,13.0,0.0,2.0,1.0,1.0,1.0,1.0,1.0,1.0,20.0,102.0,PF,0.349,0.589,0.9,5.5,1.2,1.5,1.3,1.5,3.2,12.8
376,Robin Lopez,201577,7.0,12.0,10.0,0.0,4.0,0.0,0.0,0.0,0.0,3.0,0.0,0.0,4.0,0.0,0.0,0.0,1.0,7.0,38.0,53.0,C,0.344,0.588,0.9,1.6,0.7,0.2,0.7,0.9,1.3,5.5
377,Rodions Kurucs,1629066,4.0,1.0,8.0,7.0,5.0,0.0,0.0,0.0,0.0,5.0,0.0,0.0,0.0,0.0,0.0,0.0,0.0,0.0,1.0,34.0,PF,0.385,0.507,0.5,2.0,0.8,0.4,0.1,0.9,1.7,4.2
378,Rodney Hood,203918,7.0,8.0,9.0,7.0,3.0,0.0,0.0,1.0,6.0,5.0,0.0,2.0,3.0,1.0,1.0,1.0,3.0,9.0,8.0,16.0,SF,0.493,0.515,0.5,3.0,1.5,0.8,0.2,0.9,2.2,11.0
379,Rodney McGruder,203585,4.0,5.0,7.0,5.0,1.0,0.0,0.0,0.0,0.0,5.0,0.0,0.0,1.0,0.0,0.0,0.0,0.0,4.0,15.0,19.0,SG,0.278,0.506,0.5,2.0,0.6,0.5,0.2,0.4,1.3,3.2
380,Romeo Langford,1629641,2.0,1.0,1.0,1.0,0.0,0.0,0.0,0.0,0.0,1.0,0.0,0.0,1.0,0.0,0.0,0.0,1.0,1.0,3.0,13.0,SG,0.217,0.463,0.5,0.7,0.2,0.3,0.2,0.3,1.1,2.6
381,Rondae HollisJefferson,1626178,0.0,0.0,1.0,0.0,1.0,0.0,0.0,0.0,0.0,1.0,0.0,1.0,6.0,1.0,1.0,0.0,0.0,2.0,7.0,119.0,SF,0.118,0.493,2.0,2.9,1.7,0.8,0.4,0.9,2.0,7.2
382,Royce ONeale,1626220,14.0,17.0,25.0,19.0,7.0,0.0,0.0,0.0,0.0,15.0,1.0,0.0,0.0,1.0,0.0,0.0,1.0,0.0,7.0,49.0,PF,0.389,0.536,0.3,5.0,2.5,0.7,0.4,0.8,2.8,6.3
383,Rudy Gay,200752,8.0,9.0,13.0,20.0,7.0,1.0,0.0,3.0,1.0,10.0,1.0,16.0,12.0,1.0,2.0,1.0,14.0,23.0,22.0,64.0,PF,0.314,0.517,0.9,4.4,1.7,0.4,0.5,1.3,1.5,10.0
384,Rudy Gobert,203497,0.0,0.0,0.0,0.0,0.0,0.0,0.0,0.0,0.0,0.0,0.0,0.0,0.0,0.0,0.0,0.0,0.0,0.0,16.0,337.0,C,0.0,0.698,3.4,10.3,1.5,0.8,2.0,1.9,3.2,15.1
385,Rui Hachimura,1629060,3.0,3.0,8.0,4.0,1.0,0.0,0.0,2.0,2.0,12.0,0.0,4.0,6.0,5.0,2.0,0.0,10.0,16.0,16.0,129.0,PF,0.274,0.517,1.5,4.5,1.7,0.8,0.2,1.0,2.2,13.4
386,Russell Westbrook,201566,6.0,4.0,14.0,23.0,3.0,0.0,1.0,7.0,6.0,15.0,2.0,20.0,7.0,19.0,12.0,2.0,19.0,33.0,34.0,340.0,PG,0.254,0.518,1.8,6.3,7.0,1.7,0.3,4.5,3.5,27.5
387,Ryan Anderson,201583,0.0,0.0,1.0,0.0,0.0,0.0,0.0,0.0,0.0,0.0,0.0,0.0,0.0,0.0,0.0,0.0,0.0,1.0,0.0,0.0,PF,0.2,0.5,0.0,3.5,1.0,0.5,0.0,0.5,0.5,2.5
388,Ryan Arcidiacono,1627853,9.0,10.0,19.0,13.0,3.0,0.0,0.0,0.0,0.0,7.0,0.0,3.0,1.0,0.0,0.0,0.0,2.0,3.0,6.0,21.0,PG,0.391,0.439,0.3,1.6,1.7,0.5,0.1,0.6,1.7,4.5
389,Ryan Broekhoff,1629151,3.0,3.0,5.0,7.0,2.0,0.0,0.0,0.0,0.0,3.0,0.0,0.0,0.0,0.0,0.0,0.0,0.0,0.0,1.0,1.0,SG,0.392,0.25,0.3,2.2,0.6,0.3,0.2,0.4,0.9,4.2
390,Sekou Doumbouya,1629635,5.0,6.0,2.0,12.0,3.0,0.0,0.0,0.0,0.0,3.0,0.0,0.0,1.0,0.0,0.0,0.0,1.0,1.0,7.0,53.0,SF,0.28600000000000003,0.464,0.5,2.6,0.5,0.5,0.2,0.9,2.1,6.4
391,Semi Ojeleye,1628400,11.0,9.0,6.0,8.0,2.0,0.0,0.0,4.0,0.0,2.0,0.0,0.0,0.0,0.0,0.0,0.0,0.0,0.0,6.0,17.0,PF,0.3670000000000001,0.475,0.4,1.6,0.5,0.3,0.1,0.2,1.0,3.1
392,Serge Ibaka,201586,3.0,2.0,20.0,20.0,21.0,0.0,0.0,0.0,1.0,13.0,1.0,11.0,8.0,4.0,6.0,0.0,13.0,12.0,65.0,129.0,C,0.398,0.562,2.1,6.2,1.5,0.5,0.8,2.0,2.8,16.0
393,Seth Curry,203552,8.0,17.0,46.0,50.0,12.0,3.0,0.0,0.0,6.0,30.0,1.0,5.0,13.0,5.0,4.0,1.0,7.0,12.0,25.0,39.0,SG,0.453,0.56,0.4,1.9,2.0,0.6,0.1,1.0,1.7,12.6
394,Shabazz Napier,203894,3.0,1.0,37.0,15.0,15.0,0.0,0.0,0.0,0.0,17.0,0.0,1.0,0.0,0.0,2.0,1.0,9.0,9.0,4.0,68.0,PG,0.32,0.518,0.5,2.4,5.0,1.3,0.2,2.2,1.8,10.3
395,Shai GilgeousAlexander,1628983,7.0,6.0,27.0,23.0,15.0,0.0,0.0,3.0,0.0,17.0,0.0,9.0,4.0,6.0,6.0,0.0,19.0,49.0,68.0,193.0,SG,0.35100000000000003,0.511,0.7,5.4,3.3,1.1,0.7,1.9,1.7,19.3
396,Shake Milton,1629003,6.0,4.0,16.0,16.0,4.0,2.0,0.0,0.0,0.0,10.0,0.0,1.0,0.0,2.0,0.0,0.0,1.0,6.0,6.0,43.0,SG,0.453,0.541,0.3,1.8,2.2,0.6,0.2,1.2,2.2,9.5
397,Shamorie Ponds,1629044,0.0,0.0,1.0,0.0,0.0,0.0,0.0,0.0,0.0,1.0,0.0,0.0,0.0,0.0,0.0,0.0,0.0,0.0,0.0,2.0,PG,0.5,0.667,0.0,0.3,0.5,0.0,0.3,0.0,0.5,2.3
398,Shaquille Harrison,1627885,4.0,2.0,5.0,4.0,0.0,0.0,0.0,0.0,0.0,2.0,0.0,2.0,0.0,0.0,0.0,0.0,0.0,2.0,8.0,49.0,SF,0.381,0.496,0.5,1.5,1.1,0.8,0.4,0.4,1.3,4.9
399,Solomon Hill,203524,10.0,10.0,24.0,5.0,9.0,1.0,0.0,1.0,0.0,13.0,0.0,1.0,0.0,0.0,1.0,0.0,2.0,3.0,10.0,20.0,SF,0.378,0.446,0.5,2.4,1.8,0.7,0.2,0.9,1.4,5.4
400,Spencer Dinwiddie,203915,6.0,12.0,39.0,39.0,25.0,2.0,0.0,0.0,2.0,18.0,0.0,3.0,6.0,5.0,1.0,0.0,3.0,11.0,45.0,223.0,SG,0.308,0.485,0.5,3.0,6.8,0.6,0.3,2.7,2.8,20.6
401,Stanley Johnson,1626169,0.0,0.0,1.0,0.0,1.0,0.0,0.0,0.0,0.0,2.0,0.0,0.0,0.0,0.0,0.0,0.0,0.0,0.0,0.0,5.0,PF,0.154,0.333,0.2,1.0,0.4,0.2,0.1,0.4,0.5,1.2
402,Stephen Curry,201939,1.0,1.0,3.0,3.0,1.0,3.0,0.0,1.0,0.0,3.0,0.0,0.0,0.0,0.0,1.0,1.0,1.0,2.0,1.0,12.0,PG,0.245,0.636,0.8,4.4,6.6,1.0,0.4,3.2,2.2,20.8
403,Sterling Brown,1628425,11.0,5.0,11.0,6.0,3.0,0.0,0.0,0.0,0.0,7.0,0.0,1.0,2.0,0.0,1.0,0.0,0.0,3.0,5.0,32.0,SF,0.316,0.423,0.6,3.0,1.0,0.5,0.2,0.8,1.0,5.0
404,Steven Adams,203500,0.0,0.0,0.0,0.0,0.0,0.0,1.0,0.0,0.0,0.0,0.0,0.0,2.0,0.0,1.0,0.0,0.0,17.0,58.0,183.0,C,0.333,0.593,3.4,6.0,2.4,0.9,1.1,1.5,1.9,10.9
405,TJ McConnell,204456,0.0,2.0,1.0,1.0,1.0,0.0,0.0,1.0,3.0,1.0,0.0,2.0,18.0,2.0,11.0,1.0,4.0,23.0,36.0,80.0,PG,0.333,0.524,0.5,2.1,5.0,0.7,0.2,1.4,1.1,6.5
406,TJ Warren,203933,30.0,9.0,18.0,8.0,4.0,0.0,0.0,5.0,1.0,17.0,1.0,25.0,10.0,10.0,10.0,0.0,24.0,47.0,56.0,193.0,SF,0.375,0.5710000000000001,1.0,3.0,1.4,1.1,0.4,1.3,2.8,18.7
407,TJ Leaf,1628388,1.0,1.0,0.0,1.0,2.0,0.0,0.0,0.0,0.0,0.0,0.0,0.0,1.0,0.0,0.0,0.0,0.0,0.0,3.0,21.0,PF,0.35700000000000004,0.455,0.8,1.7,0.2,0.3,0.1,0.3,0.7,2.9
408,Tacko Fall,1629605,0.0,0.0,0.0,0.0,0.0,0.0,0.0,0.0,0.0,0.0,0.0,0.0,0.0,0.0,0.0,0.0,0.0,0.0,2.0,7.0,C,0.0,0.75,0.0,1.8,0.0,0.0,0.3,0.5,0.8,3.2
409,Taj Gibson,201959,1.0,1.0,2.0,0.0,0.0,0.0,0.0,1.0,1.0,3.0,0.0,2.0,2.0,0.0,2.0,0.0,11.0,7.0,12.0,120.0,C,0.28600000000000003,0.599,1.8,2.5,0.8,0.4,0.5,0.8,2.0,6.1
410,Tariq Owens,1629745,0.0,0.0,0.0,0.0,0.0,0.0,0.0,0.0,0.0,0.0,0.0,0.0,0.0,0.0,0.0,0.0,0.0,0.0,0.0,1.0,PF,0.0,0.333,0.7,0.3,0.0,0.3,0.0,0.0,0.3,1.3
411,Taurean Prince,1627752,20.0,24.0,35.0,38.0,26.0,1.0,0.0,4.0,2.0,21.0,1.0,2.0,3.0,0.0,1.0,0.0,7.0,12.0,20.0,81.0,SF,0.339,0.429,0.8,5.2,1.8,0.9,0.4,2.0,2.5,12.1
412,Terance Mann,1629611,0.0,2.0,1.0,0.0,0.0,0.0,0.0,0.0,0.0,1.0,0.0,0.0,0.0,0.0,0.0,0.0,0.0,2.0,3.0,14.0,SG,0.25,0.452,0.1,0.8,1.1,0.2,0.1,0.4,1.0,1.6
413,Terence Davis,1629056,11.0,16.0,26.0,20.0,15.0,0.0,0.0,0.0,0.0,17.0,0.0,0.0,1.0,0.0,0.0,0.0,0.0,1.0,5.0,86.0,SG,0.396,0.55,0.7,2.7,1.7,0.5,0.2,1.0,1.6,7.7
414,Terrance Ferguson,1628390,11.0,11.0,7.0,10.0,5.0,1.0,0.0,0.0,1.0,4.0,0.0,0.0,1.0,0.0,0.0,2.0,3.0,1.0,0.0,20.0,SF,0.297,0.636,0.5,1.0,0.9,0.5,0.3,0.6,2.9,4.2
415,Terrence Ross,203082,12.0,5.0,48.0,59.0,35.0,2.0,0.0,3.0,1.0,19.0,2.0,3.0,2.0,3.0,8.0,2.0,27.0,21.0,16.0,57.0,SG,0.35700000000000004,0.477,0.2,3.0,1.2,1.1,0.3,1.0,1.5,14.8
416,Terry Rozier,1626179,23.0,14.0,58.0,56.0,19.0,2.0,0.0,1.0,1.0,37.0,1.0,6.0,5.0,1.0,5.0,2.0,13.0,26.0,34.0,125.0,PG,0.407,0.436,0.8,3.6,4.1,1.0,0.2,2.2,2.0,18.0
417,Thabo Sefolosha,200757,5.0,5.0,1.0,3.0,1.0,0.0,0.0,0.0,1.0,0.0,0.0,0.0,0.0,0.0,0.0,0.0,0.0,1.0,0.0,20.0,PF,0.278,0.595,0.5,1.8,0.6,0.6,0.3,0.4,1.0,2.2
418,Thaddeus Young,201152,29.0,6.0,19.0,14.0,11.0,0.0,0.0,1.0,0.0,9.0,1.0,3.0,0.0,0.0,2.0,0.0,2.0,4.0,47.0,130.0,PF,0.35600000000000004,0.501,1.5,3.5,1.8,1.4,0.4,1.6,2.1,10.3
419,Thanasis Antetokounmpo,203648,0.0,0.0,0.0,0.0,0.0,0.0,0.0,0.0,0.0,0.0,0.0,0.0,0.0,0.0,0.0,0.0,0.0,2.0,0.0,17.0,SF,0.0,0.655,0.6,0.4,0.5,0.3,0.1,0.6,0.7,2.5
420,Theo Pinson,1629033,0.0,1.0,6.0,4.0,4.0,0.0,0.0,0.0,0.0,1.0,0.0,0.0,0.0,0.0,0.0,0.0,1.0,1.0,2.0,26.0,SG,0.188,0.4,0.3,1.3,1.7,0.5,0.1,1.0,1.1,3.6
421,Thomas Bryant,1628418,1.0,1.0,4.0,6.0,10.0,0.0,0.0,3.0,1.0,3.0,0.0,4.0,6.0,2.0,2.0,0.0,9.0,5.0,10.0,116.0,C,0.407,0.64,2.0,4.9,1.9,0.4,0.9,1.3,2.2,12.1
422,Thon Maker,1627748,5.0,5.0,3.0,8.0,1.0,0.0,0.0,1.0,0.0,3.0,0.0,2.0,1.0,1.0,1.0,0.0,0.0,3.0,11.0,50.0,C,0.344,0.55,0.9,1.9,0.7,0.4,0.7,0.8,1.7,4.7
423,Tim Frazier,204025,0.0,3.0,3.0,3.0,1.0,0.0,0.0,0.0,0.0,4.0,0.0,2.0,1.0,1.0,0.0,0.0,4.0,1.0,3.0,11.0,PG,0.333,0.375,0.3,0.9,3.4,0.5,0.1,1.3,1.6,3.6
424,Tim Hardaway Jr,203501,19.0,35.0,37.0,66.0,27.0,0.0,0.0,3.0,4.0,20.0,0.0,3.0,8.0,4.0,9.0,1.0,17.0,13.0,23.0,71.0,SG,0.407,0.478,0.4,2.8,2.0,0.6,0.1,1.0,1.7,15.8
425,Tobias Harris,202699,15.0,13.0,37.0,28.0,23.0,1.0,0.0,3.0,0.0,24.0,0.0,11.0,12.0,10.0,8.0,0.0,15.0,52.0,85.0,174.0,PF,0.362,0.521,0.8,5.9,3.2,0.8,0.5,1.5,2.3,19.4
426,Tony Bradley,1628396,0.0,0.0,0.0,0.0,1.0,0.0,0.0,0.0,0.0,0.0,0.0,0.0,0.0,0.0,0.0,0.0,0.0,1.0,11.0,90.0,C,1.0,0.662,1.8,2.5,0.3,0.2,0.5,0.5,2.0,4.7
427,Tony Snell,203503,19.0,23.0,29.0,20.0,11.0,0.0,0.0,3.0,3.0,22.0,1.0,1.0,2.0,0.0,0.0,0.0,1.0,6.0,14.0,34.0,SF,0.402,0.531,0.2,1.7,2.2,0.5,0.3,0.5,1.7,8.0
428,Torrey Craig,1628470,9.0,4.0,12.0,7.0,4.0,0.0,0.0,1.0,0.0,9.0,1.0,0.0,0.0,0.0,0.0,1.0,0.0,1.0,2.0,54.0,SF,0.33,0.606,1.0,2.2,0.7,0.4,0.6,0.4,2.2,5.0
429,Trae Young,1629027,4.0,9.0,51.0,50.0,50.0,31.0,10.0,0.0,2.0,24.0,0.0,1.0,6.0,1.0,4.0,2.0,21.0,75.0,67.0,155.0,PG,0.361,0.501,0.5,3.7,9.3,1.1,0.1,4.8,1.7,29.6
430,Tremont Waters,1629682,0.0,0.0,0.0,2.0,1.0,0.0,0.0,1.0,0.0,1.0,0.0,0.0,0.0,0.0,0.0,0.0,0.0,0.0,1.0,6.0,PG,0.17600000000000002,0.5,0.0,0.9,1.2,0.5,0.2,1.0,1.1,3.3
431,Treveon Graham,1626203,3.0,5.0,10.0,14.0,1.0,0.0,0.0,0.0,0.0,7.0,0.0,1.0,1.0,0.0,0.0,0.0,0.0,2.0,15.0,35.0,SG,0.275,0.443,0.9,1.8,0.8,0.4,0.1,0.5,1.9,4.4
432,Trevor Ariza,2772,15.0,17.0,18.0,20.0,7.0,0.0,0.0,0.0,0.0,10.0,0.0,0.0,0.0,0.0,0.0,0.0,0.0,0.0,4.0,61.0,SF,0.3720000000000001,0.556,0.6,4.0,1.7,1.3,0.3,1.1,2.1,8.0
433,Trey Burke,203504,1.0,3.0,4.0,4.0,4.0,0.0,0.0,0.0,0.0,2.0,0.0,1.0,2.0,1.0,2.0,0.0,8.0,4.0,3.0,22.0,PG,0.421,0.483,0.6,0.8,2.1,0.3,0.0,0.5,0.8,5.9
434,Trey Lyles,1626168,10.0,13.0,18.0,14.0,9.0,1.0,0.0,0.0,1.0,7.0,0.0,2.0,2.0,1.0,1.0,0.0,6.0,7.0,8.0,59.0,PF,0.387,0.503,1.1,4.6,1.1,0.4,0.4,0.6,1.6,6.4
435,Tristan Thompson,202684,0.0,1.0,1.0,1.0,4.0,2.0,0.0,0.0,0.0,1.0,0.0,2.0,5.0,0.0,1.0,0.0,1.0,6.0,76.0,188.0,C,0.391,0.518,4.0,6.2,2.1,0.6,0.9,1.8,2.2,12.0
436,Troy Brown Jr,1628972,14.0,7.0,20.0,6.0,2.0,0.0,1.0,3.0,2.0,16.0,1.0,5.0,6.0,2.0,3.0,0.0,15.0,4.0,24.0,109.0,SG,0.345,0.496,1.0,4.3,2.3,1.2,0.1,1.1,1.8,9.7
437,Troy Daniels,203584,7.0,6.0,10.0,12.0,5.0,0.0,0.0,1.0,0.0,7.0,0.0,2.0,0.0,0.0,1.0,0.0,0.0,4.0,5.0,8.0,SG,0.354,0.478,0.3,0.8,0.3,0.2,0.1,0.2,0.7,4.1
438,Ty Jerome,1629660,2.0,1.0,3.0,6.0,1.0,0.0,0.0,0.0,0.0,1.0,0.0,0.0,0.0,1.0,0.0,0.0,1.0,7.0,6.0,9.0,PG,0.277,0.407,0.2,1.3,1.5,0.5,0.1,0.6,1.0,3.5
439,Tyler Cook,1629076,0.0,0.0,0.0,0.0,0.0,0.0,0.0,0.0,0.0,0.0,0.0,1.0,0.0,0.0,0.0,0.0,0.0,0.0,1.0,5.0,PF,0.0,0.7,0.4,0.5,0.1,0.1,0.0,0.1,0.4,1.7
440,Tyler Herro,1629639,7.0,12.0,30.0,27.0,23.0,0.0,0.0,7.0,5.0,21.0,0.0,7.0,4.0,4.0,4.0,3.0,10.0,19.0,13.0,39.0,SG,0.391,0.434,0.3,3.7,1.9,0.6,0.1,1.5,1.3,12.9
441,Tyler Johnson,204020,3.0,4.0,9.0,6.0,2.0,0.0,0.0,0.0,0.0,8.0,0.0,4.0,3.0,1.0,1.0,0.0,2.0,3.0,5.0,17.0,SG,0.289,0.466,0.3,1.4,1.6,0.4,0.3,0.8,1.4,5.7
442,Tyrone Wallace,1627820,0.0,0.0,0.0,0.0,1.0,0.0,0.0,0.0,0.0,0.0,0.0,0.0,0.0,0.0,0.0,0.0,0.0,2.0,0.0,11.0,SG,0.067,0.448,0.2,1.4,0.9,0.5,0.1,0.7,1.4,2.9
443,Tyson Chandler,2199,0.0,0.0,0.0,0.0,0.0,0.0,0.0,0.0,0.0,0.0,0.0,0.0,0.0,0.0,0.0,0.0,0.0,0.0,0.0,14.0,C,0.0,0.778,1.0,1.6,0.2,0.2,0.3,0.3,1.2,1.3
444,Tyus Jones,1626145,6.0,5.0,17.0,11.0,7.0,1.0,0.0,1.0,1.0,11.0,2.0,2.0,4.0,4.0,9.0,0.0,4.0,34.0,34.0,52.0,PG,0.379,0.4920000000000001,0.1,1.4,4.4,0.9,0.1,0.8,0.7,7.4
445,Udonis Haslem,2617,0.0,0.0,0.0,0.0,0.0,0.0,0.0,0.0,0.0,0.0,0.0,0.0,0.0,0.0,0.0,0.0,0.0,0.0,1.0,0.0,PF,0.0,0.25,0.0,2.7,0.3,0.0,0.0,0.0,1.0,1.7
446,Victor Oladipo,203506,1.0,0.0,4.0,7.0,8.0,1.0,0.0,0.0,1.0,2.0,0.0,1.0,2.0,1.0,2.0,1.0,5.0,4.0,4.0,19.0,SG,0.304,0.457,0.5,2.6,3.0,0.8,0.2,2.2,1.6,13.8
447,Vince Carter,1713,8.0,5.0,19.0,17.0,12.0,0.0,0.0,1.0,0.0,12.0,0.0,3.0,4.0,2.0,3.0,1.0,3.0,6.0,11.0,11.0,SF,0.302,0.451,0.3,1.8,0.8,0.4,0.4,0.6,1.5,5.0
448,Vincent Poirier,1629738,0.0,0.0,0.0,0.0,1.0,0.0,0.0,0.0,0.0,0.0,0.0,0.0,0.0,0.0,0.0,0.0,3.0,0.0,2.0,10.0,C,0.5,0.484,0.5,1.1,0.3,0.1,0.3,0.3,1.1,1.9
449,Vlatko Cancar,1628427,0.0,0.0,0.0,1.0,0.0,0.0,0.0,0.0,0.0,0.0,0.0,0.0,0.0,0.0,0.0,0.0,0.0,0.0,0.0,5.0,SF,0.16699999999999998,0.556,0.4,0.4,0.2,0.1,0.1,0.2,0.5,1.2
450,Wayne Ellington,201961,3.0,7.0,17.0,15.0,7.0,0.0,0.0,1.0,0.0,9.0,0.0,0.0,0.0,1.0,1.0,0.0,2.0,0.0,0.0,6.0,SG,0.35,0.355,0.1,1.7,1.2,0.4,0.1,0.5,1.1,5.1
451,Wendell Carter Jr,1628976,1.0,1.0,2.0,1.0,1.0,0.0,0.0,0.0,0.0,1.0,0.0,4.0,5.0,1.0,0.0,0.0,4.0,8.0,18.0,137.0,C,0.207,0.564,3.2,6.2,1.2,0.8,0.8,1.7,3.8,11.3
452,Wenyen Gabriel,1629117,3.0,1.0,1.0,0.0,1.0,0.0,0.0,0.0,0.0,0.0,0.0,0.0,1.0,0.0,0.0,0.0,0.0,0.0,0.0,13.0,PF,0.3,0.5379999999999999,0.6,1.0,0.3,0.4,0.2,0.6,1.3,2.1
453,Wesley Matthews,202083,17.0,15.0,28.0,24.0,17.0,0.0,0.0,0.0,1.0,16.0,0.0,0.0,3.0,0.0,0.0,0.0,2.0,3.0,8.0,39.0,SG,0.365,0.468,0.3,2.2,1.5,0.6,0.1,0.7,1.5,7.5
454,Will Barton,203115,13.0,7.0,24.0,29.0,33.0,0.0,1.0,0.0,2.0,18.0,0.0,3.0,4.0,5.0,5.0,0.0,11.0,17.0,29.0,142.0,SF,0.375,0.498,1.3,5.0,3.7,1.1,0.5,1.5,2.1,15.1
455,Willie CauleyStein,1626161,0.0,0.0,0.0,0.0,0.0,0.0,0.0,0.0,0.0,0.0,0.0,1.0,4.0,0.0,2.0,0.0,4.0,5.0,21.0,138.0,C,0.0,0.581,1.6,4.3,1.3,0.9,1.1,0.7,2.2,7.2
456,Wilson Chandler,201163,5.0,7.0,3.0,15.0,7.0,0.0,0.0,1.0,0.0,2.0,0.0,0.0,0.0,1.0,2.0,0.0,1.0,1.0,15.0,15.0,SF,0.306,0.597,0.3,3.8,1.1,0.5,0.3,1.0,2.3,5.9
457,Yogi Ferrell,1627812,4.0,3.0,5.0,4.0,3.0,0.0,0.0,0.0,2.0,7.0,0.0,0.0,1.0,1.0,6.0,0.0,9.0,11.0,1.0,12.0,PG,0.275,0.48,0.1,1.0,1.3,0.3,0.1,0.6,0.7,4.2
458,Yuta Watanabe,1629139,1.0,0.0,1.0,1.0,0.0,0.0,0.0,0.0,0.0,1.0,0.0,0.0,0.0,0.0,0.0,0.0,1.0,0.0,1.0,7.0,SG,0.375,0.429,0.4,0.7,0.3,0.3,0.1,0.1,0.6,1.9
459,Zach Collins,1628380,0.0,0.0,1.0,0.0,2.0,0.0,0.0,0.0,0.0,1.0,0.0,1.0,0.0,0.0,0.0,0.0,0.0,0.0,0.0,5.0,PF,0.429,0.5,1.3,2.7,2.0,0.0,0.7,2.0,3.7,9.0
460,Zach LaVine,203897,27.0,14.0,55.0,46.0,36.0,6.0,0.0,7.0,3.0,28.0,0.0,3.0,2.0,3.0,5.0,5.0,15.0,7.0,7.0,289.0,SG,0.38,0.4970000000000001,0.7,4.1,4.2,1.5,0.5,3.4,2.2,25.5
461,Zhaire Smith,1629015,0.0,0.0,0.0,0.0,0.0,0.0,0.0,0.0,0.0,0.0,0.0,0.0,0.0,0.0,0.0,0.0,0.0,0.0,0.0,3.0,SG,0.0,0.375,0.0,0.3,0.3,0.4,0.0,0.3,0.6,1.1
462,Zion Williamson,1629627,0.0,0.0,2.0,2.0,2.0,0.0,0.0,0.0,0.0,2.0,0.0,1.0,1.0,0.0,0.0,0.0,0.0,1.0,6.0,157.0,PF,0.462,0.595,2.9,3.9,2.2,0.8,0.5,2.7,1.7,23.6
463,Zylan Cheatham,1629597,0.0,0.0,0.0,0.0,0.0,0.0,0.0,0.0,0.0,0.0,0.0,0.0,0.0,0.0,0.0,0.0,0.0,0.0,0.0,2.0,SF,0.0,0.5,0.3,1.7,0.7,0.0,0.3,1.0,1.7,1.3
