,PLAYER_ID,left_corner_3,right_corner_3,left_wing_3,right_wing_3,center_3,deep_3,heave,left_baseline_deep_2,right_baseline_deep_2,left_wing_deep_2,right_wing_deep_2,left_baseline_short_2,right_baseline_short_2,left_wing_short_2,right_wing_short_2,deep_center_2,short_center_2,floater_range,in_the_paint,restricted_area
Aaron Gordon,203932,10.0,5.0,16.0,23.0,14.0,0.0,0.0,0.0,4.0,12.0,0.0,9.0,5.0,4.0,1.0,1.0,5.0,21.0,21.0,173.0
Aaron Holiday,1628988,5.0,10.0,24.0,22.0,18.0,1.0,0.0,0.0,0.0,18.0,1.0,3.0,1.0,3.0,1.0,0.0,12.0,7.0,20.0,68.0
Abdel Nader,1627846,7.0,7.0,13.0,8.0,4.0,0.0,0.0,1.0,0.0,7.0,0.0,0.0,0.0,0.0,0.0,0.0,1.0,2.0,9.0,47.0
Adam Mokoka,1629690,1.0,2.0,3.0,0.0,0.0,0.0,0.0,0.0,0.0,2.0,0.0,0.0,0.0,0.0,0.0,0.0,0.0,0.0,0.0,6.0
Admiral Schofield,1629678,3.0,3.0,3.0,2.0,3.0,0.0,0.0,0.0,0.0,1.0,0.0,3.0,0.0,0.0,1.0,0.0,0.0,0.0,3.0,9.0
Al Horford,201143,4.0,5.0,20.0,23.0,37.0,0.0,0.0,7.0,3.0,13.0,0.0,8.0,17.0,0.0,4.0,1.0,21.0,9.0,29.0,97.0
Al-Farouq Aminu,202329,2.0,1.0,1.0,2.0,3.0,0.0,0.0,0.0,0.0,0.0,0.0,0.0,0.0,0.0,0.0,0.0,1.0,1.0,4.0,10.0
Alec Burks,202692,14.0,8.0,27.0,28.0,21.0,2.0,0.0,2.0,4.0,19.0,2.0,6.0,9.0,4.0,4.0,1.0,10.0,18.0,23.0,89.0
Alen Smailagic,1629346,1.0,0.0,0.0,1.0,1.0,0.0,0.0,0.0,0.0,0.0,0.0,0.0,0.0,0.0,0.0,0.0,1.0,0.0,2.0,14.0
Alex Caruso,1627936,5.0,7.0,8.0,10.0,8.0,0.0,0.0,0.0,0.0,3.0,0.0,0.0,1.0,1.0,0.0,0.0,3.0,2.0,2.0,63.0
Alex Len,203458,5.0,4.0,0.0,1.0,4.0,0.0,0.0,0.0,0.0,0.0,0.0,0.0,0.0,0.0,0.0,0.0,0.0,5.0,26.0,122.0
Alfonzo McKinnie,1628035,3.0,5.0,4.0,1.0,1.0,0.0,0.0,0.0,0.0,3.0,0.0,1.0,2.0,1.0,1.0,0.0,0.0,1.0,9.0,44.0
Alize Johnson,1628993,0.0,0.0,0.0,0.0,0.0,0.0,0.0,0.0,0.0,0.0,0.0,0.0,0.0,0.0,0.0,0.0,0.0,0.0,1.0,6.0
Allen Crabbe,203459,5.0,8.0,11.0,9.0,3.0,0.0,0.0,0.0,0.0,7.0,0.0,1.0,1.0,1.0,0.0,1.0,1.0,7.0,1.0,12.0
Allonzo Trier,1629019,0.0,3.0,4.0,8.0,4.0,0.0,0.0,1.0,0.0,5.0,0.0,2.0,2.0,3.0,1.0,0.0,3.0,3.0,0.0,15.0
Amile Jefferson,1628518,0.0,0.0,0.0,0.0,0.0,0.0,0.0,0.0,0.0,0.0,0.0,0.0,0.0,0.0,0.0,0.0,0.0,1.0,2.0,2.0
Amir Coffey,1629599,0.0,0.0,0.0,1.0,0.0,0.0,0.0,0.0,0.0,0.0,0.0,0.0,1.0,1.0,0.0,0.0,0.0,4.0,1.0,5.0
Andre Drummond,203083,1.0,2.0,0.0,0.0,2.0,0.0,0.0,0.0,0.0,0.0,0.0,1.0,4.0,0.0,0.0,0.0,0.0,4.0,65.0,339.0
Andre Iguodala,2738,0.0,4.0,3.0,2.0,0.0,0.0,0.0,0.0,0.0,0.0,0.0,0.0,0.0,1.0,0.0,0.0,2.0,0.0,0.0,12.0
Andrew Wiggins,203952,13.0,3.0,41.0,26.0,24.0,4.0,0.0,1.0,3.0,28.0,1.0,5.0,2.0,5.0,2.0,3.0,8.0,28.0,55.0,201.0
Anfernee Simons,1629014,10.0,4.0,29.0,20.0,10.0,1.0,0.0,0.0,4.0,17.0,1.0,4.0,4.0,4.0,6.0,1.0,8.0,12.0,18.0,68.0
Ante Zizic,1627790,0.0,0.0,0.0,0.0,0.0,0.0,0.0,0.0,0.0,0.0,0.0,2.0,1.0,0.0,1.0,0.0,0.0,2.0,7.0,28.0
Anthony Davis,203076,15.0,2.0,18.0,15.0,15.0,0.0,0.0,6.0,1.0,16.0,2.0,23.0,10.0,16.0,1.0,2.0,14.0,28.0,51.0,280.0
Anthony Tolliver,201229,5.0,9.0,6.0,11.0,7.0,1.0,0.0,0.0,1.0,4.0,1.0,1.0,0.0,0.0,0.0,0.0,0.0,1.0,2.0,9.0
Antonius Cleveland,1628499,0.0,0.0,0.0,0.0,0.0,0.0,0.0,0.0,0.0,0.0,0.0,0.0,0.0,0.0,0.0,0.0,0.0,0.0,0.0,2.0
Anzejs Pasecniks,1628394,0.0,0.0,0.0,0.0,0.0,0.0,0.0,0.0,0.0,0.0,0.0,0.0,0.0,0.0,0.0,0.0,1.0,3.0,14.0,38.0
Aron Baynes,203382,2.0,4.0,12.0,7.0,33.0,1.0,0.0,0.0,0.0,2.0,0.0,3.0,1.0,0.0,0.0,0.0,1.0,3.0,29.0,87.0
Austin Rivers,203085,18.0,7.0,31.0,20.0,6.0,0.0,0.0,0.0,1.0,20.0,0.0,0.0,1.0,0.0,1.0,0.0,1.0,3.0,17.0,76.0
Avery Bradley,202340,21.0,9.0,16.0,13.0,4.0,0.0,0.0,1.0,2.0,14.0,1.0,3.0,2.0,4.0,5.0,1.0,17.0,10.0,7.0,47.0
BJ Johnson,1629168,0.0,1.0,0.0,0.0,0.0,0.0,0.0,0.0,0.0,0.0,0.0,0.0,1.0,0.0,0.0,0.0,0.0,0.0,0.0,3.0
Bam Adebayo,1628389,0.0,1.0,0.0,0.0,0.0,0.0,0.0,0.0,1.0,0.0,0.0,3.0,5.0,0.0,2.0,0.0,4.0,43.0,63.0,284.0
Ben McLemore,203463,21.0,33.0,52.0,37.0,10.0,1.0,0.0,0.0,0.0,29.0,0.0,0.0,0.0,0.0,0.0,0.0,0.0,1.0,1.0,53.0
Ben Simmons,1627732,1.0,1.0,0.0,0.0,0.0,0.0,0.0,0.0,0.0,0.0,0.0,1.0,2.0,0.0,0.0,0.0,1.0,2.0,52.0,301.0
Bismack Biyombo,202687,0.0,0.0,0.0,0.0,0.0,0.0,0.0,0.0,0.0,0.0,0.0,0.0,2.0,0.0,0.0,0.0,0.0,3.0,18.0,128.0
Blake Griffin,201933,3.0,1.0,8.0,4.0,10.0,1.0,0.0,0.0,0.0,4.0,0.0,2.0,0.0,1.0,0.0,0.0,0.0,0.0,8.0,50.0
Boban Marjanovic,1626246,0.0,1.0,0.0,2.0,1.0,0.0,0.0,0.0,0.0,0.0,0.0,3.0,3.0,1.0,1.0,0.0,1.0,2.0,18.0,63.0
Bobby Portis,1626171,12.0,4.0,7.0,24.0,19.0,0.0,0.0,5.0,6.0,7.0,3.0,7.0,7.0,1.0,5.0,2.0,9.0,22.0,36.0,90.0
Bogdan Bogdanovic,203992,13.0,12.0,60.0,33.0,18.0,1.0,0.0,2.0,1.0,36.0,1.0,2.0,4.0,0.0,12.0,3.0,12.0,18.0,23.0,56.0
Bojan Bogdanovic,202711,29.0,39.0,45.0,46.0,28.0,1.0,0.0,2.0,2.0,16.0,0.0,2.0,6.0,1.0,1.0,0.0,3.0,22.0,49.0,141.0
Brad Wanamaker,202954,1.0,1.0,16.0,7.0,8.0,0.0,0.0,0.0,0.0,7.0,0.0,2.0,2.0,1.0,2.0,1.0,3.0,9.0,11.0,69.0
Bradley Beal,203078,14.0,5.0,66.0,51.0,33.0,1.0,0.0,6.0,4.0,42.0,1.0,12.0,17.0,12.0,8.0,1.0,35.0,42.0,44.0,236.0
Brandon Clarke,1629634,4.0,4.0,4.0,3.0,6.0,0.0,0.0,0.0,0.0,4.0,0.0,0.0,2.0,0.0,0.0,0.0,2.0,39.0,28.0,160.0
Brandon Goodwin,1629164,2.0,0.0,8.0,11.0,5.0,0.0,0.0,0.0,0.0,6.0,0.0,1.0,1.0,0.0,2.0,1.0,1.0,6.0,10.0,27.0
Brandon Ingram,1627742,23.0,18.0,40.0,36.0,19.0,0.0,0.0,5.0,0.0,25.0,0.0,20.0,14.0,6.0,10.0,0.0,17.0,39.0,27.0,186.0
Brandon Knight,202688,3.0,2.0,16.0,11.0,13.0,0.0,0.0,0.0,0.0,7.0,0.0,0.0,1.0,0.0,1.0,0.0,0.0,4.0,4.0,4.0
Brian Bowen II,1628968,0.0,0.0,0.0,0.0,0.0,0.0,0.0,0.0,0.0,0.0,0.0,0.0,0.0,0.0,0.0,0.0,0.0,0.0,1.0,1.0
Brook Lopez,201572,11.0,7.0,21.0,30.0,15.0,0.0,0.0,1.0,0.0,7.0,0.0,2.0,11.0,1.0,1.0,0.0,3.0,14.0,33.0,94.0
Bruce Brown,1628971,11.0,14.0,3.0,5.0,0.0,0.0,0.0,1.0,0.0,1.0,0.0,2.0,1.0,0.0,0.0,0.0,0.0,3.0,41.0,117.0
Bruno Caboclo,203998,1.0,2.0,0.0,0.0,0.0,0.0,0.0,1.0,0.0,0.0,1.0,0.0,0.0,1.0,0.0,0.0,0.0,1.0,4.0,21.0
Bruno Fernando,1628981,0.0,1.0,2.0,2.0,0.0,0.0,0.0,0.0,0.0,1.0,0.0,1.0,2.0,0.0,0.0,0.0,0.0,3.0,7.0,85.0
Bryn Forbes,1627854,5.0,10.0,54.0,56.0,23.0,0.0,0.0,0.0,1.0,28.0,1.0,2.0,2.0,1.0,4.0,3.0,21.0,8.0,14.0,29.0
Buddy Hield,1627741,33.0,21.0,93.0,57.0,39.0,1.0,0.0,5.0,5.0,54.0,0.0,8.0,5.0,12.0,8.0,1.0,19.0,16.0,15.0,107.0
CJ McCollum,203468,21.0,19.0,55.0,47.0,31.0,1.0,0.0,5.0,8.0,37.0,2.0,16.0,15.0,10.0,19.0,1.0,32.0,54.0,59.0,134.0
CJ Miles,101139,0.0,2.0,2.0,4.0,3.0,0.0,0.0,0.0,0.0,3.0,0.0,0.0,0.0,0.0,0.0,0.0,0.0,0.0,1.0,6.0
Caleb Martin,1628997,1.0,3.0,10.0,3.0,3.0,0.0,0.0,0.0,1.0,4.0,0.0,0.0,0.0,0.0,0.0,0.0,1.0,0.0,1.0,14.0
Caleb Swanigan,1628403,0.0,0.0,0.0,0.0,0.0,0.0,0.0,0.0,0.0,0.0,0.0,0.0,0.0,0.0,0.0,0.0,1.0,2.0,4.0,21.0
Cam Reddish,1629629,13.0,13.0,24.0,19.0,13.0,1.0,0.0,0.0,1.0,14.0,3.0,1.0,3.0,3.0,4.0,0.0,7.0,10.0,20.0,74.0
Cameron Johnson,1629661,19.0,21.0,24.0,21.0,6.0,0.0,0.0,0.0,0.0,12.0,2.0,0.0,5.0,1.0,0.0,1.0,2.0,1.0,0.0,32.0
Caris LeVert,1627747,8.0,4.0,30.0,13.0,17.0,0.0,0.0,0.0,1.0,19.0,0.0,1.0,3.0,3.0,3.0,0.0,3.0,33.0,31.0,99.0
Carmelo Anthony,2546,5.0,14.0,24.0,22.0,7.0,0.0,0.0,2.0,11.0,23.0,5.0,16.0,33.0,8.0,6.0,0.0,7.0,18.0,15.0,81.0
Carsen Edwards,1629035,0.0,1.0,9.0,6.0,5.0,0.0,0.0,0.0,0.0,6.0,0.0,1.0,0.0,3.0,0.0,1.0,4.0,0.0,0.0,5.0
Cedi Osman,1626224,13.0,18.0,41.0,40.0,9.0,2.0,0.0,0.0,0.0,11.0,0.0,3.0,4.0,1.0,2.0,1.0,1.0,7.0,20.0,103.0
Chandler Hutchison,1628990,5.0,3.0,2.0,2.0,0.0,0.0,0.0,0.0,0.0,1.0,0.0,1.0,0.0,0.0,0.0,0.0,0.0,2.0,9.0,56.0
Chandler Parsons,202718,0.0,1.0,0.0,1.0,1.0,1.0,0.0,0.0,0.0,0.0,0.0,0.0,0.0,0.0,0.0,0.0,0.0,0.0,0.0,1.0
Charles Brown Jr.,1629718,0.0,0.0,0.0,2.0,1.0,0.0,0.0,0.0,0.0,0.0,0.0,0.0,0.0,0.0,0.0,0.0,0.0,0.0,1.0,2.0
Cheick Diallo,1627767,0.0,1.0,0.0,0.0,0.0,0.0,0.0,0.0,1.0,0.0,0.0,1.0,1.0,1.0,0.0,0.0,2.0,7.0,6.0,68.0
Chimezie Metu,1629002,0.0,0.0,0.0,0.0,0.0,0.0,0.0,1.0,0.0,0.0,0.0,1.0,1.0,0.0,0.0,0.0,3.0,0.0,4.0,10.0
Chris Boucher,1628449,1.0,2.0,4.0,14.0,7.0,0.0,0.0,0.0,0.0,3.0,0.0,0.0,1.0,0.0,1.0,0.0,0.0,0.0,7.0,81.0
Chris Chiozza,1629185,1.0,1.0,7.0,4.0,5.0,0.0,0.0,0.0,0.0,5.0,0.0,0.0,0.0,0.0,0.0,0.0,0.0,0.0,3.0,10.0
Chris Clemons,1629598,0.0,1.0,10.0,11.0,10.0,1.0,0.0,0.0,0.0,3.0,0.0,0.0,1.0,0.0,0.0,0.0,0.0,0.0,1.0,15.0
Chris Paul,101108,6.0,2.0,34.0,21.0,35.0,2.0,1.0,2.0,2.0,16.0,0.0,11.0,20.0,17.0,26.0,1.0,28.0,83.0,39.0,54.0
Chris Silva,1629735,0.0,0.0,0.0,0.0,0.0,0.0,0.0,0.0,1.0,0.0,0.0,0.0,1.0,0.0,0.0,0.0,0.0,1.0,4.0,36.0
Christian Wood,1626174,4.0,11.0,14.0,17.0,8.0,0.0,0.0,0.0,4.0,4.0,0.0,1.0,3.0,1.0,1.0,0.0,2.0,4.0,28.0,188.0
Clint Capela,203991,0.0,0.0,0.0,0.0,0.0,0.0,0.0,1.0,0.0,0.0,0.0,0.0,0.0,0.0,0.0,0.0,0.0,0.0,24.0,219.0
Coby White,1629632,13.0,7.0,42.0,43.0,27.0,1.0,0.0,0.0,0.0,23.0,1.0,0.0,4.0,0.0,4.0,3.0,10.0,8.0,23.0,113.0
Cody Martin,1628998,4.0,2.0,5.0,5.0,2.0,0.0,0.0,0.0,0.0,5.0,0.0,0.0,0.0,0.0,0.0,2.0,1.0,0.0,3.0,64.0
Cody Zeller,203469,1.0,1.0,3.0,5.0,8.0,0.0,0.0,0.0,0.0,0.0,1.0,0.0,1.0,0.0,0.0,0.0,1.0,3.0,26.0,201.0
Collin Sexton,1629012,9.0,7.0,18.0,37.0,23.0,2.0,0.0,3.0,2.0,13.0,1.0,10.0,9.0,6.0,15.0,0.0,10.0,58.0,70.0,229.0
Cory Joseph,202709,10.0,4.0,17.0,11.0,5.0,0.0,0.0,0.0,0.0,14.0,0.0,3.0,3.0,4.0,0.0,0.0,10.0,13.0,23.0,44.0
Courtney Lee,201584,6.0,3.0,5.0,3.0,4.0,0.0,0.0,0.0,1.0,2.0,0.0,1.0,0.0,0.0,0.0,0.0,2.0,0.0,4.0,11.0
Cristiano Felicio,1626245,0.0,0.0,0.0,0.0,0.0,0.0,0.0,0.0,0.0,0.0,0.0,0.0,0.0,0.0,0.0,0.0,0.0,1.0,2.0,31.0
D'Angelo Russell,1626156,6.0,9.0,55.0,44.0,31.0,13.0,0.0,2.0,7.0,38.0,0.0,5.0,8.0,9.0,10.0,1.0,23.0,39.0,30.0,54.0
D.J. Augustin,201571,6.0,2.0,20.0,20.0,12.0,0.0,0.0,1.0,0.0,12.0,0.0,3.0,2.0,5.0,4.0,0.0,4.0,15.0,8.0,52.0
D.J. Wilson,1628391,5.0,4.0,0.0,2.0,3.0,0.0,0.0,1.0,0.0,0.0,0.0,1.0,1.0,0.0,1.0,0.0,0.0,1.0,1.0,19.0
DaQuan Jeffries,1629610,0.0,0.0,0.0,0.0,1.0,0.0,0.0,0.0,0.0,0.0,0.0,0.0,0.0,0.0,0.0,0.0,0.0,0.0,0.0,2.0
Damian Jones,1627745,0.0,2.0,0.0,0.0,0.0,0.0,0.0,0.0,0.0,0.0,0.0,0.0,0.0,0.0,0.0,0.0,1.0,0.0,3.0,115.0
Damian Lillard,203081,3.0,6.0,73.0,67.0,30.0,44.0,3.0,6.0,7.0,41.0,2.0,9.0,5.0,2.0,8.0,0.0,6.0,12.0,18.0,218.0
Damion Lee,1627814,11.0,9.0,20.0,31.0,14.0,0.0,0.0,2.0,3.0,15.0,0.0,8.0,4.0,2.0,7.0,0.0,5.0,18.0,18.0,57.0
Damyean Dotson,1628422,2.0,7.0,17.0,22.0,9.0,2.0,0.0,2.0,4.0,15.0,0.0,1.0,2.0,0.0,2.0,2.0,10.0,4.0,3.0,25.0
Daniel Gafford,1629655,0.0,0.0,0.0,0.0,0.0,0.0,0.0,0.0,0.0,0.0,0.0,0.0,0.0,0.0,0.0,0.0,0.0,0.0,3.0,91.0
Daniel Theis,1628464,2.0,1.0,6.0,5.0,12.0,0.0,0.0,0.0,0.0,1.0,0.0,3.0,4.0,1.0,0.0,0.0,4.0,9.0,23.0,145.0
Danilo Gallinari,201568,6.0,11.0,58.0,47.0,38.0,5.0,0.0,9.0,7.0,36.0,4.0,10.0,6.0,7.0,2.0,3.0,8.0,10.0,11.0,77.0
Danny Green,201980,27.0,24.0,19.0,35.0,6.0,1.0,0.0,2.0,3.0,13.0,0.0,1.0,3.0,0.0,1.0,0.0,1.0,5.0,9.0,41.0
Dante Exum,203957,2.0,1.0,3.0,7.0,2.0,0.0,0.0,0.0,0.0,1.0,0.0,1.0,2.0,0.0,0.0,0.0,0.0,0.0,6.0,32.0
Danuel House Jr.,1627863,18.0,30.0,24.0,28.0,11.0,1.0,0.0,1.0,0.0,18.0,0.0,0.0,3.0,0.0,0.0,0.0,1.0,3.0,4.0,82.0
Dario Saric,203967,4.0,3.0,21.0,17.0,28.0,0.0,0.0,0.0,2.0,11.0,0.0,1.0,5.0,0.0,1.0,1.0,7.0,7.0,13.0,103.0
Darius Bazley,1629647,9.0,6.0,5.0,8.0,1.0,0.0,0.0,0.0,2.0,4.0,0.0,0.0,1.0,0.0,0.0,1.0,0.0,1.0,10.0,44.0
Darius Garland,1629636,14.0,10.0,23.0,33.0,21.0,4.0,0.0,2.0,0.0,13.0,1.0,10.0,19.0,5.0,7.0,1.0,5.0,21.0,34.0,64.0
Daryl Macon,1629133,1.0,0.0,0.0,0.0,0.0,0.0,0.0,0.0,0.0,0.0,0.0,0.0,0.0,0.0,0.0,0.0,0.0,0.0,0.0,0.0
David Nwaba,1628021,3.0,3.0,1.0,5.0,0.0,0.0,0.0,0.0,0.0,1.0,0.0,0.0,0.0,0.0,0.0,0.0,0.0,0.0,4.0,21.0
Davis Bertans,202722,9.0,12.0,70.0,71.0,26.0,12.0,0.0,1.0,1.0,38.0,1.0,3.0,2.0,1.0,2.0,1.0,1.0,3.0,6.0,43.0
De'Aaron Fox,1628368,3.0,1.0,17.0,12.0,15.0,0.0,0.0,0.0,0.0,7.0,0.0,7.0,1.0,4.0,0.0,1.0,8.0,33.0,49.0,173.0
De'Andre Hunter,1629631,21.0,18.0,26.0,27.0,16.0,0.0,0.0,2.0,0.0,25.0,0.0,4.0,7.0,3.0,4.0,1.0,10.0,16.0,15.0,97.0
De'Anthony Melton,1629001,6.0,5.0,13.0,8.0,5.0,0.0,0.0,1.0,2.0,3.0,0.0,0.0,1.0,0.0,1.0,0.0,4.0,9.0,19.0,68.0
DeAndre Jordan,201599,0.0,0.0,0.0,0.0,0.0,0.0,0.0,0.0,0.0,0.0,0.0,0.0,0.0,0.0,0.0,0.0,1.0,0.0,8.0,182.0
DeAndre' Bembry,1627761,5.0,3.0,3.0,3.0,1.0,0.0,0.0,0.0,0.0,1.0,0.0,0.0,1.0,0.0,0.0,0.0,0.0,5.0,13.0,70.0
DeMar DeRozan,201942,4.0,0.0,3.0,1.0,0.0,0.0,0.0,8.0,4.0,8.0,2.0,30.0,15.0,16.0,13.0,1.0,37.0,60.0,94.0,203.0
DeMarre Carroll,201960,2.0,3.0,1.0,0.0,1.0,0.0,0.0,0.0,0.0,1.0,0.0,0.0,0.0,1.0,0.0,0.0,0.0,1.0,4.0,8.0
Dean Wade,1629731,0.0,1.0,1.0,0.0,0.0,0.0,0.0,0.0,0.0,1.0,0.0,0.0,0.0,0.0,0.0,0.0,0.0,0.0,0.0,7.0
Deandre Ayton,1629028,0.0,0.0,0.0,0.0,0.0,0.0,0.0,0.0,2.0,1.0,0.0,16.0,5.0,0.0,2.0,0.0,13.0,16.0,38.0,162.0
Dejounte Murray,1627749,6.0,6.0,11.0,7.0,4.0,0.0,0.0,3.0,2.0,8.0,0.0,12.0,7.0,10.0,8.0,0.0,20.0,28.0,21.0,105.0
Delon Wright,1626153,6.0,8.0,14.0,13.0,4.0,0.0,0.0,1.0,0.0,4.0,0.0,2.0,1.0,0.0,0.0,0.0,0.0,3.0,22.0,104.0
Dennis Schroder,203471,13.0,5.0,52.0,35.0,17.0,0.0,0.0,6.0,4.0,34.0,1.0,16.0,12.0,4.0,9.0,2.0,30.0,41.0,30.0,151.0
Dennis Smith Jr.,1628372,1.0,2.0,6.0,2.0,5.0,0.0,0.0,1.0,0.0,7.0,0.0,0.0,0.0,0.0,2.0,0.0,2.0,5.0,5.0,38.0
Denzel Valentine,1627756,4.0,5.0,15.0,9.0,9.0,4.0,0.0,0.0,0.0,9.0,0.0,0.0,3.0,3.0,1.0,0.0,5.0,17.0,13.0,6.0
Deonte Burton,1629126,1.0,1.0,3.0,2.0,2.0,1.0,0.0,0.0,0.0,3.0,0.0,0.0,0.0,0.0,0.0,0.0,0.0,0.0,1.0,26.0
Derrick Favors,202324,1.0,0.0,0.0,0.0,0.0,0.0,0.0,0.0,0.0,0.0,0.0,2.0,1.0,0.0,1.0,0.0,4.0,7.0,10.0,163.0
Derrick Jones Jr.,1627884,11.0,5.0,6.0,7.0,4.0,0.0,0.0,0.0,1.0,5.0,0.0,0.0,0.0,1.0,0.0,0.0,0.0,0.0,7.0,123.0
Derrick Rose,201565,3.0,6.0,20.0,9.0,7.0,0.0,0.0,1.0,0.0,14.0,0.0,11.0,14.0,2.0,8.0,2.0,16.0,26.0,62.0,174.0
Derrick Walton Jr.,1628476,1.0,1.0,2.0,1.0,5.0,0.0,0.0,1.0,0.0,1.0,0.0,0.0,0.0,1.0,1.0,0.0,1.0,1.0,0.0,2.0
Derrick White,1628401,5.0,6.0,12.0,16.0,18.0,0.0,0.0,0.0,1.0,5.0,0.0,1.0,3.0,3.0,2.0,1.0,7.0,19.0,33.0,85.0
Devin Booker,1626164,10.0,4.0,54.0,30.0,26.0,2.0,0.0,4.0,3.0,31.0,0.0,25.0,27.0,10.0,17.0,1.0,21.0,59.0,38.0,200.0
Devon Hall,1628985,0.0,0.0,0.0,0.0,0.0,0.0,0.0,0.0,0.0,0.0,0.0,0.0,0.0,0.0,0.0,0.0,0.0,0.0,0.0,1.0
Devonte' Graham,1628984,7.0,10.0,63.0,73.0,50.0,13.0,1.0,2.0,2.0,25.0,0.0,4.0,3.0,2.0,4.0,1.0,11.0,19.0,22.0,75.0
Dewan Hernandez,1629608,0.0,0.0,0.0,0.0,0.0,0.0,0.0,0.0,0.0,0.0,0.0,0.0,0.0,0.0,0.0,0.0,0.0,0.0,0.0,1.0
Dewayne Dedmon,203473,1.0,2.0,2.0,7.0,10.0,0.0,0.0,1.0,2.0,1.0,0.0,0.0,2.0,0.0,1.0,0.0,2.0,2.0,9.0,61.0
Dillon Brooks,1628415,5.0,8.0,45.0,51.0,23.0,0.0,0.0,1.0,0.0,30.0,0.0,7.0,7.0,7.0,16.0,1.0,14.0,44.0,35.0,93.0
Dion Waiters,203079,1.0,0.0,1.0,4.0,2.0,0.0,0.0,1.0,0.0,0.0,0.0,0.0,0.0,0.0,0.0,0.0,0.0,0.0,0.0,1.0
Domantas Sabonis,1627734,1.0,0.0,9.0,3.0,4.0,0.0,0.0,2.0,0.0,9.0,2.0,2.0,3.0,5.0,2.0,2.0,35.0,15.0,51.0,315.0
Donovan Mitchell,1628378,8.0,17.0,42.0,51.0,36.0,2.0,0.0,1.0,5.0,20.0,2.0,9.0,8.0,22.0,13.0,1.0,22.0,60.0,84.0,162.0
Donta Hall,1629743,0.0,0.0,0.0,0.0,0.0,0.0,0.0,0.0,0.0,0.0,0.0,0.0,0.0,0.0,0.0,0.0,0.0,0.0,0.0,1.0
Donte DiVincenzo,1628978,4.0,6.0,23.0,27.0,15.0,0.0,0.0,1.0,0.0,15.0,0.0,2.0,1.0,1.0,3.0,0.0,3.0,6.0,5.0,109.0
Dorian Finney-Smith,1627827,31.0,28.0,11.0,24.0,5.0,0.0,0.0,0.0,1.0,6.0,0.0,1.0,0.0,0.0,0.0,0.0,2.0,1.0,7.0,103.0
Doug McDermott,203926,24.0,5.0,34.0,11.0,43.0,2.0,0.0,0.0,0.0,19.0,0.0,1.0,1.0,1.0,1.0,1.0,7.0,2.0,11.0,94.0
Dragan Bender,1627733,2.0,3.0,3.0,4.0,3.0,0.0,0.0,0.0,0.0,2.0,0.0,0.0,0.0,0.0,0.0,0.0,0.0,1.0,6.0,19.0
Draymond Green,203110,1.0,3.0,8.0,11.0,13.0,0.0,0.0,0.0,1.0,2.0,0.0,0.0,1.0,1.0,2.0,0.0,5.0,10.0,11.0,55.0
Drew Eubanks,1629234,0.0,1.0,0.0,0.0,0.0,0.0,0.0,0.0,0.0,0.0,0.0,2.0,0.0,0.0,0.0,0.0,1.0,0.0,6.0,11.0
Duncan Robinson,1629130,36.0,34.0,76.0,57.0,32.0,8.0,0.0,0.0,1.0,39.0,0.0,0.0,2.0,0.0,0.0,0.0,1.0,0.0,3.0,36.0
Dusty Hannahs,1628605,0.0,0.0,0.0,0.0,0.0,2.0,0.0,0.0,0.0,0.0,0.0,0.0,0.0,0.0,0.0,0.0,0.0,0.0,1.0,1.0
Dwayne Bacon,1628407,2.0,1.0,9.0,5.0,2.0,0.0,0.0,0.0,1.0,7.0,0.0,1.0,0.0,1.0,1.0,0.0,2.0,7.0,13.0,40.0
Dwight Howard,2730,1.0,0.0,1.0,0.0,1.0,0.0,0.0,0.0,0.0,0.0,0.0,1.0,0.0,0.0,0.0,0.0,0.0,0.0,10.0,173.0
Dwight Powell,203939,1.0,3.0,3.0,2.0,1.0,0.0,0.0,0.0,0.0,1.0,0.0,0.0,0.0,0.0,0.0,0.0,0.0,0.0,6.0,130.0
Dzanan Musa,1629058,0.0,3.0,2.0,7.0,3.0,0.0,0.0,0.0,0.0,1.0,0.0,0.0,0.0,0.0,0.0,0.0,0.0,2.0,3.0,30.0
E'Twaun Moore,202734,10.0,10.0,25.0,12.0,3.0,0.0,0.0,1.0,1.0,14.0,0.0,4.0,2.0,0.0,2.0,0.0,3.0,9.0,41.0,46.0
Ed Davis,202334,0.0,0.0,0.0,0.0,0.0,0.0,0.0,0.0,0.0,0.0,0.0,0.0,0.0,0.0,0.0,0.0,1.0,0.0,1.0,12.0
Edmond Sumner,1628410,3.0,3.0,2.0,2.0,0.0,0.0,0.0,0.0,0.0,2.0,0.0,0.0,0.0,0.0,0.0,0.0,1.0,0.0,3.0,33.0
Elfrid Payton,203901,0.0,3.0,4.0,4.0,3.0,0.0,0.0,1.0,1.0,4.0,0.0,1.0,2.0,2.0,1.0,0.0,6.0,16.0,33.0,113.0
Elie Okobo,1629059,5.0,1.0,5.0,8.0,5.0,1.0,0.0,0.0,0.0,3.0,0.0,2.0,1.0,2.0,0.0,0.0,0.0,3.0,3.0,36.0
Emmanuel Mudiay,1626144,4.0,3.0,12.0,5.0,3.0,0.0,0.0,0.0,1.0,8.0,0.0,2.0,3.0,4.0,2.0,0.0,5.0,29.0,13.0,50.0
Enes Kanter,202683,0.0,0.0,0.0,0.0,1.0,0.0,0.0,0.0,0.0,1.0,0.0,1.0,1.0,0.0,1.0,0.0,2.0,0.0,22.0,146.0
Eric Bledsoe,202339,2.0,5.0,16.0,36.0,11.0,0.0,0.0,0.0,1.0,7.0,1.0,2.0,4.0,4.0,3.0,2.0,5.0,21.0,27.0,176.0
Eric Gordon,201569,5.0,0.0,31.0,39.0,15.0,2.0,0.0,0.0,0.0,14.0,0.0,0.0,1.0,0.0,0.0,0.0,0.0,2.0,8.0,59.0
Eric Mika,1628450,0.0,0.0,0.0,0.0,0.0,0.0,0.0,0.0,0.0,0.0,0.0,0.0,0.0,0.0,0.0,0.0,0.0,1.0,0.0,1.0
Eric Paschall,1629672,5.0,5.0,14.0,10.0,2.0,1.0,0.0,2.0,7.0,17.0,1.0,1.0,6.0,14.0,4.0,0.0,5.0,18.0,41.0,168.0
Ersan Ilyasova,101141,6.0,4.0,19.0,11.0,6.0,0.0,0.0,1.0,1.0,9.0,0.0,3.0,2.0,1.0,1.0,0.0,3.0,5.0,11.0,62.0
Evan Fournier,203095,28.0,5.0,48.0,33.0,51.0,1.0,0.0,5.0,3.0,27.0,1.0,7.0,4.0,4.0,8.0,4.0,15.0,30.0,32.0,121.0
Evan Turner,202323,0.0,0.0,0.0,0.0,0.0,0.0,0.0,0.0,0.0,0.0,0.0,1.0,3.0,1.0,1.0,0.0,2.0,3.0,3.0,11.0
Frank Jackson,1628402,9.0,9.0,7.0,8.0,6.0,0.0,0.0,1.0,0.0,6.0,0.0,5.0,2.0,0.0,0.0,0.0,4.0,6.0,11.0,30.0
Frank Kaminsky,1626163,1.0,2.0,11.0,7.0,18.0,0.0,0.0,2.0,1.0,3.0,0.0,2.0,1.0,0.0,0.0,0.0,1.0,5.0,22.0,54.0
Frank Mason,1628412,0.0,0.0,0.0,1.0,1.0,0.0,0.0,0.0,0.0,0.0,0.0,0.0,0.0,0.0,0.0,0.0,1.0,0.0,0.0,2.0
Frank Ntilikina,1628373,7.0,7.0,15.0,7.0,7.0,1.0,0.0,2.0,0.0,10.0,3.0,0.0,3.0,2.0,4.0,3.0,13.0,7.0,7.0,38.0
Fred VanVleet,1627832,14.0,11.0,38.0,31.0,32.0,5.0,0.0,2.0,0.0,25.0,1.0,1.0,1.0,1.0,0.0,0.0,6.0,7.0,7.0,125.0
Furkan Korkmaz,1627788,16.0,20.0,35.0,43.0,12.0,0.0,0.0,2.0,1.0,24.0,0.0,1.0,3.0,2.0,1.0,0.0,9.0,9.0,18.0,47.0
Gabe Vincent,1629216,0.0,0.0,2.0,0.0,2.0,0.0,0.0,0.0,0.0,2.0,0.0,0.0,0.0,0.0,0.0,0.0,0.0,0.0,0.0,0.0
Garrett Temple,202066,25.0,15.0,32.0,29.0,10.0,1.0,0.0,0.0,1.0,19.0,1.0,2.0,1.0,1.0,1.0,1.0,4.0,7.0,6.0,59.0
Garrison Mathews,1629726,3.0,2.0,7.0,5.0,1.0,1.0,0.0,1.0,0.0,4.0,0.0,0.0,0.0,0.0,0.0,0.0,1.0,0.0,1.0,1.0
Gary Clark,1629109,7.0,5.0,7.0,4.0,5.0,0.0,0.0,0.0,0.0,4.0,0.0,0.0,0.0,0.0,0.0,0.0,0.0,0.0,0.0,10.0
Gary Harris,203914,22.0,10.0,17.0,13.0,8.0,0.0,0.0,1.0,2.0,13.0,1.0,3.0,0.0,3.0,0.0,1.0,6.0,14.0,8.0,103.0
Gary Payton II,1627780,5.0,1.0,4.0,2.0,1.0,0.0,0.0,0.0,0.0,3.0,0.0,0.0,0.0,1.0,0.0,0.0,0.0,1.0,0.0,33.0
Gary Trent Jr.,1629018,12.0,9.0,24.0,22.0,11.0,0.0,0.0,0.0,0.0,15.0,2.0,5.0,1.0,2.0,3.0,1.0,10.0,10.0,6.0,28.0
George Hill,201588,12.0,8.0,16.0,30.0,6.0,1.0,0.0,1.0,0.0,8.0,0.0,1.0,0.0,1.0,1.0,1.0,5.0,7.0,5.0,81.0
Georges Niang,1627777,20.0,18.0,11.0,18.0,10.0,0.0,0.0,0.0,0.0,5.0,0.0,2.0,0.0,0.0,0.0,0.0,1.0,3.0,10.0,27.0
Giannis Antetokounmpo,203507,5.0,0.0,17.0,9.0,47.0,5.0,0.0,3.0,0.0,7.0,1.0,12.0,2.0,2.0,0.0,1.0,16.0,30.0,39.0,434.0
Glenn Robinson III,203922,12.0,19.0,19.0,19.0,5.0,0.0,0.0,5.0,5.0,15.0,2.0,6.0,9.0,8.0,6.0,0.0,14.0,17.0,29.0,98.0
Goga Bitadze,1629048,2.0,0.0,1.0,0.0,2.0,1.0,0.0,0.0,1.0,2.0,0.0,1.0,3.0,1.0,1.0,0.0,7.0,3.0,10.0,26.0
Goran Dragic,201609,17.0,8.0,27.0,39.0,26.0,1.0,0.0,1.0,4.0,12.0,2.0,0.0,4.0,5.0,2.0,1.0,12.0,22.0,22.0,93.0
Gordon Hayward,202330,8.0,9.0,21.0,18.0,18.0,0.0,0.0,0.0,1.0,17.0,2.0,11.0,10.0,5.0,6.0,1.0,16.0,31.0,29.0,111.0
Gorgui Dieng,203476,8.0,8.0,18.0,4.0,12.0,1.0,0.0,4.0,1.0,13.0,0.0,6.0,0.0,0.0,1.0,1.0,4.0,6.0,11.0,68.0
Grant Williams,1629684,9.0,2.0,4.0,3.0,3.0,0.0,0.0,0.0,0.0,4.0,0.0,1.0,2.0,0.0,0.0,0.0,1.0,1.0,12.0,42.0
Grayson Allen,1628960,12.0,0.0,11.0,7.0,3.0,0.0,0.0,0.0,0.0,6.0,0.0,0.0,1.0,0.0,0.0,0.0,0.0,7.0,11.0,27.0
Hamidou Diallo,1628977,5.0,2.0,0.0,0.0,0.0,0.0,0.0,0.0,1.0,0.0,0.0,2.0,1.0,0.0,0.0,1.0,3.0,3.0,8.0,73.0
Harrison Barnes,203084,19.0,14.0,25.0,15.0,19.0,0.0,1.0,0.0,0.0,16.0,0.0,4.0,4.0,1.0,2.0,0.0,3.0,6.0,52.0,159.0
Harry Giles III,1628385,0.0,0.0,0.0,0.0,0.0,0.0,0.0,3.0,1.0,1.0,0.0,2.0,1.0,2.0,1.0,1.0,10.0,8.0,15.0,69.0
Hassan Whiteside,202355,0.0,0.0,0.0,0.0,4.0,0.0,0.0,0.0,2.0,0.0,0.0,8.0,6.0,0.0,5.0,1.0,9.0,17.0,67.0,297.0
Henry Ellenson,1627740,0.0,0.0,0.0,0.0,0.0,0.0,0.0,0.0,0.0,0.0,0.0,0.0,0.0,0.0,0.0,0.0,0.0,0.0,0.0,1.0
Ian Mahinmi,101133,1.0,0.0,4.0,0.0,0.0,0.0,0.0,0.0,0.0,1.0,1.0,0.0,0.0,0.0,0.0,1.0,0.0,3.0,19.0,75.0
Ignas Brazdeikis,1629649,0.0,0.0,1.0,0.0,0.0,0.0,0.0,0.0,0.0,0.0,0.0,0.0,0.0,0.0,0.0,0.0,0.0,0.0,0.0,5.0
Iman Shumpert,202697,0.0,3.0,4.0,1.0,0.0,0.0,0.0,0.0,0.0,2.0,0.0,0.0,0.0,0.0,1.0,1.0,2.0,2.0,0.0,7.0
Isaac Bonga,1629067,7.0,4.0,5.0,6.0,0.0,0.0,0.0,0.0,1.0,4.0,0.0,0.0,1.0,0.0,0.0,0.0,0.0,0.0,12.0,60.0
Isaiah Hartenstein,1628392,0.0,0.0,0.0,0.0,0.0,0.0,0.0,0.0,0.0,0.0,0.0,0.0,1.0,0.0,0.0,0.0,0.0,0.0,4.0,39.0
Isaiah Thomas,202738,3.0,5.0,19.0,36.0,14.0,1.0,0.0,2.0,5.0,10.0,1.0,4.0,3.0,3.0,12.0,0.0,11.0,19.0,15.0,20.0
Ish Smith,202397,5.0,11.0,11.0,20.0,8.0,0.0,0.0,1.0,3.0,12.0,1.0,3.0,9.0,6.0,11.0,0.0,16.0,27.0,23.0,99.0
Ivica Zubac,1627826,0.0,0.0,0.0,0.0,0.0,0.0,0.0,0.0,0.0,0.0,1.0,0.0,6.0,1.0,0.0,1.0,5.0,5.0,24.0,159.0
J.J. Barea,200826,3.0,1.0,10.0,10.0,3.0,2.0,0.0,0.0,0.0,7.0,0.0,1.0,0.0,0.0,1.0,0.0,3.0,3.0,7.0,28.0
JJ Redick,200755,7.0,23.0,43.0,52.0,30.0,1.0,0.0,4.0,6.0,33.0,6.0,3.0,3.0,1.0,5.0,4.0,12.0,6.0,3.0,26.0
Ja Morant,1629630,3.0,4.0,10.0,16.0,18.0,0.0,0.0,0.0,0.0,6.0,0.0,6.0,3.0,1.0,2.0,1.0,7.0,46.0,53.0,218.0
JaKarr Sampson,203960,0.0,1.0,1.0,0.0,0.0,0.0,0.0,1.0,0.0,1.0,0.0,2.0,0.0,0.0,0.0,0.0,1.0,1.0,4.0,37.0
JaMychal Green,203210,12.0,7.0,22.0,18.0,15.0,0.0,0.0,0.0,0.0,11.0,0.0,0.0,1.0,0.0,0.0,0.0,2.0,1.0,6.0,41.0
JaVale McGee,201580,0.0,0.0,0.0,0.0,2.0,1.0,0.0,0.0,0.0,0.0,0.0,1.0,1.0,0.0,0.0,0.0,1.0,5.0,15.0,155.0
Jabari Parker,203953,7.0,6.0,5.0,6.0,7.0,0.0,0.0,0.0,0.0,2.0,0.0,2.0,1.0,1.0,1.0,0.0,1.0,6.0,22.0,132.0
Jacob Evans,1628980,1.0,2.0,6.0,4.0,0.0,0.0,0.0,0.0,1.0,5.0,0.0,1.0,0.0,3.0,2.0,0.0,4.0,8.0,2.0,7.0
Jae Crowder,203109,14.0,13.0,31.0,26.0,29.0,0.0,0.0,2.0,2.0,12.0,1.0,0.0,1.0,0.0,2.0,0.0,3.0,2.0,3.0,67.0
Jahlil Okafor,1626143,0.0,0.0,1.0,0.0,0.0,0.0,0.0,0.0,0.0,1.0,0.0,1.0,0.0,0.0,0.0,0.0,0.0,4.0,15.0,67.0
Jake Layman,1627774,2.0,3.0,6.0,8.0,5.0,0.0,0.0,1.0,1.0,5.0,0.0,2.0,1.0,1.0,0.0,0.0,1.0,3.0,4.0,41.0
Jakob Poeltl,1627751,0.0,0.0,0.0,0.0,0.0,0.0,0.0,0.0,0.0,0.0,0.0,1.0,2.0,0.0,0.0,0.0,0.0,11.0,18.0,103.0
Jalen Brunson,1628973,4.0,6.0,11.0,15.0,7.0,0.0,0.0,0.0,0.0,9.0,0.0,2.0,4.0,6.0,7.0,2.0,8.0,18.0,32.0,56.0
Jalen Lecque,1629665,0.0,0.0,0.0,0.0,0.0,0.0,0.0,0.0,0.0,0.0,0.0,1.0,0.0,0.0,0.0,0.0,0.0,0.0,0.0,3.0
Jalen McDaniels,1629667,2.0,4.0,2.0,1.0,0.0,0.0,0.0,0.0,0.0,2.0,0.0,0.0,1.0,0.0,0.0,0.0,0.0,2.0,5.0,16.0
Jamal Murray,1627750,7.0,6.0,46.0,21.0,22.0,2.0,0.0,3.0,0.0,31.0,1.0,13.0,7.0,8.0,10.0,2.0,34.0,34.0,34.0,116.0
James Ennis III,203516,10.0,11.0,7.0,15.0,4.0,0.0,0.0,1.0,0.0,3.0,0.0,0.0,0.0,1.0,0.0,0.0,0.0,1.0,4.0,73.0
James Harden,201935,7.0,6.0,66.0,101.0,78.0,13.0,0.0,0.0,0.0,27.0,0.0,1.0,0.0,2.0,4.0,0.0,1.0,12.0,70.0,242.0
James Johnson,201949,4.0,1.0,7.0,10.0,11.0,0.0,0.0,0.0,0.0,3.0,0.0,1.0,1.0,0.0,0.0,0.0,1.0,0.0,5.0,62.0
Jared Dudley,201162,2.0,4.0,2.0,4.0,4.0,0.0,0.0,1.0,0.0,0.0,0.0,0.0,0.0,0.0,0.0,0.0,0.0,0.0,1.0,2.0
Jared Harper,1629607,0.0,0.0,0.0,0.0,0.0,0.0,0.0,0.0,0.0,0.0,0.0,0.0,0.0,0.0,0.0,0.0,0.0,0.0,1.0,0.0
Jaren Jackson Jr.,1628991,11.0,18.0,43.0,25.0,36.0,2.0,0.0,0.0,0.0,14.0,0.0,0.0,2.0,0.0,1.0,1.0,2.0,7.0,51.0,129.0
Jarred Vanderbilt,1629020,0.0,0.0,0.0,0.0,0.0,0.0,0.0,0.0,0.0,0.0,0.0,0.0,0.0,0.0,0.0,0.0,0.0,0.0,0.0,5.0
Jarrett Allen,1628386,0.0,0.0,0.0,0.0,0.0,0.0,0.0,0.0,0.0,0.0,0.0,0.0,1.0,0.0,0.0,0.0,0.0,1.0,16.0,249.0
Jarrett Culver,1629633,4.0,6.0,18.0,22.0,15.0,1.0,0.0,1.0,0.0,9.0,0.0,1.0,4.0,0.0,2.0,0.0,1.0,1.0,16.0,138.0
Jarrod Uthoff,1627784,0.0,0.0,0.0,0.0,0.0,0.0,0.0,0.0,0.0,0.0,0.0,0.0,0.0,0.0,0.0,0.0,0.0,1.0,0.0,0.0
Javonte Green,1629750,1.0,2.0,0.0,3.0,0.0,0.0,0.0,0.0,0.0,0.0,0.0,0.0,1.0,0.0,0.0,0.0,1.0,1.0,6.0,34.0
Jaxson Hayes,1629637,1.0,0.0,0.0,0.0,0.0,0.0,0.0,0.0,0.0,0.0,0.0,1.0,0.0,0.0,0.0,0.0,0.0,1.0,3.0,149.0
Jaylen Brown,1627759,21.0,16.0,34.0,20.0,14.0,1.0,0.0,2.0,3.0,20.0,0.0,4.0,5.0,4.0,5.0,1.0,7.0,26.0,48.0,163.0
Jaylen Hoard,1629658,0.0,0.0,0.0,0.0,0.0,0.0,0.0,0.0,0.0,0.0,0.0,0.0,0.0,0.0,0.0,0.0,0.0,0.0,0.0,15.0
Jaylen Nowell,1629669,1.0,0.0,0.0,2.0,0.0,0.0,0.0,0.0,0.0,0.0,0.0,1.0,1.0,0.0,1.0,0.0,0.0,0.0,4.0,9.0
Jayson Tatum,1628369,23.0,7.0,57.0,49.0,30.0,1.0,0.0,6.0,2.0,30.0,2.0,10.0,10.0,6.0,6.0,0.0,13.0,31.0,42.0,197.0
Jeff Green,201145,11.0,10.0,6.0,15.0,5.0,1.0,0.0,0.0,0.0,2.0,1.0,1.0,2.0,0.0,0.0,0.0,0.0,1.0,12.0,51.0
Jeff Teague,201952,1.0,4.0,17.0,6.0,15.0,0.0,0.0,0.0,0.0,12.0,0.0,2.0,4.0,1.0,1.0,0.0,2.0,16.0,47.0,94.0
Jerami Grant,203924,5.0,19.0,23.0,25.0,15.0,0.0,0.0,2.0,3.0,12.0,1.0,2.0,6.0,1.0,2.0,1.0,7.0,1.0,19.0,131.0
Jeremiah Martin,1629725,0.0,0.0,0.0,0.0,0.0,0.0,0.0,0.0,0.0,0.0,0.0,0.0,0.0,0.0,0.0,0.0,0.0,0.0,0.0,1.0
Jeremy Lamb,203087,4.0,6.0,21.0,16.0,6.0,0.0,0.0,2.0,1.0,14.0,1.0,15.0,8.0,10.0,3.0,0.0,10.0,18.0,20.0,64.0
Jeremy Pargo,202951,0.0,0.0,2.0,0.0,1.0,0.0,0.0,0.0,0.0,1.0,0.0,0.0,0.0,0.0,0.0,0.0,0.0,1.0,1.0,5.0
Jerome Robinson,1629010,5.0,3.0,17.0,4.0,2.0,0.0,0.0,2.0,0.0,14.0,2.0,5.0,4.0,2.0,1.0,0.0,0.0,2.0,3.0,20.0
Jevon Carter,1628975,5.0,9.0,12.0,13.0,6.0,1.0,0.0,0.0,0.0,7.0,0.0,0.0,3.0,2.0,0.0,0.0,5.0,2.0,1.0,18.0
Jimmy Butler,202710,2.0,4.0,7.0,15.0,1.0,0.0,0.0,3.0,6.0,6.0,1.0,7.0,16.0,2.0,4.0,0.0,6.0,17.0,60.0,174.0
Joe Harris,203925,23.0,10.0,43.0,45.0,30.0,1.0,0.0,0.0,2.0,22.0,2.0,0.0,1.0,1.0,0.0,1.0,4.0,9.0,15.0,141.0
Joe Ingles,204060,10.0,13.0,28.0,48.0,22.0,1.0,0.0,1.0,0.0,9.0,1.0,2.0,4.0,0.0,1.0,1.0,0.0,9.0,17.0,60.0
Joel Embiid,203954,2.0,0.0,16.0,8.0,30.0,0.0,0.0,2.0,0.0,18.0,0.0,27.0,11.0,13.0,7.0,0.0,16.0,14.0,38.0,140.0
John Collins,1628381,4.0,3.0,9.0,19.0,23.0,1.0,0.0,3.0,1.0,2.0,0.0,1.0,3.0,1.0,1.0,1.0,3.0,9.0,32.0,237.0
John Henson,203089,3.0,1.0,3.0,0.0,1.0,0.0,0.0,0.0,0.0,1.0,0.0,1.0,0.0,0.0,0.0,0.0,0.0,1.0,20.0,65.0
John Konchar,1629723,0.0,0.0,2.0,1.0,1.0,0.0,0.0,0.0,0.0,2.0,0.0,0.0,1.0,0.0,0.0,0.0,0.0,0.0,2.0,16.0
Johnathan Motley,1628405,0.0,0.0,1.0,0.0,0.0,0.0,0.0,0.0,0.0,1.0,0.0,0.0,0.0,0.0,0.0,0.0,0.0,0.0,0.0,10.0
Johnathan Williams,1629140,0.0,0.0,0.0,0.0,0.0,0.0,0.0,0.0,0.0,0.0,0.0,0.0,0.0,0.0,0.0,0.0,2.0,1.0,2.0,11.0
Jonah Bolden,1628413,0.0,0.0,0.0,0.0,0.0,0.0,0.0,0.0,0.0,0.0,0.0,0.0,0.0,0.0,0.0,0.0,0.0,0.0,0.0,4.0
Jonas Valanciunas,202685,2.0,1.0,8.0,3.0,15.0,0.0,0.0,0.0,0.0,7.0,0.0,5.0,2.0,2.0,0.0,0.0,2.0,13.0,104.0,225.0
Jonathan Isaac,1628371,8.0,3.0,10.0,7.0,2.0,0.0,0.0,1.0,4.0,5.0,0.0,5.0,3.0,2.0,0.0,0.0,3.0,10.0,6.0,81.0
Jordan Bell,1628395,0.0,4.0,0.0,0.0,0.0,0.0,0.0,0.0,0.0,0.0,0.0,0.0,0.0,0.0,0.0,0.0,0.0,0.0,3.0,28.0
Jordan Bone,1629648,0.0,0.0,2.0,0.0,0.0,0.0,0.0,0.0,0.0,2.0,0.0,1.0,0.0,0.0,0.0,0.0,0.0,0.0,1.0,1.0
Jordan Clarkson,203903,26.0,13.0,34.0,29.0,28.0,0.0,0.0,2.0,1.0,22.0,0.0,3.0,6.0,0.0,1.0,0.0,0.0,20.0,60.0,124.0
Jordan McLaughlin,1629162,2.0,2.0,12.0,11.0,2.0,0.0,0.0,0.0,0.0,8.0,0.0,1.0,0.0,0.0,1.0,0.0,0.0,1.0,5.0,50.0
Jordan McRae,203895,10.0,1.0,8.0,20.0,5.0,1.0,0.0,0.0,0.0,7.0,2.0,7.0,2.0,2.0,6.0,1.0,8.0,9.0,13.0,51.0
Jordan Poole,1629673,6.0,6.0,18.0,35.0,8.0,1.0,0.0,1.0,1.0,16.0,0.0,4.0,1.0,5.0,5.0,0.0,9.0,8.0,14.0,39.0
Josh Gray,1627982,0.0,0.0,0.0,0.0,0.0,0.0,0.0,0.0,0.0,0.0,0.0,0.0,0.0,0.0,0.0,0.0,0.0,0.0,0.0,1.0
Josh Hart,1628404,17.0,21.0,37.0,24.0,10.0,1.0,0.0,0.0,1.0,27.0,0.0,0.0,0.0,0.0,0.0,0.0,1.0,4.0,6.0,78.0
Josh Jackson,1628367,3.0,5.0,4.0,9.0,2.0,0.0,0.0,1.0,0.0,3.0,0.0,0.0,0.0,1.0,0.0,1.0,0.0,1.0,7.0,34.0
Josh Magette,203705,0.0,0.0,1.0,0.0,0.0,0.0,0.0,0.0,0.0,0.0,0.0,0.0,0.0,0.0,0.0,0.0,0.0,1.0,1.0,2.0
Josh Okogie,1629006,8.0,8.0,11.0,12.0,2.0,0.0,0.0,0.0,0.0,9.0,0.0,0.0,1.0,0.0,0.0,0.0,0.0,3.0,14.0,111.0
Josh Richardson,1626196,8.0,1.0,25.0,19.0,15.0,2.0,0.0,1.0,2.0,19.0,0.0,0.0,2.0,8.0,13.0,0.0,29.0,24.0,22.0,65.0
Jrue Holiday,201950,11.0,9.0,40.0,33.0,19.0,2.0,1.0,2.0,0.0,22.0,0.0,7.0,4.0,0.0,3.0,0.0,1.0,19.0,51.0,216.0
Juan Toscano-Anderson,1629308,3.0,0.0,2.0,2.0,1.0,0.0,0.0,0.0,0.0,2.0,0.0,0.0,0.0,0.0,0.0,0.0,0.0,0.0,1.0,20.0
Juancho Hernangomez,1627823,4.0,6.0,14.0,14.0,5.0,1.0,0.0,0.0,0.0,6.0,0.0,0.0,1.0,0.0,0.0,0.0,0.0,1.0,1.0,53.0
Julius Randle,203944,8.0,7.0,22.0,18.0,8.0,0.0,0.0,0.0,3.0,12.0,0.0,5.0,11.0,8.0,3.0,0.0,18.0,29.0,68.0,248.0
Justin Anderson,1626147,0.0,0.0,0.0,0.0,0.0,0.0,0.0,0.0,0.0,0.0,0.0,0.0,0.0,0.0,0.0,0.0,0.0,0.0,0.0,1.0
Justin Holiday,203200,20.0,29.0,39.0,21.0,11.0,1.0,0.0,2.0,2.0,23.0,0.0,1.0,3.0,0.0,0.0,0.0,6.0,2.0,2.0,49.0
Justin Jackson,1628382,4.0,5.0,12.0,18.0,5.0,0.0,1.0,0.0,0.0,8.0,0.0,2.0,2.0,0.0,1.0,0.0,1.0,10.0,22.0,41.0
Justin James,1629713,2.0,2.0,0.0,3.0,1.0,0.0,1.0,0.0,1.0,0.0,0.0,1.0,0.0,0.0,0.0,0.0,1.0,4.0,4.0,13.0
Justin Patton,1628383,0.0,0.0,0.0,0.0,1.0,0.0,0.0,0.0,0.0,0.0,0.0,0.0,0.0,0.0,0.0,0.0,0.0,0.0,2.0,1.0
Justin Robinson,1629620,0.0,0.0,2.0,1.0,0.0,0.0,0.0,0.0,0.0,2.0,0.0,0.0,0.0,0.0,0.0,0.0,1.0,0.0,1.0,0.0
Justise Winslow,1626159,0.0,1.0,1.0,1.0,3.0,0.0,0.0,1.0,0.0,1.0,0.0,0.0,1.0,0.0,1.0,0.0,1.0,5.0,7.0,26.0
Juwan Morgan,1629752,0.0,0.0,0.0,1.0,0.0,0.0,0.0,0.0,0.0,0.0,0.0,0.0,0.0,0.0,0.0,0.0,0.0,0.0,1.0,7.0
KZ Okpala,1629644,0.0,0.0,0.0,0.0,0.0,0.0,0.0,0.0,0.0,0.0,0.0,0.0,0.0,0.0,0.0,0.0,0.0,0.0,0.0,3.0
Kadeem Allen,1628443,1.0,1.0,1.0,1.0,1.0,0.0,0.0,0.0,0.0,1.0,0.0,2.0,1.0,0.0,0.0,0.0,0.0,5.0,1.0,4.0
Karl-Anthony Towns,1626157,8.0,5.0,37.0,16.0,47.0,1.0,0.0,1.0,0.0,14.0,0.0,3.0,2.0,2.0,0.0,0.0,0.0,1.0,30.0,158.0
Kawhi Leonard,202695,5.0,4.0,23.0,39.0,33.0,2.0,0.0,3.0,10.0,13.0,1.0,17.0,24.0,14.0,18.0,2.0,21.0,70.0,52.0,129.0
Keita Bates-Diop,1628966,9.0,7.0,10.0,1.0,4.0,0.0,0.0,0.0,0.0,7.0,0.0,0.0,0.0,0.0,0.0,0.0,0.0,2.0,3.0,52.0
Kelan Martin,1629103,6.0,6.0,8.0,2.0,2.0,0.0,1.0,0.0,0.0,1.0,0.0,2.0,3.0,1.0,0.0,0.0,0.0,6.0,9.0,25.0
Keldon Johnson,1629640,1.0,0.0,1.0,0.0,0.0,0.0,0.0,0.0,0.0,2.0,0.0,0.0,0.0,0.0,0.0,0.0,0.0,0.0,3.0,10.0
Kelly Olynyk,203482,5.0,6.0,28.0,26.0,13.0,2.0,0.0,1.0,1.0,17.0,0.0,1.0,3.0,0.0,0.0,0.0,1.0,4.0,8.0,50.0
Kelly Oubre Jr.,1626162,9.0,21.0,27.0,31.0,20.0,0.0,0.0,1.0,4.0,17.0,2.0,3.0,7.0,0.0,1.0,4.0,4.0,23.0,38.0,173.0
Kemba Walker,202689,4.0,2.0,46.0,59.0,53.0,1.0,0.0,0.0,0.0,16.0,1.0,3.0,6.0,0.0,13.0,2.0,12.0,14.0,16.0,111.0
Kendrick Nunn,1629134,19.0,11.0,31.0,37.0,31.0,2.0,0.0,13.0,5.0,19.0,0.0,14.0,2.0,7.0,3.0,1.0,18.0,24.0,33.0,119.0
Kenrich Williams,1629026,8.0,8.0,9.0,0.0,0.0,0.0,0.0,0.0,0.0,6.0,0.0,0.0,0.0,0.0,0.0,0.0,0.0,1.0,2.0,20.0
Kent Bazemore,203145,14.0,17.0,21.0,19.0,6.0,0.0,0.0,1.0,0.0,14.0,0.0,0.0,4.0,0.0,3.0,0.0,5.0,6.0,12.0,73.0
Kentavious Caldwell-Pope,203484,19.0,17.0,18.0,29.0,3.0,0.0,0.0,3.0,3.0,13.0,0.0,3.0,7.0,1.0,5.0,1.0,12.0,6.0,6.0,85.0
Kevin Hervey,1628987,0.0,0.0,0.0,0.0,0.0,0.0,0.0,0.0,0.0,0.0,0.0,0.0,0.0,0.0,0.0,0.0,0.0,0.0,0.0,1.0
Kevin Huerter,1628989,16.0,11.0,35.0,50.0,14.0,1.0,0.0,1.0,0.0,18.0,0.0,3.0,0.0,4.0,5.0,0.0,7.0,28.0,19.0,55.0
Kevin Knox II,1628995,6.0,7.0,22.0,23.0,7.0,0.0,0.0,3.0,2.0,11.0,0.0,3.0,1.0,2.0,2.0,0.0,1.0,7.0,8.0,47.0
Kevin Love,201567,20.0,8.0,52.0,36.0,24.0,6.0,0.0,11.0,4.0,31.0,2.0,25.0,13.0,7.0,2.0,0.0,6.0,6.0,28.0,69.0
Kevin Porter Jr.,1629645,5.0,9.0,14.0,18.0,7.0,0.0,0.0,1.0,2.0,8.0,2.0,0.0,2.0,3.0,1.0,1.0,5.0,7.0,14.0,92.0
Kevon Looney,1626172,0.0,1.0,0.0,0.0,0.0,0.0,0.0,0.0,1.0,1.0,0.0,0.0,0.0,0.0,0.0,0.0,0.0,1.0,1.0,24.0
Khem Birch,203920,0.0,0.0,0.0,0.0,0.0,0.0,0.0,0.0,0.0,0.0,0.0,0.0,1.0,0.0,0.0,0.0,0.0,3.0,12.0,40.0
Khris Middleton,203114,13.0,13.0,41.0,27.0,38.0,1.0,0.0,9.0,9.0,25.0,2.0,24.0,20.0,7.0,13.0,0.0,29.0,49.0,36.0,78.0
Khyri Thomas,1629017,0.0,1.0,2.0,1.0,0.0,0.0,0.0,1.0,0.0,2.0,0.0,0.0,0.0,0.0,0.0,0.0,0.0,0.0,0.0,0.0
Kris Dunn,1627739,4.0,4.0,7.0,10.0,4.0,0.0,0.0,0.0,1.0,5.0,0.0,0.0,0.0,0.0,0.0,1.0,0.0,7.0,21.0,93.0
Kristaps Porzingis,204001,1.0,4.0,37.0,32.0,35.0,16.0,1.0,1.0,1.0,17.0,0.0,13.0,11.0,11.0,6.0,0.0,9.0,25.0,19.0,112.0
Ky Bowman,1629065,10.0,2.0,5.0,7.0,9.0,0.0,0.0,1.0,1.0,2.0,0.0,3.0,10.0,1.0,7.0,0.0,7.0,10.0,11.0,49.0
Kyle Anderson,203937,9.0,1.0,4.0,1.0,1.0,0.0,0.0,1.0,2.0,3.0,0.0,5.0,2.0,3.0,4.0,0.0,2.0,14.0,28.0,57.0
Kyle Guy,1629657,0.0,0.0,0.0,0.0,0.0,0.0,0.0,0.0,0.0,0.0,0.0,0.0,0.0,0.0,0.0,0.0,0.0,0.0,0.0,0.0
Kyle Korver,2594,12.0,10.0,24.0,16.0,22.0,1.0,0.0,0.0,1.0,13.0,0.0,0.0,2.0,2.0,0.0,2.0,6.0,3.0,1.0,4.0
Kyle Kuzma,1628398,10.0,16.0,12.0,23.0,7.0,1.0,1.0,2.0,2.0,9.0,2.0,4.0,3.0,0.0,4.0,0.0,9.0,11.0,41.0,102.0
Kyle Lowry,200768,10.0,2.0,52.0,38.0,42.0,9.0,0.0,1.0,1.0,31.0,0.0,1.0,3.0,2.0,0.0,3.0,12.0,10.0,16.0,103.0
Kyle O'Quinn,203124,0.0,0.0,1.0,1.0,5.0,0.0,0.0,0.0,0.0,1.0,0.0,0.0,1.0,1.0,0.0,1.0,3.0,1.0,1.0,19.0
Kyrie Irving,202681,3.0,5.0,12.0,22.0,13.0,1.0,0.0,0.0,2.0,7.0,0.0,6.0,5.0,2.0,6.0,0.0,9.0,25.0,21.0,62.0
LaMarcus Aldridge,200746,10.0,1.0,17.0,14.0,19.0,0.0,0.0,13.0,7.0,19.0,0.0,43.0,14.0,20.0,6.0,1.0,36.0,17.0,29.0,128.0
Landry Shamet,1629013,14.0,17.0,27.0,25.0,22.0,0.0,0.0,0.0,0.0,20.0,1.0,0.0,1.0,0.0,0.0,0.0,0.0,6.0,3.0,29.0
Langston Galloway,204038,38.0,31.0,27.0,26.0,9.0,1.0,0.0,2.0,5.0,19.0,0.0,2.0,6.0,1.0,5.0,0.0,2.0,11.0,21.0,47.0
Larry Nance Jr.,1626204,7.0,11.0,17.0,14.0,7.0,0.0,0.0,1.0,1.0,9.0,0.0,1.0,3.0,0.0,1.0,0.0,9.0,6.0,17.0,131.0
Lauri Markkanen,1628374,12.0,8.0,29.0,21.0,38.0,0.0,0.0,0.0,2.0,7.0,0.0,2.0,2.0,0.0,0.0,0.0,0.0,0.0,24.0,112.0
LeBron James,2544,5.0,4.0,53.0,30.0,36.0,4.0,2.0,3.0,1.0,34.0,2.0,12.0,4.0,10.0,5.0,3.0,10.0,11.0,31.0,345.0
Lonnie Walker IV,1629022,4.0,5.0,12.0,7.0,1.0,0.0,0.0,1.0,3.0,8.0,0.0,1.0,1.0,0.0,6.0,0.0,7.0,0.0,13.0,55.0
Lonzo Ball,1628366,15.0,17.0,54.0,32.0,19.0,1.0,0.0,3.0,0.0,36.0,0.0,3.0,0.0,3.0,3.0,0.0,4.0,7.0,5.0,89.0
Lou Williams,101150,13.0,11.0,38.0,19.0,21.0,4.0,0.0,15.0,2.0,33.0,0.0,20.0,6.0,10.0,6.0,1.0,14.0,18.0,45.0,111.0
Louis King,1629663,2.0,1.0,0.0,1.0,0.0,0.0,0.0,0.0,0.0,0.0,0.0,0.0,1.0,0.0,0.0,0.0,0.0,0.0,1.0,2.0
Luguentz Dort,1629652,5.0,6.0,4.0,5.0,2.0,0.0,0.0,0.0,0.0,1.0,0.0,0.0,0.0,0.0,0.0,0.0,0.0,2.0,3.0,38.0
Luka Doncic,1629029,3.0,0.0,69.0,38.0,37.0,9.0,0.0,0.0,3.0,40.0,0.0,3.0,5.0,2.0,1.0,0.0,2.0,23.0,81.0,236.0
Luke Kennard,1628379,6.0,7.0,26.0,24.0,9.0,0.0,0.0,3.0,1.0,10.0,0.0,1.0,2.0,3.0,2.0,0.0,10.0,9.0,13.0,33.0
Luke Kornet,1628436,2.0,2.0,8.0,13.0,6.0,0.0,0.0,0.0,0.0,1.0,0.0,2.0,0.0,0.0,0.0,0.0,0.0,0.0,7.0,42.0
Malcolm Brogdon,1627763,0.0,4.0,21.0,23.0,11.0,1.0,0.0,2.0,4.0,13.0,1.0,5.0,3.0,10.0,21.0,1.0,24.0,16.0,11.0,118.0
Malcolm Miller,1626259,3.0,1.0,1.0,1.0,0.0,0.0,0.0,0.0,0.0,1.0,0.0,0.0,0.0,0.0,0.0,0.0,0.0,0.0,1.0,1.0
Malik Beasley,1627736,15.0,10.0,33.0,24.0,24.0,1.0,0.0,2.0,1.0,22.0,1.0,5.0,8.0,3.0,2.0,0.0,5.0,11.0,11.0,69.0
Malik Monk,1628370,6.0,3.0,22.0,18.0,7.0,2.0,0.0,0.0,0.0,11.0,0.0,1.0,1.0,0.0,1.0,1.0,3.0,10.0,32.0,104.0
Marc Gasol,201188,3.0,3.0,11.0,5.0,28.0,1.0,0.0,1.0,0.0,7.0,0.0,2.0,0.0,1.0,0.0,0.0,0.0,6.0,14.0,24.0
Marco Belinelli,201158,4.0,9.0,13.0,11.0,20.0,0.0,0.0,3.0,0.0,12.0,2.0,1.0,1.0,1.0,2.0,0.0,13.0,2.0,2.0,14.0
Marcus Morris Sr.,202694,23.0,9.0,48.0,36.0,17.0,0.0,0.0,7.0,5.0,28.0,3.0,13.0,11.0,10.0,11.0,1.0,29.0,31.0,22.0,39.0
Marcus Smart,203935,15.0,5.0,54.0,30.0,24.0,0.0,0.0,0.0,0.0,28.0,0.0,1.0,2.0,0.0,1.0,1.0,4.0,29.0,32.0,39.0
Marial Shayok,1629621,0.0,0.0,1.0,0.0,0.0,0.0,0.0,0.0,0.0,0.0,0.0,0.0,0.0,0.0,0.0,0.0,0.0,0.0,0.0,0.0
Mario Hezonja,1626209,1.0,2.0,9.0,8.0,1.0,0.0,0.0,0.0,0.0,3.0,0.0,1.0,1.0,1.0,0.0,0.0,4.0,2.0,12.0,39.0
Markelle Fultz,1628365,3.0,2.0,12.0,4.0,9.0,0.0,0.0,0.0,0.0,10.0,0.0,9.0,12.0,7.0,8.0,0.0,13.0,26.0,31.0,177.0
Markieff Morris,202693,15.0,9.0,25.0,23.0,8.0,0.0,0.0,4.0,3.0,13.0,0.0,6.0,6.0,0.0,5.0,0.0,1.0,2.0,19.0,63.0
Marko Guduric,1629741,4.0,5.0,1.0,11.0,4.0,0.0,0.0,1.0,0.0,0.0,0.0,1.0,0.0,1.0,1.0,0.0,1.0,0.0,4.0,26.0
Marquese Chriss,1627737,2.0,0.0,3.0,1.0,1.0,1.0,0.0,0.0,1.0,3.0,0.0,0.0,0.0,0.0,0.0,0.0,1.0,5.0,21.0,171.0
Marvin Bagley III,1628963,0.0,0.0,0.0,2.0,2.0,0.0,0.0,0.0,0.0,1.0,0.0,1.0,0.0,0.0,0.0,0.0,7.0,1.0,13.0,51.0
Marvin Williams,101107,14.0,10.0,11.0,11.0,6.0,0.0,0.0,0.0,0.0,7.0,0.0,0.0,2.0,1.0,0.0,1.0,0.0,1.0,21.0,32.0
Mason Plumlee,203486,0.0,0.0,0.0,0.0,0.0,0.0,0.0,0.0,0.0,0.0,0.0,1.0,1.0,0.0,0.0,0.0,0.0,1.0,10.0,140.0
Matisse Thybulle,1629680,12.0,9.0,10.0,16.0,3.0,0.0,0.0,0.0,0.0,4.0,0.0,0.0,1.0,0.0,0.0,0.0,0.0,1.0,3.0,41.0
Matt Mooney,1629760,0.0,0.0,0.0,0.0,0.0,0.0,0.0,0.0,0.0,0.0,0.0,1.0,0.0,0.0,0.0,0.0,0.0,0.0,0.0,0.0
Matt Thomas,1629744,8.0,5.0,7.0,8.0,6.0,0.0,0.0,2.0,0.0,4.0,0.0,1.0,1.0,1.0,1.0,0.0,4.0,2.0,3.0,3.0
Matthew Dellavedova,203521,4.0,1.0,5.0,7.0,3.0,1.0,0.0,0.0,0.0,1.0,0.0,0.0,2.0,0.0,0.0,0.0,1.0,10.0,15.0,13.0
Maurice Harkless,203090,13.0,7.0,4.0,5.0,4.0,0.0,0.0,0.0,1.0,3.0,0.0,0.0,0.0,0.0,2.0,0.0,1.0,0.0,2.0,102.0
Max Strus,1629622,0.0,0.0,0.0,0.0,0.0,0.0,0.0,0.0,0.0,0.0,0.0,0.0,0.0,0.0,0.0,0.0,0.0,0.0,0.0,2.0
Maxi Kleber,1628467,17.0,23.0,18.0,26.0,22.0,1.0,0.0,1.0,0.0,3.0,0.0,3.0,0.0,0.0,0.0,0.0,0.0,3.0,6.0,94.0
Melvin Frazier Jr.,1628982,2.0,0.0,0.0,2.0,0.0,0.0,0.0,1.0,0.0,0.0,0.0,0.0,0.0,0.0,0.0,0.0,0.0,0.0,0.0,1.0
Meyers Leonard,203086,4.0,4.0,12.0,10.0,18.0,3.0,0.0,0.0,0.0,7.0,0.0,0.0,0.0,0.0,0.0,0.0,0.0,4.0,10.0,49.0
Mfiondu Kabengele,1629662,3.0,0.0,2.0,1.0,3.0,0.0,0.0,0.0,0.0,1.0,0.0,0.0,0.0,0.0,0.0,0.0,0.0,0.0,0.0,5.0
Michael Carter-Williams,203487,5.0,1.0,9.0,1.0,4.0,0.0,0.0,0.0,0.0,6.0,0.0,3.0,2.0,0.0,0.0,0.0,0.0,4.0,17.0,59.0
Michael Frazier,1626187,0.0,1.0,0.0,1.0,0.0,0.0,0.0,0.0,0.0,0.0,0.0,0.0,0.0,0.0,0.0,0.0,0.0,0.0,0.0,2.0
Michael Kidd-Gilchrist,203077,1.0,2.0,2.0,0.0,0.0,0.0,0.0,0.0,0.0,0.0,0.0,0.0,0.0,0.0,0.0,0.0,0.0,1.0,6.0,7.0
Michael Porter Jr.,1629008,10.0,2.0,13.0,11.0,7.0,0.0,0.0,5.0,1.0,15.0,1.0,1.0,0.0,0.0,0.0,0.0,3.0,3.0,9.0,71.0
Mikal Bridges,1628969,12.0,19.0,11.0,9.0,5.0,0.0,0.0,0.0,0.0,9.0,0.0,2.0,2.0,1.0,0.0,1.0,3.0,8.0,9.0,126.0
Mike Conley,201144,9.0,13.0,17.0,27.0,12.0,1.0,1.0,0.0,0.0,14.0,0.0,0.0,4.0,3.0,2.0,1.0,3.0,21.0,27.0,48.0
Mike Muscala,203488,4.0,3.0,7.0,20.0,8.0,1.0,0.0,2.0,0.0,4.0,0.0,0.0,1.0,0.0,0.0,0.0,1.0,1.0,0.0,16.0
Mike Scott,203118,8.0,7.0,20.0,23.0,15.0,0.0,0.0,0.0,0.0,12.0,1.0,2.0,2.0,1.0,1.0,0.0,2.0,4.0,9.0,35.0
Miles Bridges,1628970,20.0,21.0,17.0,21.0,20.0,0.0,0.0,1.0,1.0,4.0,1.0,1.0,5.0,0.0,1.0,0.0,3.0,6.0,35.0,165.0
Mitchell Robinson,1629011,0.0,0.0,0.0,0.0,0.0,0.0,0.0,0.0,0.0,0.0,0.0,1.0,0.0,0.0,0.0,0.0,0.0,0.0,4.0,248.0
Mo Bamba,1628964,1.0,2.0,7.0,13.0,14.0,0.0,0.0,0.0,0.0,4.0,0.0,1.0,1.0,0.0,1.0,0.0,3.0,2.0,4.0,82.0
Monte Morris,1628420,13.0,9.0,11.0,12.0,9.0,0.0,0.0,2.0,4.0,6.0,2.0,2.0,5.0,5.0,9.0,1.0,11.0,25.0,17.0,74.0
Montrezl Harrell,1626149,0.0,0.0,0.0,0.0,0.0,0.0,0.0,0.0,1.0,1.0,0.0,0.0,1.0,0.0,0.0,0.0,1.0,9.0,65.0,393.0
Moritz Wagner,1629021,3.0,1.0,7.0,6.0,6.0,0.0,0.0,0.0,0.0,4.0,0.0,0.0,0.0,0.0,0.0,0.0,0.0,1.0,7.0,100.0
Moses Brown,1629650,0.0,0.0,0.0,0.0,0.0,0.0,0.0,0.0,0.0,0.0,0.0,0.0,0.0,0.0,0.0,0.0,0.0,0.0,1.0,3.0
Mychal Mulder,1628539,6.0,3.0,5.0,1.0,1.0,0.0,0.0,0.0,0.0,5.0,0.0,0.0,0.0,0.0,0.0,0.0,2.0,0.0,3.0,5.0
Myles Turner,1626167,5.0,7.0,23.0,14.0,25.0,3.0,0.0,2.0,1.0,15.0,1.0,13.0,6.0,1.0,2.0,0.0,4.0,13.0,24.0,86.0
Nassir Little,1629642,3.0,1.0,5.0,4.0,1.0,0.0,0.0,0.0,0.0,2.0,0.0,0.0,1.0,0.0,0.0,0.0,0.0,1.0,5.0,44.0
Naz Mitrou-Long,1628513,0.0,1.0,1.0,0.0,0.0,0.0,0.0,0.0,0.0,0.0,0.0,0.0,0.0,0.0,0.0,0.0,0.0,3.0,0.0,1.0
Naz Reid,1629675,5.0,2.0,9.0,8.0,8.0,0.0,0.0,0.0,0.0,2.0,0.0,0.0,0.0,0.0,0.0,0.0,0.0,1.0,9.0,58.0
Nemanja Bjelica,202357,13.0,13.0,45.0,27.0,20.0,7.0,0.0,2.0,0.0,30.0,0.0,1.0,1.0,0.0,0.0,0.0,0.0,7.0,40.0,107.0
Nerlens Noel,203457,1.0,0.0,0.0,0.0,0.0,0.0,0.0,0.0,0.0,0.0,0.0,1.0,0.0,0.0,0.0,1.0,5.0,7.0,19.0,140.0
Nickeil Alexander-Walker,1629638,3.0,5.0,9.0,15.0,8.0,0.0,0.0,0.0,0.0,5.0,0.0,0.0,1.0,0.0,1.0,0.0,1.0,2.0,7.0,24.0
Nicolas Batum,201587,3.0,3.0,3.0,4.0,1.0,0.0,0.0,0.0,0.0,2.0,0.0,0.0,0.0,0.0,0.0,0.0,1.0,1.0,1.0,11.0
Nicolas Claxton,1629651,0.0,0.0,0.0,1.0,0.0,0.0,0.0,0.0,0.0,0.0,0.0,0.0,1.0,0.0,0.0,0.0,0.0,0.0,4.0,21.0
Nicolo Melli,1629740,6.0,9.0,23.0,16.0,10.0,1.0,0.0,0.0,1.0,13.0,0.0,3.0,2.0,0.0,0.0,0.0,3.0,5.0,8.0,34.0
Nigel Williams-Goss,1628430,0.0,0.0,0.0,0.0,0.0,0.0,0.0,0.0,0.0,0.0,0.0,0.0,1.0,0.0,0.0,0.0,0.0,0.0,0.0,0.0
Nikola Jokic,203999,3.0,1.0,21.0,14.0,30.0,1.0,0.0,7.0,7.0,14.0,1.0,25.0,13.0,5.0,6.0,0.0,16.0,29.0,131.0,193.0
Nikola Vucevic,202696,3.0,3.0,29.0,12.0,35.0,0.0,0.0,2.0,4.0,16.0,4.0,11.0,10.0,4.0,4.0,0.0,10.0,32.0,86.0,174.0
Noah Vonleh,203943,0.0,1.0,0.0,1.0,1.0,0.0,0.0,0.0,0.0,0.0,0.0,0.0,1.0,0.0,0.0,0.0,0.0,0.0,9.0,37.0
Norman Powell,1626181,22.0,12.0,23.0,20.0,16.0,1.0,0.0,2.0,3.0,11.0,0.0,1.0,0.0,1.0,1.0,0.0,2.0,4.0,17.0,132.0
Norvel Pelle,203658,0.0,0.0,0.0,0.0,0.0,0.0,0.0,0.0,0.0,0.0,0.0,0.0,0.0,0.0,0.0,0.0,0.0,0.0,1.0,17.0
OG Anunoby,1628384,20.0,22.0,17.0,15.0,7.0,1.0,0.0,0.0,1.0,8.0,0.0,1.0,0.0,0.0,0.0,0.0,2.0,2.0,8.0,171.0
Omari Spellman,1629016,8.0,3.0,17.0,8.0,7.0,0.0,0.0,3.0,4.0,11.0,0.0,0.0,4.0,2.0,3.0,0.0,0.0,6.0,7.0,52.0
Oshae Brissett,1629052,1.0,1.0,1.0,0.0,0.0,0.0,0.0,0.0,0.0,0.0,0.0,0.0,0.0,0.0,0.0,0.0,0.0,0.0,0.0,10.0
Otto Porter Jr.,203490,3.0,3.0,7.0,7.0,4.0,0.0,0.0,0.0,0.0,2.0,1.0,0.0,0.0,1.0,3.0,0.0,2.0,4.0,15.0,11.0
P.J. Tucker,200782,41.0,39.0,6.0,4.0,5.0,0.0,0.0,2.0,1.0,8.0,0.0,2.0,1.0,0.0,0.0,0.0,0.0,4.0,12.0,42.0
P.J. Washington,1629023,21.0,11.0,24.0,12.0,18.0,0.0,0.0,0.0,2.0,9.0,0.0,1.0,0.0,0.0,0.0,1.0,0.0,2.0,40.0,135.0
PJ Dozier,1628408,0.0,0.0,3.0,3.0,1.0,0.0,0.0,0.0,0.0,0.0,0.0,1.0,2.0,1.0,0.0,0.0,2.0,5.0,4.0,13.0
Pascal Siakam,1627783,13.0,16.0,33.0,33.0,17.0,3.0,0.0,2.0,2.0,25.0,3.0,13.0,2.0,1.0,4.0,1.0,10.0,11.0,62.0,229.0
Pat Connaughton,1626192,1.0,5.0,15.0,11.0,11.0,1.0,0.0,0.0,0.0,5.0,0.0,0.0,0.0,0.0,0.0,0.0,0.0,0.0,3.0,72.0
Patrick Beverley,201976,14.0,13.0,23.0,20.0,5.0,0.0,0.0,0.0,0.0,14.0,0.0,0.0,1.0,0.0,0.0,0.0,1.0,2.0,19.0,41.0
Patrick McCaw,1627775,4.0,7.0,5.0,5.0,1.0,0.0,0.0,1.0,4.0,4.0,0.0,1.0,2.0,0.0,0.0,0.0,0.0,1.0,4.0,32.0
Patrick Patterson,202335,12.0,11.0,8.0,17.0,7.0,0.0,0.0,0.0,0.0,3.0,0.0,0.0,1.0,0.0,0.0,0.0,1.0,1.0,5.0,12.0
Patty Mills,201988,25.0,12.0,43.0,33.0,35.0,0.0,0.0,1.0,2.0,25.0,0.0,4.0,1.0,0.0,3.0,1.0,19.0,5.0,4.0,53.0
Paul George,202331,16.0,16.0,30.0,42.0,29.0,0.0,0.0,3.0,2.0,18.0,1.0,3.0,10.0,1.0,8.0,0.0,16.0,11.0,24.0,71.0
Paul Millsap,200794,5.0,8.0,13.0,11.0,10.0,0.0,0.0,1.0,3.0,7.0,1.0,7.0,6.0,0.0,0.0,0.0,0.0,6.0,22.0,95.0
Quinn Cook,1626188,6.0,1.0,4.0,8.0,6.0,0.0,0.0,0.0,0.0,5.0,0.0,2.0,0.0,3.0,3.0,1.0,4.0,4.0,7.0,22.0
RJ Barrett,1629628,15.0,9.0,12.0,16.0,11.0,0.0,0.0,1.0,2.0,7.0,0.0,3.0,0.0,2.0,4.0,0.0,7.0,8.0,27.0,172.0
Rajon Rondo,200765,3.0,6.0,18.0,7.0,6.0,1.0,0.0,0.0,0.0,12.0,0.0,3.0,0.0,0.0,1.0,0.0,6.0,6.0,9.0,69.0
Raul Neto,203526,3.0,1.0,13.0,7.0,4.0,0.0,0.0,0.0,0.0,8.0,0.0,0.0,0.0,1.0,1.0,0.0,3.0,3.0,6.0,36.0
Rayjon Tucker,1629730,0.0,0.0,0.0,0.0,0.0,0.0,0.0,0.0,0.0,0.0,0.0,0.0,1.0,0.0,0.0,0.0,0.0,1.0,1.0,5.0
Reggie Bullock,203493,4.0,5.0,7.0,16.0,5.0,0.0,0.0,0.0,1.0,5.0,0.0,0.0,0.0,0.0,3.0,2.0,7.0,7.0,2.0,25.0
Reggie Jackson,202704,5.0,3.0,14.0,15.0,6.0,2.0,0.0,0.0,0.0,4.0,0.0,2.0,0.0,2.0,0.0,0.0,1.0,7.0,18.0,32.0
Richaun Holmes,1626158,0.0,0.0,0.0,0.0,0.0,0.0,0.0,0.0,0.0,0.0,0.0,3.0,2.0,0.0,1.0,0.0,2.0,24.0,30.0,148.0
Ricky Rubio,201937,18.0,4.0,25.0,10.0,8.0,0.0,0.0,5.0,1.0,15.0,1.0,17.0,4.0,15.0,6.0,1.0,14.0,13.0,18.0,85.0
Robert Covington,203496,8.0,13.0,34.0,50.0,39.0,4.0,0.0,0.0,0.0,13.0,0.0,2.0,1.0,1.0,1.0,1.0,1.0,1.0,20.0,102.0
Robert Williams III,1629057,0.0,0.0,0.0,0.0,0.0,0.0,0.0,0.0,0.0,0.0,0.0,1.0,0.0,0.0,0.0,0.0,1.0,0.0,2.0,38.0
Robin Lopez,201577,7.0,12.0,10.0,0.0,4.0,0.0,0.0,0.0,0.0,3.0,0.0,0.0,4.0,0.0,0.0,0.0,1.0,7.0,38.0,53.0
Rodions Kurucs,1629066,4.0,1.0,8.0,7.0,5.0,0.0,0.0,0.0,0.0,5.0,0.0,0.0,0.0,0.0,0.0,0.0,0.0,0.0,1.0,34.0
Rodney Hood,203918,7.0,8.0,9.0,7.0,3.0,0.0,0.0,1.0,6.0,5.0,0.0,2.0,3.0,1.0,1.0,1.0,3.0,9.0,8.0,16.0
Rodney McGruder,203585,4.0,5.0,7.0,5.0,1.0,0.0,0.0,0.0,0.0,5.0,0.0,0.0,1.0,0.0,0.0,0.0,0.0,4.0,15.0,19.0
Romeo Langford,1629641,2.0,1.0,1.0,1.0,0.0,0.0,0.0,0.0,0.0,1.0,0.0,0.0,1.0,0.0,0.0,0.0,1.0,1.0,3.0,13.0
Rondae Hollis-Jefferson,1626178,0.0,0.0,1.0,0.0,1.0,0.0,0.0,0.0,0.0,1.0,0.0,1.0,6.0,1.0,1.0,0.0,0.0,2.0,7.0,119.0
Royce O'Neale,1626220,14.0,17.0,25.0,19.0,7.0,0.0,0.0,0.0,0.0,15.0,1.0,0.0,0.0,1.0,0.0,0.0,1.0,0.0,7.0,49.0
Rudy Gay,200752,8.0,9.0,13.0,20.0,7.0,1.0,0.0,3.0,1.0,10.0,1.0,16.0,12.0,1.0,2.0,1.0,14.0,23.0,22.0,64.0
Rudy Gobert,203497,0.0,0.0,0.0,0.0,0.0,0.0,0.0,0.0,0.0,0.0,0.0,0.0,0.0,0.0,0.0,0.0,0.0,0.0,16.0,337.0
Rui Hachimura,1629060,3.0,3.0,8.0,4.0,1.0,0.0,0.0,2.0,2.0,12.0,0.0,4.0,6.0,5.0,2.0,0.0,10.0,16.0,16.0,129.0
Russell Westbrook,201566,6.0,4.0,14.0,23.0,3.0,0.0,1.0,7.0,6.0,15.0,2.0,20.0,7.0,19.0,12.0,2.0,19.0,33.0,34.0,340.0
Ryan Anderson,201583,0.0,0.0,1.0,0.0,0.0,0.0,0.0,0.0,0.0,0.0,0.0,0.0,0.0,0.0,0.0,0.0,0.0,1.0,0.0,0.0
Ryan Arcidiacono,1627853,9.0,10.0,19.0,13.0,3.0,0.0,0.0,0.0,0.0,7.0,0.0,3.0,1.0,0.0,0.0,0.0,2.0,3.0,6.0,21.0
Ryan Broekhoff,1629151,3.0,3.0,5.0,7.0,2.0,0.0,0.0,0.0,0.0,3.0,0.0,0.0,0.0,0.0,0.0,0.0,0.0,0.0,1.0,1.0
Sekou Doumbouya,1629635,5.0,6.0,2.0,12.0,3.0,0.0,0.0,0.0,0.0,3.0,0.0,0.0,1.0,0.0,0.0,0.0,1.0,1.0,7.0,53.0
Semi Ojeleye,1628400,11.0,9.0,6.0,8.0,2.0,0.0,0.0,4.0,0.0,2.0,0.0,0.0,0.0,0.0,0.0,0.0,0.0,0.0,6.0,17.0
Serge Ibaka,201586,3.0,2.0,20.0,20.0,21.0,0.0,0.0,0.0,1.0,13.0,1.0,11.0,8.0,4.0,6.0,0.0,13.0,12.0,65.0,129.0
Seth Curry,203552,8.0,17.0,46.0,50.0,12.0,3.0,0.0,0.0,6.0,30.0,1.0,5.0,13.0,5.0,4.0,1.0,7.0,12.0,25.0,39.0
Shabazz Napier,203894,3.0,1.0,37.0,15.0,15.0,0.0,0.0,0.0,0.0,17.0,0.0,1.0,0.0,0.0,2.0,1.0,9.0,9.0,4.0,68.0
Shai Gilgeous-Alexander,1628983,7.0,6.0,27.0,23.0,15.0,0.0,0.0,3.0,0.0,17.0,0.0,9.0,4.0,6.0,6.0,0.0,19.0,49.0,68.0,193.0
Shake Milton,1629003,6.0,4.0,16.0,16.0,4.0,2.0,0.0,0.0,0.0,10.0,0.0,1.0,0.0,2.0,0.0,0.0,1.0,6.0,6.0,43.0
Shamorie Ponds,1629044,0.0,0.0,1.0,0.0,0.0,0.0,0.0,0.0,0.0,1.0,0.0,0.0,0.0,0.0,0.0,0.0,0.0,0.0,0.0,2.0
Shaquille Harrison,1627885,4.0,2.0,5.0,4.0,0.0,0.0,0.0,0.0,0.0,2.0,0.0,2.0,0.0,0.0,0.0,0.0,0.0,2.0,8.0,49.0
Skal Labissiere,1627746,0.0,0.0,0.0,0.0,3.0,0.0,0.0,1.0,0.0,1.0,0.0,2.0,2.0,2.0,3.0,0.0,4.0,9.0,14.0,40.0
Solomon Hill,203524,10.0,10.0,24.0,5.0,9.0,1.0,0.0,1.0,0.0,13.0,0.0,1.0,0.0,0.0,1.0,0.0,2.0,3.0,10.0,20.0
Spencer Dinwiddie,203915,6.0,12.0,39.0,39.0,25.0,2.0,0.0,0.0,2.0,18.0,0.0,3.0,6.0,5.0,1.0,0.0,3.0,11.0,45.0,223.0
Stanley Johnson,1626169,0.0,0.0,1.0,0.0,1.0,0.0,0.0,0.0,0.0,2.0,0.0,0.0,0.0,0.0,0.0,0.0,0.0,0.0,0.0,5.0
Stephen Curry,201939,1.0,1.0,3.0,3.0,1.0,3.0,0.0,1.0,0.0,3.0,0.0,0.0,0.0,0.0,1.0,1.0,1.0,2.0,1.0,12.0
Sterling Brown,1628425,11.0,5.0,11.0,6.0,3.0,0.0,0.0,0.0,0.0,7.0,0.0,1.0,2.0,0.0,1.0,0.0,0.0,3.0,5.0,32.0
Steven Adams,203500,0.0,0.0,0.0,0.0,0.0,0.0,1.0,0.0,0.0,0.0,0.0,0.0,2.0,0.0,1.0,0.0,0.0,17.0,58.0,183.0
Svi Mykhailiuk,1629004,21.0,8.0,37.0,32.0,16.0,0.0,1.0,0.0,0.0,19.0,0.0,0.0,0.0,0.0,0.0,0.0,0.0,1.0,4.0,44.0
T.J. McConnell,204456,0.0,2.0,1.0,1.0,1.0,0.0,0.0,1.0,3.0,1.0,0.0,2.0,18.0,2.0,11.0,1.0,4.0,23.0,36.0,80.0
T.J. Warren,203933,30.0,9.0,18.0,8.0,4.0,0.0,0.0,5.0,1.0,17.0,1.0,25.0,10.0,10.0,10.0,0.0,24.0,47.0,56.0,193.0
TJ Leaf,1628388,1.0,1.0,0.0,1.0,2.0,0.0,0.0,0.0,0.0,0.0,0.0,0.0,1.0,0.0,0.0,0.0,0.0,0.0,3.0,21.0
Tacko Fall,1629605,0.0,0.0,0.0,0.0,0.0,0.0,0.0,0.0,0.0,0.0,0.0,0.0,0.0,0.0,0.0,0.0,0.0,0.0,2.0,7.0
Taj Gibson,201959,1.0,1.0,2.0,0.0,0.0,0.0,0.0,1.0,1.0,3.0,0.0,2.0,2.0,0.0,2.0,0.0,11.0,7.0,12.0,120.0
Tariq Owens,1629745,0.0,0.0,0.0,0.0,0.0,0.0,0.0,0.0,0.0,0.0,0.0,0.0,0.0,0.0,0.0,0.0,0.0,0.0,0.0,1.0
Taurean Prince,1627752,20.0,24.0,35.0,38.0,26.0,1.0,0.0,4.0,2.0,21.0,1.0,2.0,3.0,0.0,1.0,0.0,7.0,12.0,20.0,81.0
Terance Mann,1629611,0.0,2.0,1.0,0.0,0.0,0.0,0.0,0.0,0.0,1.0,0.0,0.0,0.0,0.0,0.0,0.0,0.0,2.0,3.0,14.0
Terence Davis,1629056,11.0,16.0,26.0,20.0,15.0,0.0,0.0,0.0,0.0,17.0,0.0,0.0,1.0,0.0,0.0,0.0,0.0,1.0,5.0,86.0
Terrance Ferguson,1628390,11.0,11.0,7.0,10.0,5.0,1.0,0.0,0.0,1.0,4.0,0.0,0.0,1.0,0.0,0.0,2.0,3.0,1.0,0.0,20.0
Terrence Ross,203082,12.0,5.0,48.0,59.0,35.0,2.0,0.0,3.0,1.0,19.0,2.0,3.0,2.0,3.0,8.0,2.0,27.0,21.0,16.0,57.0
Terry Rozier,1626179,23.0,14.0,58.0,56.0,19.0,2.0,0.0,1.0,1.0,37.0,1.0,6.0,5.0,1.0,5.0,2.0,13.0,26.0,34.0,125.0
Thabo Sefolosha,200757,5.0,5.0,1.0,3.0,1.0,0.0,0.0,0.0,1.0,0.0,0.0,0.0,0.0,0.0,0.0,0.0,0.0,1.0,0.0,20.0
Thaddeus Young,201152,29.0,6.0,19.0,14.0,11.0,0.0,0.0,1.0,0.0,9.0,1.0,3.0,0.0,0.0,2.0,0.0,2.0,4.0,47.0,130.0
Thanasis Antetokounmpo,203648,0.0,0.0,0.0,0.0,0.0,0.0,0.0,0.0,0.0,0.0,0.0,0.0,0.0,0.0,0.0,0.0,0.0,2.0,0.0,17.0
Theo Pinson,1629033,0.0,1.0,6.0,4.0,4.0,0.0,0.0,0.0,0.0,1.0,0.0,0.0,0.0,0.0,0.0,0.0,1.0,1.0,2.0,26.0
Thomas Bryant,1628418,1.0,1.0,4.0,6.0,10.0,0.0,0.0,3.0,1.0,3.0,0.0,4.0,6.0,2.0,2.0,0.0,9.0,5.0,10.0,116.0
Thon Maker,1627748,5.0,5.0,3.0,8.0,1.0,0.0,0.0,1.0,0.0,3.0,0.0,2.0,1.0,1.0,1.0,0.0,0.0,3.0,11.0,50.0
Tim Frazier,204025,0.0,3.0,3.0,3.0,1.0,0.0,0.0,0.0,0.0,4.0,0.0,2.0,1.0,1.0,0.0,0.0,4.0,1.0,3.0,11.0
Tim Hardaway Jr.,203501,19.0,35.0,37.0,66.0,27.0,0.0,0.0,3.0,4.0,20.0,0.0,3.0,8.0,4.0,9.0,1.0,17.0,13.0,23.0,71.0
Timothe Luwawu-Cabarrot,1627789,8.0,12.0,5.0,7.0,7.0,0.0,0.0,0.0,0.0,3.0,0.0,0.0,0.0,0.0,1.0,0.0,0.0,1.0,2.0,34.0
Tobias Harris,202699,15.0,13.0,37.0,28.0,23.0,1.0,0.0,3.0,0.0,24.0,0.0,11.0,12.0,10.0,8.0,0.0,15.0,52.0,85.0,174.0
Tomas Satoransky,203107,14.0,8.0,19.0,11.0,11.0,0.0,0.0,0.0,1.0,3.0,1.0,2.0,3.0,0.0,2.0,0.0,5.0,19.0,37.0,104.0
Tony Bradley,1628396,0.0,0.0,0.0,0.0,1.0,0.0,0.0,0.0,0.0,0.0,0.0,0.0,0.0,0.0,0.0,0.0,0.0,1.0,11.0,90.0
Tony Snell,203503,19.0,23.0,29.0,20.0,11.0,0.0,0.0,3.0,3.0,22.0,1.0,1.0,2.0,0.0,0.0,0.0,1.0,6.0,14.0,34.0
Torrey Craig,1628470,9.0,4.0,12.0,7.0,4.0,0.0,0.0,1.0,0.0,9.0,1.0,0.0,0.0,0.0,0.0,1.0,0.0,1.0,2.0,54.0
Trae Young,1629027,4.0,9.0,51.0,50.0,50.0,31.0,10.0,0.0,2.0,24.0,0.0,1.0,6.0,1.0,4.0,2.0,21.0,75.0,67.0,155.0
Tremont Waters,1629682,0.0,0.0,0.0,2.0,1.0,0.0,0.0,1.0,0.0,1.0,0.0,0.0,0.0,0.0,0.0,0.0,0.0,0.0,1.0,6.0
Treveon Graham,1626203,3.0,5.0,10.0,14.0,1.0,0.0,0.0,0.0,0.0,7.0,0.0,1.0,1.0,0.0,0.0,0.0,0.0,2.0,15.0,35.0
Trevor Ariza,2772,15.0,17.0,18.0,20.0,7.0,0.0,0.0,0.0,0.0,10.0,0.0,0.0,0.0,0.0,0.0,0.0,0.0,0.0,4.0,61.0
Trey Burke,203504,1.0,3.0,4.0,4.0,4.0,0.0,0.0,0.0,0.0,2.0,0.0,1.0,2.0,1.0,2.0,0.0,8.0,4.0,3.0,22.0
Trey Lyles,1626168,10.0,13.0,18.0,14.0,9.0,1.0,0.0,0.0,1.0,7.0,0.0,2.0,2.0,1.0,1.0,0.0,6.0,7.0,8.0,59.0
Tristan Thompson,202684,0.0,1.0,1.0,1.0,4.0,2.0,0.0,0.0,0.0,1.0,0.0,2.0,5.0,0.0,1.0,0.0,1.0,6.0,76.0,188.0
Troy Brown Jr.,1628972,14.0,7.0,20.0,6.0,2.0,0.0,1.0,3.0,2.0,16.0,1.0,5.0,6.0,2.0,3.0,0.0,15.0,4.0,24.0,109.0
Troy Daniels,203584,7.0,6.0,10.0,12.0,5.0,0.0,0.0,1.0,0.0,7.0,0.0,2.0,0.0,0.0,1.0,0.0,0.0,4.0,5.0,8.0
Ty Jerome,1629660,2.0,1.0,3.0,6.0,1.0,0.0,0.0,0.0,0.0,1.0,0.0,0.0,0.0,1.0,0.0,0.0,1.0,7.0,6.0,9.0
Tyler Cook,1629076,0.0,0.0,0.0,0.0,0.0,0.0,0.0,0.0,0.0,0.0,0.0,1.0,0.0,0.0,0.0,0.0,0.0,0.0,1.0,5.0
Tyler Herro,1629639,7.0,12.0,30.0,27.0,23.0,0.0,0.0,7.0,5.0,21.0,0.0,7.0,4.0,4.0,4.0,3.0,10.0,19.0,13.0,39.0
Tyler Johnson,204020,3.0,4.0,9.0,6.0,2.0,0.0,0.0,0.0,0.0,8.0,0.0,4.0,3.0,1.0,1.0,0.0,2.0,3.0,5.0,17.0
Tyrone Wallace,1627820,0.0,0.0,0.0,0.0,1.0,0.0,0.0,0.0,0.0,0.0,0.0,0.0,0.0,0.0,0.0,0.0,0.0,2.0,0.0,11.0
Tyson Chandler,2199,0.0,0.0,0.0,0.0,0.0,0.0,0.0,0.0,0.0,0.0,0.0,0.0,0.0,0.0,0.0,0.0,0.0,0.0,0.0,14.0
Tyus Jones,1626145,6.0,5.0,17.0,11.0,7.0,1.0,0.0,1.0,1.0,11.0,2.0,2.0,4.0,4.0,9.0,0.0,4.0,34.0,34.0,52.0
Udonis Haslem,2617,0.0,0.0,0.0,0.0,0.0,0.0,0.0,0.0,0.0,0.0,0.0,0.0,0.0,0.0,0.0,0.0,0.0,0.0,1.0,0.0
Victor Oladipo,203506,1.0,0.0,4.0,7.0,8.0,1.0,0.0,0.0,1.0,2.0,0.0,1.0,2.0,1.0,2.0,1.0,5.0,4.0,4.0,19.0
Vince Carter,1713,8.0,5.0,19.0,17.0,12.0,0.0,0.0,1.0,0.0,12.0,0.0,3.0,4.0,2.0,3.0,1.0,3.0,6.0,11.0,11.0
Vincent Poirier,1629738,0.0,0.0,0.0,0.0,1.0,0.0,0.0,0.0,0.0,0.0,0.0,0.0,0.0,0.0,0.0,0.0,3.0,0.0,2.0,10.0
Vlatko Cancar,1628427,0.0,0.0,0.0,1.0,0.0,0.0,0.0,0.0,0.0,0.0,0.0,0.0,0.0,0.0,0.0,0.0,0.0,0.0,0.0,5.0
Wayne Ellington,201961,3.0,7.0,17.0,15.0,7.0,0.0,0.0,1.0,0.0,9.0,0.0,0.0,0.0,1.0,1.0,0.0,2.0,0.0,0.0,6.0
Wendell Carter Jr.,1628976,1.0,1.0,2.0,1.0,1.0,0.0,0.0,0.0,0.0,1.0,0.0,4.0,5.0,1.0,0.0,0.0,4.0,8.0,18.0,137.0
Wenyen Gabriel,1629117,3.0,1.0,1.0,0.0,1.0,0.0,0.0,0.0,0.0,0.0,0.0,0.0,1.0,0.0,0.0,0.0,0.0,0.0,0.0,13.0
Wes Iwundu,1628411,5.0,2.0,4.0,6.0,4.0,0.0,0.0,3.0,1.0,2.0,0.0,0.0,0.0,2.0,0.0,3.0,4.0,6.0,8.0,29.0
Wesley Matthews,202083,17.0,15.0,28.0,24.0,17.0,0.0,0.0,0.0,1.0,16.0,0.0,0.0,3.0,0.0,0.0,0.0,2.0,3.0,8.0,39.0
Will Barton,203115,13.0,7.0,24.0,29.0,33.0,0.0,1.0,0.0,2.0,18.0,0.0,3.0,4.0,5.0,5.0,0.0,11.0,17.0,29.0,142.0
Willie Cauley-Stein,1626161,0.0,0.0,0.0,0.0,0.0,0.0,0.0,0.0,0.0,0.0,0.0,1.0,4.0,0.0,2.0,0.0,4.0,5.0,21.0,138.0
Willy Hernangomez,1626195,1.0,0.0,2.0,1.0,1.0,0.0,0.0,0.0,0.0,0.0,0.0,0.0,1.0,0.0,0.0,1.0,0.0,4.0,11.0,52.0
Wilson Chandler,201163,5.0,7.0,3.0,15.0,7.0,0.0,0.0,1.0,0.0,2.0,0.0,0.0,0.0,1.0,2.0,0.0,1.0,1.0,15.0,15.0
Yogi Ferrell,1627812,4.0,3.0,5.0,4.0,3.0,0.0,0.0,0.0,2.0,7.0,0.0,0.0,1.0,1.0,6.0,0.0,9.0,11.0,1.0,12.0
Yuta Watanabe,1629139,1.0,0.0,1.0,1.0,0.0,0.0,0.0,0.0,0.0,1.0,0.0,0.0,0.0,0.0,0.0,0.0,1.0,0.0,1.0,7.0
Zach Collins,1628380,0.0,0.0,1.0,0.0,2.0,0.0,0.0,0.0,0.0,1.0,0.0,1.0,0.0,0.0,0.0,0.0,0.0,0.0,0.0,5.0
Zach LaVine,203897,27.0,14.0,55.0,46.0,36.0,6.0,0.0,7.0,3.0,28.0,0.0,3.0,2.0,3.0,5.0,5.0,15.0,7.0,7.0,289.0
Zach Norvell Jr.,1629668,0.0,0.0,1.0,2.0,0.0,0.0,0.0,0.0,0.0,1.0,0.0,0.0,0.0,0.0,0.0,0.0,0.0,0.0,0.0,0.0
Zhaire Smith,1629015,0.0,0.0,0.0,0.0,0.0,0.0,0.0,0.0,0.0,0.0,0.0,0.0,0.0,0.0,0.0,0.0,0.0,0.0,0.0,3.0
Zion Williamson,1629627,0.0,0.0,2.0,2.0,2.0,0.0,0.0,0.0,0.0,2.0,0.0,1.0,1.0,0.0,0.0,0.0,0.0,1.0,6.0,157.0
Zylan Cheatham,1629597,0.0,0.0,0.0,0.0,0.0,0.0,0.0,0.0,0.0,0.0,0.0,0.0,0.0,0.0,0.0,0.0,0.0,0.0,0.0,2.0
